transaction_id,payment_id,bank_reference,normalized_reference,bank_amount,payment_amount,match_status,reason
TXN0001,PAY0001,CMS/GW-188297/STRIPE/CUST0322,GW-188297,194659.82,194659.82,MATCHED,Bank reference and amount matched payment record.
TXN0002,PAY0002,CMS/GW-189691/RAZORPAY/CUST0274,GW-189691,16452.59,16452.59,MATCHED,Bank reference and amount matched payment record.
TXN0003,PAY0003,CMS/GW-297863/CASHFREE/CUST0022,GW-297863,41110.22,41110.22,MATCHED,Bank reference and amount matched payment record.
TXN0004,PAY0074,CMS/GW-103613/STRIPE/CUST0043,GW-103613,38215.48,38215.48,DUPLICATE_PAYMENT,Bank reference points to a payment already legitimately associated with another transaction.
TXN0005,PAY0005,CMS/GW-746923/PAYU/CUST0079,GW-746923,1616.7,1616.7,MATCHED,Bank reference and amount matched payment record.
TXN0006,PAY0006,CMS/GW-916889/RAZORPAY/CUST0062,GW-916889,69840.43,69840.43,MATCHED,Bank reference and amount matched payment record.
TXN0007,PAY0007,CMS/GW-285328/PAYU/CUST0116,GW-285328,187773.26,187773.26,MATCHED,Bank reference and amount matched payment record.
TXN0008,PAY0008,CMS/GW-976238/PAYU/CUST0210,GW-976238,168333.25,168333.25,MATCHED,Bank reference and amount matched payment record.
TXN0009,PAY0009,CMS/GW-763949/CASHFREE/CUST0075,GW-763949,32890.57,32890.57,MATCHED,Bank reference and amount matched payment record.
TXN0010,PAY0010,CMS/GW-779713/PAYU/CUST0049,GW-779713,10973.57,21947.13,AMOUNT_MISMATCH,Bank reference matched a payment candidate but amounts differ.
TXN0011,PAY0011,CMS/GW-112324/PAYU/CUST0287,GW-112324,179950.63,179950.63,MATCHED,Bank reference and amount matched payment record.
TXN0012,PAY0012,CMS/GW-200236/RAZORPAY/CUST0010,GW-200236,17456.51,17456.51,MATCHED,Bank reference and amount matched payment record.
TXN0013,PAY0013,CMS/GW-384032/RAZORPAY/CUST0311,GW-384032,6685.64,6685.64,MATCHED,Bank reference and amount matched payment record.
TXN0014,PAY0014,CMS/GW-239706/CASHFREE/CUST0340,GW-239706,39044.23,39044.23,MATCHED,Bank reference and amount matched payment record.
TXN0015,PAY0015,CMS/GW-606039/PAYU/CUST0189,GW-606039,86502.52,86502.52,MATCHED,Bank reference and amount matched payment record.
TXN0016,PAY0016,CMS/GW-738955/RAZORPAY/CUST0174,GW-738955,171118.82,171118.82,MATCHED,Bank reference and amount matched payment record.
TXN0017,PAY0017,CMS/GW-481415/PAYU/CUST0220,GW-481415,173094.18,173094.18,MATCHED,Bank reference and amount matched payment record.
TXN0018,PAY0018,CMS/GW-393986/RAZORPAY/CUST0283,GW-393986,3779.34,3779.34,MATCHED,Bank reference and amount matched payment record.
TXN0019,PAY0186,CMS/GW-297042/PAYU/CUST0061,GW-297042,15581.54,15581.54,DUPLICATE_PAYMENT,Bank reference points to a payment already legitimately associated with another transaction.
TXN0020,PAY0020,CMS/GW-714475/PAYU/CUST0383,GW-714475,4550.59,4550.59,MATCHED,Bank reference and amount matched payment record.
TXN0021,PAY0021,CMS/GW-266213/PAYU/CUST0217,GW-266213,159394.71,159394.71,MATCHED,Bank reference and amount matched payment record.
TXN0022,PAY0022,CMS/GW-849528/PAYU/CUST0323,GW-849528,3229.74,3229.74,MATCHED,Bank reference and amount matched payment record.
TXN0023,PAY0023,CMS/GW-517649/PAYU/CUST0222,GW-517649,60650.6,60650.6,MATCHED,Bank reference and amount matched payment record.
TXN0024,PAY0024,CMS/GW-891576/PAYU/CUST0250,GW-891576,4069.99,4069.99,MATCHED,Bank reference and amount matched payment record.
TXN0025,PAY0025,CMS/GW-691793/CASHFREE/CUST0280,GW-691793,4758.83,4758.83,MATCHED,Bank reference and amount matched payment record.
TXN0026,PAY0026,CMS/GW-885310/RAZORPAY/CUST0012,GW-885310,30052.23,30052.23,MATCHED,Bank reference and amount matched payment record.
TXN0027,PAY0027,CMS/GW-539214/PAYU/CUST0079,GW-539214,19339.28,19339.28,MATCHED,Bank reference and amount matched payment record.
TXN0028,PAY0028,CMS/GW-655260/RAZORPAY/CUST0394,GW-655260,12632.38,12632.38,MATCHED,Bank reference and amount matched payment record.
TXN0029,PAY0029,CMS/GW-944984/PAYU/CUST0393,GW-944984,3111.55,3111.55,MATCHED,Bank reference and amount matched payment record.
TXN0030,PAY0030,CMS/GW-650210/STRIPE/CUST0414,GW-650210,4123.39,4123.39,MATCHED,Bank reference and amount matched payment record.
TXN0031,PAY0031,CMS/GW-981743/CASHFREE/CUST0112,GW-981743,4113.83,4113.83,MATCHED,Bank reference and amount matched payment record.
TXN0032,PAY0032,CMS/GW-674046/STRIPE/CUST0087,GW-674046,58976.08,58976.08,MATCHED,Bank reference and amount matched payment record.
TXN0033,PAY0033,CMS/GW-279907/STRIPE/CUST0275,GW-279907,146705.82,146705.82,MATCHED,Bank reference and amount matched payment record.
TXN0034,PAY0034,CMS/GW-962732/STRIPE/CUST0143,GW-962732,6848.31,6848.31,MATCHED,Bank reference and amount matched payment record.
TXN0035,PAY0035,CMS/GW-637197/PAYU/CUST0282,GW-637197,139762.26,139762.26,MATCHED,Bank reference and amount matched payment record.
TXN0036,PAY0036,CMS/GW-129939/RAZORPAY/CUST0060,GW-129939,16883.21,16893.21,AMOUNT_MISMATCH,Bank reference matched a payment candidate but amounts differ.
TXN0037,PAY0037,CMS/GW-254804/PAYU/CUST0242,GW-254804,4795.26,4795.26,MATCHED,Bank reference and amount matched payment record.
TXN0038,PAY0038,CMS/GW-387007/CASHFREE/CUST0196,GW-387007,179833.65,179833.65,MATCHED,Bank reference and amount matched payment record.
TXN0039,PAY0039,CMS/GW-833011/STRIPE/CUST0379,GW-833011,2612.75,2612.75,MATCHED,Bank reference and amount matched payment record.
TXN0040,PAY0040,CMS/GW-827299/CASHFREE/CUST0410,GW-827299,60449.68,60449.68,MATCHED,Bank reference and amount matched payment record.
TXN0041,PAY0041,CMS/GW-767277/CASHFREE/CUST0261,GW-767277,21495.63,21495.63,MATCHED,Bank reference and amount matched payment record.
TXN0042,PAY0042,CMS/GW-972078/PAYU/CUST0264,GW-972078,79121.27,79121.27,MATCHED,Bank reference and amount matched payment record.
TXN0043,PAY0043,CMS/GW-212187/RAZORPAY/CUST0270,GW-212187,176041.58,176041.58,MATCHED,Bank reference and amount matched payment record.
TXN0044,PAY0044,CMS/GW-516855/STRIPE/CUST0202,GW-516855,2459.51,2459.51,MATCHED,Bank reference and amount matched payment record.
TXN0045,PAY0045,CMS/GW-204379/CASHFREE/CUST0121,GW-204379,6934.26,6934.26,MATCHED,Bank reference and amount matched payment record.
TXN0046,PAY0046,CMS/GW-890193/CASHFREE/CUST0093,GW-890193,2058.94,2058.94,MATCHED,Bank reference and amount matched payment record.
TXN0047,PAY0047,CMS/GW-548947/STRIPE/CUST0449,GW-548947,2740.43,2740.43,MATCHED,Bank reference and amount matched payment record.
TXN0048,PAY0048,CMS/GW-482619/STRIPE/CUST0180,GW-482619,110975.23,110975.23,MATCHED,Bank reference and amount matched payment record.
TXN0049,PAY0049,CMS/GW-682503/RAZORPAY/CUST0440,GW-682503,101753.71,101753.71,MATCHED,Bank reference and amount matched payment record.
TXN0050,PAY0050,CMS/GW-215681/PAYU/CUST0437,GW-215681,57481.25,57481.25,MATCHED,Bank reference and amount matched payment record.
TXN0051,PAY0051,CMS/GW-490729/RAZORPAY/CUST0163,GW-490729,135412.14,135412.14,MATCHED,Bank reference and amount matched payment record.
TXN0052,PAY0052,CMS/GW-732490/RAZORPAY/CUST0008,GW-732490,81202.44,81202.44,MATCHED,Bank reference and amount matched payment record.
TXN0053,PAY0053,CMS/GW-339996/RAZORPAY/CUST0222,GW-339996,22295.29,22295.29,MATCHED,Bank reference and amount matched payment record.
TXN0054,PAY0054,CMS/GW-828496/RAZORPAY/CUST0347,GW-828496,92971.23,92971.23,MATCHED,Bank reference and amount matched payment record.
TXN0055,PAY0055,CMS/GW-534795/RAZORPAY/CUST0226,GW-534795,190671.09,190671.09,MATCHED,Bank reference and amount matched payment record.
TXN0056,PAY0056,CMS/GW-916072/PAYU/CUST0025,GW-916072,13251.73,13251.73,MATCHED,Bank reference and amount matched payment record.
TXN0057,PAY0057,CMS/GW-302713/RAZORPAY/CUST0494,GW-302713,33757.57,33757.57,MATCHED,Bank reference and amount matched payment record.
TXN0058,PAY0058,CMS/GW-418384/RAZORPAY/CUST0496,GW-418384,40204.74,40204.74,MATCHED,Bank reference and amount matched payment record.
TXN0059,PAY0059,CMS/GW-296780/STRIPE/CUST0179,GW-296780,126841.45,126841.45,MATCHED,Bank reference and amount matched payment record.
TXN0060,PAY0060,CMS/GW-596758/PAYU/CUST0305,GW-596758,68899.66,68899.66,MATCHED,Bank reference and amount matched payment record.
TXN0061,PAY0061,CMS/GW-413148/PAYU/CUST0202,GW-413148,129725.17,129725.17,MATCHED,Bank reference and amount matched payment record.
TXN0062,PAY0062,CMS/GW-198335/PAYU/CUST0047,GW-198335,1411.56,1411.56,MATCHED,Bank reference and amount matched payment record.
TXN0063,PAY0063,CMS/GW-165317/CASHFREE/CUST0382,GW-165317,139076.6,139076.6,MATCHED,Bank reference and amount matched payment record.
TXN0064,PAY0064,CMS/GW-595360/RAZORPAY/CUST0276,GW-595360,3414.54,3414.54,MATCHED,Bank reference and amount matched payment record.
TXN0065,PAY0065,CMS/GW-875951/RAZORPAY/CUST0136,GW-875951,2402.03,2402.03,MATCHED,Bank reference and amount matched payment record.
TXN0066,PAY0066,CMS/GW-515803/RAZORPAY/CUST0360,GW-515803,178538.03,178538.03,MATCHED,Bank reference and amount matched payment record.
TXN0067,PAY0067,CMS/GW-295695/PAYU/CUST0366,GW-295695,19807.39,19807.39,MATCHED,Bank reference and amount matched payment record.
TXN0068,PAY0068,CMS/GW-761440/RAZORPAY/CUST0397,GW-761440,50006.63,50006.63,MATCHED,Bank reference and amount matched payment record.
TXN0069,PAY0069,CMS/GW-646912/RAZORPAY/CUST0456,GW-646912,30032.98,30032.98,MATCHED,Bank reference and amount matched payment record.
TXN0070,PAY0070,CMS/GW-582140/PAYU/CUST0136,GW-582140,75070.87,75070.87,MATCHED,Bank reference and amount matched payment record.
TXN0071,PAY0071,CMS/GW-172888/RAZORPAY/CUST0005,GW-172888,4834.33,4834.33,MATCHED,Bank reference and amount matched payment record.
TXN0072,PAY0072,CMS/GW-616686/STRIPE/CUST0068,GW-616686,2702.94,2702.94,MATCHED,Bank reference and amount matched payment record.
TXN0073,PAY0073,CMS/GW-995013/CASHFREE/CUST0017,GW-995013,1903.02,1903.02,MATCHED,Bank reference and amount matched payment record.
TXN0074,PAY0074,CMS/GW-103613/STRIPE/CUST0043,GW-103613,38215.48,38215.48,MATCHED,Bank reference and amount matched payment record.
TXN0075,PAY0075,CMS/GW-245017/RAZORPAY/CUST0387,GW-245017,14850.9,14850.9,MATCHED,Bank reference and amount matched payment record.
TXN0076,PAY0076,CMS/GW-313679/STRIPE/CUST0398,GW-313679,22310.14,22310.14,MATCHED,Bank reference and amount matched payment record.
TXN0077,PAY0077,CMS/GW-124276/CASHFREE/CUST0250,GW-124276,2804.91,2804.91,MATCHED,Bank reference and amount matched payment record.
TXN0078,PAY0280,CMS/GW-439293/STRIPE/CUST0462,GW-439293,4017.37,4017.37,DUPLICATE_PAYMENT,Bank reference points to a payment already legitimately associated with another transaction.
TXN0079,PAY0079,CMS/GW-335075/PAYU/CUST0281,GW-335075,14103.78,14103.78,MATCHED,Bank reference and amount matched payment record.
TXN0080,PAY0080,CMS/GW-128322/STRIPE/CUST0440,GW-128322,64327.38,64327.38,MATCHED,Bank reference and amount matched payment record.
TXN0081,PAY0081,CMS/GW-163143/CASHFREE/CUST0115,GW-163143,62548.67,62548.67,MATCHED,Bank reference and amount matched payment record.
TXN0082,PAY0082,CMS/GW-502758/STRIPE/CUST0063,GW-502758,15719.35,15719.35,MATCHED,Bank reference and amount matched payment record.
TXN0083,PAY0083,CMS/GW-299636/RAZORPAY/CUST0203,GW-299636,3393.32,3393.32,MATCHED,Bank reference and amount matched payment record.
TXN0084,PAY0084,CMS/GW-332215/PAYU/CUST0086,GW-332215,62932.36,62932.36,MATCHED,Bank reference and amount matched payment record.
TXN0085,PAY0085,CMS/GW-854214/STRIPE/CUST0441,GW-854214,795.78,795.78,MATCHED,Bank reference and amount matched payment record.
TXN0086,PAY0086,CMS/GW-671857/CASHFREE/CUST0391,GW-671857,1559.55,1559.55,MATCHED,Bank reference and amount matched payment record.
TXN0087,PAY0087,CMS/GW-471707/RAZORPAY/CUST0199,GW-471707,1375.02,1375.02,MATCHED,Bank reference and amount matched payment record.
TXN0088,PAY0088,CMS/GW-694962/RAZORPAY/CUST0140,GW-694962,9812.29,10012.54,AMOUNT_MISMATCH,Bank reference matched a payment candidate but amounts differ.
TXN0089,PAY0284,CMS/GW-989404/PAYU/CUST0385,GW-989404,65102.69,65102.69,DUPLICATE_PAYMENT,Bank reference points to a payment already legitimately associated with another transaction.
TXN0090,PAY0090,CMS/GW-368393/STRIPE/CUST0024,GW-368393,34425.9,34425.9,MATCHED,Bank reference and amount matched payment record.
TXN0091,PAY0091,CMS/GW-141422/CASHFREE/CUST0362,GW-141422,117251.06,117251.06,MATCHED,Bank reference and amount matched payment record.
TXN0092,PAY0092,CMS/GW-150416/CASHFREE/CUST0371,GW-150416,123740.45,123740.45,MATCHED,Bank reference and amount matched payment record.
TXN0093,PAY0093,CMS/GW-394994/CASHFREE/CUST0261,GW-394994,3207.22,3207.22,MATCHED,Bank reference and amount matched payment record.
TXN0094,PAY0366,CMS/GW-348981/CASHFREE/CUST0016,GW-348981,8836.65,8836.65,DUPLICATE_PAYMENT,Bank reference points to a payment already legitimately associated with another transaction.
TXN0095,PAY0095,CMS/GW-279225/CASHFREE/CUST0210,GW-279225,16244.75,16244.75,MATCHED,Bank reference and amount matched payment record.
TXN0096,PAY0096,CMS/GW-130880/RAZORPAY/CUST0372,GW-130880,142115.1,142115.1,MATCHED,Bank reference and amount matched payment record.
TXN0097,PAY0097,CMS/GW-427666/PAYU/CUST0437,GW-427666,17569.24,17569.24,MATCHED,Bank reference and amount matched payment record.
TXN0098,PAY0060,CMS/GW-596758/PAYU/CUST0305,GW-596758,68899.66,68899.66,DUPLICATE_PAYMENT,Bank reference points to a payment already legitimately associated with another transaction.
TXN0099,PAY0099,CMS/GW-563546/PAYU/CUST0243,GW-563546,6693.63,6693.63,MATCHED,Bank reference and amount matched payment record.
TXN0100,PAY0100,CMS/GW-634893/CASHFREE/CUST0273,GW-634893,95268.72,95268.72,MATCHED,Bank reference and amount matched payment record.
TXN0101,PAY0101,CMS/GW-797095/PAYU/CUST0113,GW-797095,112773.91,112773.91,MATCHED,Bank reference and amount matched payment record.
TXN0102,PAY0102,CMS/GW-611207/RAZORPAY/CUST0093,GW-611207,11725.04,11725.04,MATCHED,Bank reference and amount matched payment record.
TXN0103,PAY0103,CMS/GW-493009/PAYU/CUST0441,GW-493009,2422.4,2422.4,MATCHED,Bank reference and amount matched payment record.
TXN0104,PAY0104,CMS/GW-220842/PAYU/CUST0430,GW-220842,75463.93,75463.93,MATCHED,Bank reference and amount matched payment record.
TXN0105,PAY0105,CMS/GW-586817/STRIPE/CUST0411,GW-586817,4098.29,4098.29,MATCHED,Bank reference and amount matched payment record.
TXN0106,PAY0106,CMS/GW-497248/PAYU/CUST0037,GW-497248,70744.74,70744.74,MATCHED,Bank reference and amount matched payment record.
TXN0107,PAY0107,CMS/GW-699314/PAYU/CUST0381,GW-699314,17700.81,17700.81,MATCHED,Bank reference and amount matched payment record.
TXN0108,PAY0108,CMS/GW-287614/PAYU/CUST0329,GW-287614,19753.16,19753.16,MATCHED,Bank reference and amount matched payment record.
TXN0109,PAY0109,CMS/GW-381693/STRIPE/CUST0196,GW-381693,71978.75,71978.75,MATCHED,Bank reference and amount matched payment record.
TXN0110,PAY0146,CMS/GW-889126/PAYU/CUST0351,GW-889126,2074.17,2074.17,DUPLICATE_PAYMENT,Bank reference points to a payment already legitimately associated with another transaction.
TXN0111,PAY0111,CMS/GW-930441/CASHFREE/CUST0039,GW-930441,10234.06,10234.06,MATCHED,Bank reference and amount matched payment record.
TXN0112,PAY0112,CMS/GW-741777/CASHFREE/CUST0333,GW-741777,18158.5,18158.5,MATCHED,Bank reference and amount matched payment record.
TXN0113,PAY0113,CMS/GW-663719/RAZORPAY/CUST0236,GW-663719,142304.98,142304.98,MATCHED,Bank reference and amount matched payment record.
TXN0114,PAY0114,CMS/GW-209793/STRIPE/CUST0465,GW-209793,78881.25,78881.25,MATCHED,Bank reference and amount matched payment record.
TXN0115,PAY0115,CMS/GW-823405/STRIPE/CUST0207,GW-823405,772.26,772.26,MATCHED,Bank reference and amount matched payment record.
TXN0116,PAY0116,CMS/GW-947919/RAZORPAY/CUST0088,GW-947919,55135.07,55135.07,MATCHED,Bank reference and amount matched payment record.
TXN0117,PAY0117,CMS/GW-613757/RAZORPAY/CUST0033,GW-613757,148988.17,148988.17,MATCHED,Bank reference and amount matched payment record.
TXN0118,PAY0118,CMS/GW-612032/CASHFREE/CUST0211,GW-612032,12188.78,12188.78,MATCHED,Bank reference and amount matched payment record.
TXN0119,PAY0119,CMS/GW-526949/STRIPE/CUST0201,GW-526949,50045.43,50045.43,MATCHED,Bank reference and amount matched payment record.
TXN0120,PAY0120,CMS/GW-428003/RAZORPAY/CUST0291,GW-428003,172033.46,172033.46,MATCHED,Bank reference and amount matched payment record.
TXN0121,PAY0121,CMS/GW-740991/STRIPE/CUST0409,GW-740991,93334.99,93334.99,MATCHED,Bank reference and amount matched payment record.
TXN0122,PAY0122,CMS/GW-702987/PAYU/CUST0046,GW-702987,1914.57,1914.57,MATCHED,Bank reference and amount matched payment record.
TXN0123,PAY0123,CMS/GW-273348/RAZORPAY/CUST0208,GW-273348,14659.58,14659.58,MATCHED,Bank reference and amount matched payment record.
TXN0124,PAY0124,CMS/GW-699116/RAZORPAY/CUST0059,GW-699116,73099.46,73099.46,MATCHED,Bank reference and amount matched payment record.
TXN0125,PAY0125,CMS/GW-768402/RAZORPAY/CUST0425,GW-768402,8937.17,8937.17,MATCHED,Bank reference and amount matched payment record.
TXN0126,PAY0126,CMS/GW-124935/STRIPE/CUST0038,GW-124935,8386.34,8386.34,MATCHED,Bank reference and amount matched payment record.
TXN0127,PAY0127,CMS/GW-475946/STRIPE/CUST0041,GW-475946,34895.47,34895.47,MATCHED,Bank reference and amount matched payment record.
TXN0128,PAY0128,CMS/GW-462580/PAYU/CUST0365,GW-462580,149642.71,149642.71,MATCHED,Bank reference and amount matched payment record.
TXN0129,PAY0129,CMS/GW-315514/STRIPE/CUST0019,GW-315514,195580.93,195580.93,MATCHED,Bank reference and amount matched payment record.
TXN0130,PAY0130,CMS/GW-627021/STRIPE/CUST0077,GW-627021,17264.29,17264.29,MATCHED,Bank reference and amount matched payment record.
TXN0131,PAY0131,CMS/GW-932655/STRIPE/CUST0218,GW-932655,45331.57,45331.57,MATCHED,Bank reference and amount matched payment record.
TXN0132,PAY0132,CMS/GW-871554/STRIPE/CUST0180,GW-871554,74508.78,74508.78,MATCHED,Bank reference and amount matched payment record.
TXN0133,PAY0133,CMS/GW-569414/STRIPE/CUST0389,GW-569414,2330.85,2330.85,MATCHED,Bank reference and amount matched payment record.
TXN0134,PAY0134,CMS/GW-525707/CASHFREE/CUST0253,GW-525707,19680.69,19680.69,MATCHED,Bank reference and amount matched payment record.
TXN0135,PAY0135,CMS/GW-301529/CASHFREE/CUST0413,GW-301529,1330.94,1330.94,MATCHED,Bank reference and amount matched payment record.
TXN0136,PAY0136,CMS/GW-765974/CASHFREE/CUST0229,GW-765974,40275.69,40275.69,MATCHED,Bank reference and amount matched payment record.
TXN0137,PAY0137,CMS/GW-436881/RAZORPAY/CUST0356,GW-436881,13105.94,13105.94,MATCHED,Bank reference and amount matched payment record.
TXN0138,PAY0138,CMS/GW-650363/RAZORPAY/CUST0205,GW-650363,4070.98,4070.98,MATCHED,Bank reference and amount matched payment record.
TXN0139,PAY0139,CMS/GW-459296/CASHFREE/CUST0301,GW-459296,23890.0,23890.0,MATCHED,Bank reference and amount matched payment record.
TXN0140,PAY0140,CMS/GW-636064/CASHFREE/CUST0203,GW-636064,112179.58,112179.58,MATCHED,Bank reference and amount matched payment record.
TXN0141,PAY0141,CMS/GW-840238/PAYU/CUST0377,GW-840238,6249.41,6249.41,MATCHED,Bank reference and amount matched payment record.
TXN0142,PAY0142,CMS/GW-797911/CASHFREE/CUST0281,GW-797911,40283.94,40283.94,MATCHED,Bank reference and amount matched payment record.
TXN0143,PAY0143,CMS/GW-199424/CASHFREE/CUST0391,GW-199424,62722.09,62722.09,MATCHED,Bank reference and amount matched payment record.
TXN0144,PAY0144,CMS/GW-289240/STRIPE/CUST0275,GW-289240,1935.15,1935.15,MATCHED,Bank reference and amount matched payment record.
TXN0145,PAY0145,CMS/GW-540189/STRIPE/CUST0258,GW-540189,3625.31,3625.31,MATCHED,Bank reference and amount matched payment record.
TXN0146,PAY0146,CMS/GW-889126/PAYU/CUST0351,GW-889126,2074.17,2074.17,MATCHED,Bank reference and amount matched payment record.
TXN0147,PAY0147,CMS/GW-318354/CASHFREE/CUST0484,GW-318354,193785.39,193785.39,MATCHED,Bank reference and amount matched payment record.
TXN0148,PAY0148,CMS/GW-694716/RAZORPAY/CUST0313,GW-694716,103616.63,103616.63,MATCHED,Bank reference and amount matched payment record.
TXN0149,PAY0149,CMS/GW-918348/RAZORPAY/CUST0313,GW-918348,60298.58,60298.58,MATCHED,Bank reference and amount matched payment record.
TXN0150,PAY0333,CMS/GW-126000/RAZORPAY/CUST0321,GW-126000,3536.78,3536.78,DUPLICATE_PAYMENT,Bank reference points to a payment already legitimately associated with another transaction.
TXN0151,PAY0151,CMS/GW-149812/CASHFREE/CUST0245,GW-149812,2907.19,2907.19,MATCHED,Bank reference and amount matched payment record.
TXN0152,PAY0355,CMS/GW-569040/PAYU/CUST0045,GW-569040,14579.87,14579.87,DUPLICATE_PAYMENT,Bank reference points to a payment already legitimately associated with another transaction.
TXN0153,PAY0153,CMS/GW-700831/PAYU/CUST0339,GW-700831,52788.93,52788.93,MATCHED,Bank reference and amount matched payment record.
TXN0154,PAY0154,CMS/GW-543210/CASHFREE/CUST0069,GW-543210,39134.36,39134.36,MATCHED,Bank reference and amount matched payment record.
TXN0155,PAY0155,CMS/GW-887917/RAZORPAY/CUST0284,GW-887917,74391.65,74391.65,MATCHED,Bank reference and amount matched payment record.
TXN0156,PAY0156,CMS/GW-139068/STRIPE/CUST0260,GW-139068,137417.47,137417.47,MATCHED,Bank reference and amount matched payment record.
TXN0157,PAY0157,CMS/GW-668977/CASHFREE/CUST0313,GW-668977,75686.84,75686.84,MATCHED,Bank reference and amount matched payment record.
TXN0158,PAY0158,CMS/GW-185489/CASHFREE/CUST0069,GW-185489,36290.79,36290.79,MATCHED,Bank reference and amount matched payment record.
TXN0159,PAY0159,CMS/GW-311301/STRIPE/CUST0451,GW-311301,68245.1,68245.1,MATCHED,Bank reference and amount matched payment record.
TXN0160,PAY0160,CMS/GW-291938/RAZORPAY/CUST0399,GW-291938,1349.9,1349.9,MATCHED,Bank reference and amount matched payment record.
TXN0161,PAY0161,CMS/GW-673758/STRIPE/CUST0076,GW-673758,11705.07,11705.07,MATCHED,Bank reference and amount matched payment record.
TXN0162,PAY0162,CMS/GW-312226/RAZORPAY/CUST0129,GW-312226,6279.41,6279.41,MATCHED,Bank reference and amount matched payment record.
TXN0163,PAY0163,CMS/GW-598033/STRIPE/CUST0460,GW-598033,20792.11,20792.11,MATCHED,Bank reference and amount matched payment record.
TXN0164,PAY0164,CMS/GW-267759/PAYU/CUST0072,GW-267759,24306.85,24306.85,MATCHED,Bank reference and amount matched payment record.
TXN0165,PAY0165,CMS/GW-572319/PAYU/CUST0482,GW-572319,7076.17,7076.17,MATCHED,Bank reference and amount matched payment record.
TXN0166,PAY0166,CMS/GW-826680/CASHFREE/CUST0307,GW-826680,1145.19,1145.19,MATCHED,Bank reference and amount matched payment record.
TXN0167,PAY0167,CMS/GW-919502/RAZORPAY/CUST0362,GW-919502,2574.76,2574.76,MATCHED,Bank reference and amount matched payment record.
TXN0168,PAY0168,CMS/GW-748216/RAZORPAY/CUST0283,GW-748216,17674.02,17674.02,MATCHED,Bank reference and amount matched payment record.
TXN0169,PAY0169,CMS/GW-602049/PAYU/CUST0303,GW-602049,788.78,788.78,MATCHED,Bank reference and amount matched payment record.
TXN0170,PAY0170,CMS/GW-167971/RAZORPAY/CUST0435,GW-167971,16814.69,16814.69,MATCHED,Bank reference and amount matched payment record.
TXN0171,PAY0171,CMS/GW-886455/RAZORPAY/CUST0031,GW-886455,12994.79,12994.79,MATCHED,Bank reference and amount matched payment record.
TXN0172,PAY0172,CMS/GW-162676/RAZORPAY/CUST0154,GW-162676,125990.66,125990.66,MATCHED,Bank reference and amount matched payment record.
TXN0173,PAY0173,CMS/GW-621272/STRIPE/CUST0492,GW-621272,2744.0,2744.0,MATCHED,Bank reference and amount matched payment record.
TXN0174,PAY0174,CMS/GW-391236/RAZORPAY/CUST0460,GW-391236,41642.41,41642.41,MATCHED,Bank reference and amount matched payment record.
TXN0175,PAY0175,CMS/GW-139330/PAYU/CUST0047,GW-139330,60453.13,60453.13,MATCHED,Bank reference and amount matched payment record.
TXN0176,PAY0176,CMS/GW-760793/CASHFREE/CUST0106,GW-760793,22173.63,22173.63,MATCHED,Bank reference and amount matched payment record.
TXN0177,PAY0177,CMS/GW-234525/CASHFREE/CUST0051,GW-234525,1735.42,1735.42,MATCHED,Bank reference and amount matched payment record.
TXN0178,PAY0178,CMS/GW-703041/PAYU/CUST0024,GW-703041,38623.54,38623.54,MATCHED,Bank reference and amount matched payment record.
TXN0179,PAY0179,CMS/GW-637692/STRIPE/CUST0252,GW-637692,1381.14,1381.14,MATCHED,Bank reference and amount matched payment record.
TXN0180,PAY0180,CMS/GW-552189/PAYU/CUST0097,GW-552189,660.2,660.2,MATCHED,Bank reference and amount matched payment record.
TXN0181,PAY0181,CMS/GW-234119/CASHFREE/CUST0427,GW-234119,47661.41,47661.41,MATCHED,Bank reference and amount matched payment record.
TXN0182,PAY0182,CMS/GW-193420/PAYU/CUST0220,GW-193420,12567.33,12567.33,MATCHED,Bank reference and amount matched payment record.
TXN0183,PAY0183,CMS/GW-300482/STRIPE/CUST0325,GW-300482,44622.91,44622.91,MATCHED,Bank reference and amount matched payment record.
TXN0184,PAY0184,CMS/GW-836903/CASHFREE/CUST0434,GW-836903,21743.62,21743.62,MATCHED,Bank reference and amount matched payment record.
TXN0185,PAY0185,CMS/GW-180266/CASHFREE/CUST0374,GW-180266,37960.34,37960.34,MATCHED,Bank reference and amount matched payment record.
TXN0186,PAY0186,CMS/GW-297042/PAYU/CUST0061,GW-297042,15581.54,15581.54,MATCHED,Bank reference and amount matched payment record.
TXN0187,PAY0187,CMS/GW-853660/RAZORPAY/CUST0449,GW-853660,3878.1,3878.1,MATCHED,Bank reference and amount matched payment record.
TXN0188,PAY0188,CMS/GW-840872/PAYU/CUST0466,GW-840872,64829.8,64829.8,MATCHED,Bank reference and amount matched payment record.
TXN0189,PAY0189,CMS/GW-239044/STRIPE/CUST0473,GW-239044,182788.89,182788.89,MATCHED,Bank reference and amount matched payment record.
TXN0190,PAY0190,CMS/GW-903308/CASHFREE/CUST0416,GW-903308,45985.31,45985.31,MATCHED,Bank reference and amount matched payment record.
TXN0191,PAY0191,CMS/GW-153153/RAZORPAY/CUST0159,GW-153153,169328.02,169328.02,MATCHED,Bank reference and amount matched payment record.
TXN0192,PAY0192,CMS/GW-244051/RAZORPAY/CUST0330,GW-244051,2436.35,2436.35,MATCHED,Bank reference and amount matched payment record.
TXN0193,PAY0193,CMS/GW-441739/CASHFREE/CUST0398,GW-441739,557.48,557.48,MATCHED,Bank reference and amount matched payment record.
TXN0194,PAY0194,CMS/GW-409569/PAYU/CUST0335,GW-409569,55920.8,55920.8,MATCHED,Bank reference and amount matched payment record.
TXN0195,PAY0195,CMS/GW-477447/PAYU/CUST0484,GW-477447,12951.73,12951.73,MATCHED,Bank reference and amount matched payment record.
TXN0196,PAY0196,CMS/GW-112612/PAYU/CUST0479,GW-112612,2031.72,2031.72,MATCHED,Bank reference and amount matched payment record.
TXN0197,PAY0197,CMS/GW-239292/RAZORPAY/CUST0145,GW-239292,676.86,676.86,MATCHED,Bank reference and amount matched payment record.
TXN0198,PAY0198,CMS/GW-944212/STRIPE/CUST0319,GW-944212,39193.26,39193.26,MATCHED,Bank reference and amount matched payment record.
TXN0199,PAY0199,CMS/GW-588820/RAZORPAY/CUST0133,GW-588820,2415.41,2415.41,MATCHED,Bank reference and amount matched payment record.
TXN0200,PAY0200,CMS/GW-806142/PAYU/CUST0175,GW-806142,152141.57,152141.57,MATCHED,Bank reference and amount matched payment record.
TXN0201,PAY0201,CMS/GW-352523/CASHFREE/CUST0409,GW-352523,975.62,975.62,MATCHED,Bank reference and amount matched payment record.
TXN0202,PAY0202,CMS/GW-820465/RAZORPAY/CUST0139,GW-820465,176912.83,176912.83,MATCHED,Bank reference and amount matched payment record.
TXN0203,PAY0203,CMS/GW-748334/CASHFREE/CUST0139,GW-748334,105512.1,105512.1,MATCHED,Bank reference and amount matched payment record.
TXN0204,PAY0204,CMS/GW-743470/STRIPE/CUST0379,GW-743470,51121.34,51121.34,MATCHED,Bank reference and amount matched payment record.
TXN0205,PAY0205,CMS/GW-659150/RAZORPAY/CUST0336,GW-659150,45149.32,45149.32,MATCHED,Bank reference and amount matched payment record.
TXN0206,PAY0206,CMS/GW-895467/RAZORPAY/CUST0318,GW-895467,4159.68,4159.68,MATCHED,Bank reference and amount matched payment record.
TXN0207,PAY0315,CMS/GW-307221/CASHFREE/CUST0319,GW-307221,9384.65,9384.65,DUPLICATE_PAYMENT,Bank reference points to a payment already legitimately associated with another transaction.
TXN0208,PAY0208,CMS/GW-184288/STRIPE/CUST0155,GW-184288,44752.65,44752.65,MATCHED,Bank reference and amount matched payment record.
TXN0209,PAY0209,CMS/GW-911703/CASHFREE/CUST0091,GW-911703,52001.56,52001.56,MATCHED,Bank reference and amount matched payment record.
TXN0210,PAY0210,CMS/GW-624831/RAZORPAY/CUST0081,GW-624831,107037.54,107037.54,MATCHED,Bank reference and amount matched payment record.
TXN0211,PAY0211,CMS/GW-921042/STRIPE/CUST0355,GW-921042,5587.29,5587.29,MATCHED,Bank reference and amount matched payment record.
TXN0212,PAY0212,CMS/GW-219938/RAZORPAY/CUST0167,GW-219938,1667.35,1667.35,MATCHED,Bank reference and amount matched payment record.
TXN0213,PAY0213,CMS/GW-316552/STRIPE/CUST0353,GW-316552,20671.38,20671.38,MATCHED,Bank reference and amount matched payment record.
TXN0214,PAY0214,CMS/GW-715958/PAYU/CUST0154,GW-715958,6641.4,6641.4,MATCHED,Bank reference and amount matched payment record.
TXN0215,PAY0215,CMS/GW-443399/PAYU/CUST0450,GW-443399,1955.29,1955.29,MATCHED,Bank reference and amount matched payment record.
TXN0216,PAY0216,CMS/GW-427672/CASHFREE/CUST0129,GW-427672,57042.08,57042.08,MATCHED,Bank reference and amount matched payment record.
TXN0217,PAY0217,CMS/GW-980338/CASHFREE/CUST0228,GW-980338,115503.4,115503.4,MATCHED,Bank reference and amount matched payment record.
TXN0218,PAY0218,CMS/GW-926796/RAZORPAY/CUST0027,GW-926796,29654.74,29654.74,MATCHED,Bank reference and amount matched payment record.
TXN0219,PAY0219,CMS/GW-213234/RAZORPAY/CUST0479,GW-213234,13609.14,13609.14,MATCHED,Bank reference and amount matched payment record.
TXN0220,PAY0220,CMS/GW-942647/RAZORPAY/CUST0296,GW-942647,15777.92,15777.92,MATCHED,Bank reference and amount matched payment record.
TXN0221,PAY0221,CMS/GW-111336/PAYU/CUST0304,GW-111336,199589.19,199589.19,MATCHED,Bank reference and amount matched payment record.
TXN0222,PAY0222,CMS/GW-877455/RAZORPAY/CUST0106,GW-877455,32235.72,32235.72,MATCHED,Bank reference and amount matched payment record.
TXN0223,PAY0223,CMS/GW-884242/CASHFREE/CUST0330,GW-884242,146872.62,146872.62,MATCHED,Bank reference and amount matched payment record.
TXN0224,PAY0224,CMS/GW-467536/CASHFREE/CUST0462,GW-467536,52401.19,52401.19,MATCHED,Bank reference and amount matched payment record.
TXN0225,PAY0225,CMS/GW-128414/RAZORPAY/CUST0245,GW-128414,45896.26,45896.26,MATCHED,Bank reference and amount matched payment record.
TXN0226,PAY0226,CMS/GW-367016/CASHFREE/CUST0369,GW-367016,37762.63,37762.63,MATCHED,Bank reference and amount matched payment record.
TXN0227,PAY0227,CMS/GW-610193/PAYU/CUST0114,GW-610193,182548.34,182548.34,MATCHED,Bank reference and amount matched payment record.
TXN0228,PAY0228,CMS/GW-498252/PAYU/CUST0334,GW-498252,4879.34,4879.34,MATCHED,Bank reference and amount matched payment record.
TXN0229,PAY0229,CMS/GW-718034/PAYU/CUST0161,GW-718034,20254.4,20254.4,MATCHED,Bank reference and amount matched payment record.
TXN0230,PAY0230,CMS/GW-887623/RAZORPAY/CUST0273,GW-887623,116108.08,116058.08,AMOUNT_MISMATCH,Bank reference matched a payment candidate but amounts differ.
TXN0231,PAY0231,CMS/GW-191283/PAYU/CUST0074,GW-191283,58488.81,58488.81,MATCHED,Bank reference and amount matched payment record.
TXN0232,PAY0232,CMS/GW-416984/RAZORPAY/CUST0404,GW-416984,59317.15,59317.15,MATCHED,Bank reference and amount matched payment record.
TXN0233,PAY0233,CMS/GW-273028/PAYU/CUST0129,GW-273028,166809.11,170213.38,AMOUNT_MISMATCH,Bank reference matched a payment candidate but amounts differ.
TXN0234,PAY0234,CMS/GW-586453/RAZORPAY/CUST0287,GW-586453,161533.75,161533.75,MATCHED,Bank reference and amount matched payment record.
TXN0235,PAY0235,CMS/GW-900307/RAZORPAY/CUST0199,GW-900307,124445.06,124445.06,MATCHED,Bank reference and amount matched payment record.
TXN0236,PAY0236,CMS/GW-671979/STRIPE/CUST0164,GW-671979,6106.33,6106.33,MATCHED,Bank reference and amount matched payment record.
TXN0237,PAY0237,CMS/GW-292384/PAYU/CUST0454,GW-292384,13512.68,13512.68,MATCHED,Bank reference and amount matched payment record.
TXN0238,PAY0238,CMS/GW-738748/STRIPE/CUST0217,GW-738748,4824.05,4824.05,MATCHED,Bank reference and amount matched payment record.
TXN0239,PAY0239,CMS/GW-624635/CASHFREE/CUST0269,GW-624635,8326.88,8326.88,MATCHED,Bank reference and amount matched payment record.
TXN0240,PAY0240,CMS/GW-789485/RAZORPAY/CUST0355,GW-789485,2203.68,4407.37,AMOUNT_MISMATCH,Bank reference matched a payment candidate but amounts differ.
TXN0241,PAY0241,CMS/GW-251626/CASHFREE/CUST0366,GW-251626,3474.03,3474.03,MATCHED,Bank reference and amount matched payment record.
TXN0242,PAY0242,CMS/GW-113122/RAZORPAY/CUST0277,GW-113122,41156.39,41156.39,MATCHED,Bank reference and amount matched payment record.
TXN0243,PAY0243,CMS/GW-245435/STRIPE/CUST0040,GW-245435,48028.94,48028.94,MATCHED,Bank reference and amount matched payment record.
TXN0244,PAY0244,CMS/GW-485285/CASHFREE/CUST0287,GW-485285,12051.05,12051.05,MATCHED,Bank reference and amount matched payment record.
TXN0245,PAY0245,CMS/GW-961913/STRIPE/CUST0279,GW-961913,29743.06,29743.06,MATCHED,Bank reference and amount matched payment record.
TXN0246,PAY0246,CMS/GW-486017/STRIPE/CUST0478,GW-486017,185650.17,185650.17,MATCHED,Bank reference and amount matched payment record.
TXN0247,PAY0247,CMS/GW-986781/RAZORPAY/CUST0227,GW-986781,23747.55,23747.55,MATCHED,Bank reference and amount matched payment record.
TXN0248,PAY0248,CMS/GW-623308/RAZORPAY/CUST0050,GW-623308,28855.4,28855.4,MATCHED,Bank reference and amount matched payment record.
TXN0249,PAY0249,CMS/GW-474474/PAYU/CUST0361,GW-474474,30103.71,30103.71,MATCHED,Bank reference and amount matched payment record.
TXN0250,PAY0250,CMS/GW-670372/STRIPE/CUST0278,GW-670372,150144.42,150144.42,MATCHED,Bank reference and amount matched payment record.
TXN0251,PAY0251,CMS/GW-488654/RAZORPAY/CUST0348,GW-488654,41724.73,41724.73,MATCHED,Bank reference and amount matched payment record.
TXN0252,PAY0252,CMS/GW-226703/PAYU/CUST0309,GW-226703,138627.89,138627.89,MATCHED,Bank reference and amount matched payment record.
TXN0253,PAY0253,CMS/GW-982245/STRIPE/CUST0091,GW-982245,18641.32,18641.32,MATCHED,Bank reference and amount matched payment record.
TXN0254,PAY0254,CMS/GW-352253/CASHFREE/CUST0357,GW-352253,15489.47,15489.47,MATCHED,Bank reference and amount matched payment record.
TXN0255,PAY0255,CMS/GW-235427/STRIPE/CUST0112,GW-235427,3695.83,3695.83,MATCHED,Bank reference and amount matched payment record.
TXN0256,PAY0256,CMS/GW-240101/CASHFREE/CUST0176,GW-240101,63575.63,63575.63,MATCHED,Bank reference and amount matched payment record.
TXN0257,PAY0257,CMS/GW-563019/RAZORPAY/CUST0035,GW-563019,23889.55,23889.55,MATCHED,Bank reference and amount matched payment record.
TXN0258,PAY0258,CMS/GW-493557/CASHFREE/CUST0357,GW-493557,20116.5,20116.5,MATCHED,Bank reference and amount matched payment record.
TXN0259,PAY0259,CMS/GW-492806/RAZORPAY/CUST0092,GW-492806,3150.05,3150.05,MATCHED,Bank reference and amount matched payment record.
TXN0260,PAY0260,CMS/GW-429397/PAYU/CUST0373,GW-429397,24387.94,24387.94,MATCHED,Bank reference and amount matched payment record.
TXN0261,PAY0261,CMS/GW-594350/RAZORPAY/CUST0024,GW-594350,137122.77,137122.77,MATCHED,Bank reference and amount matched payment record.
TXN0262,PAY0262,CMS/GW-256606/RAZORPAY/CUST0264,GW-256606,21919.58,21919.58,MATCHED,Bank reference and amount matched payment record.
TXN0263,PAY0263,CMS/GW-161726/CASHFREE/CUST0139,GW-161726,47329.15,47329.15,MATCHED,Bank reference and amount matched payment record.
TXN0264,PAY0264,CMS/GW-551335/CASHFREE/CUST0235,GW-551335,27486.24,27486.24,MATCHED,Bank reference and amount matched payment record.
TXN0265,PAY0265,CMS/GW-883075/STRIPE/CUST0242,GW-883075,24771.31,24771.31,MATCHED,Bank reference and amount matched payment record.
TXN0266,PAY0266,CMS/GW-642377/STRIPE/CUST0105,GW-642377,34558.83,34558.83,MATCHED,Bank reference and amount matched payment record.
TXN0267,PAY0267,CMS/GW-970806/CASHFREE/CUST0007,GW-970806,98275.53,98275.53,MATCHED,Bank reference and amount matched payment record.
TXN0268,PAY0268,CMS/GW-145871/STRIPE/CUST0489,GW-145871,194180.18,194180.18,MATCHED,Bank reference and amount matched payment record.
TXN0269,PAY0269,CMS/GW-639293/STRIPE/CUST0100,GW-639293,122271.01,122261.01,AMOUNT_MISMATCH,Bank reference matched a payment candidate but amounts differ.
TXN0270,PAY0270,CMS/GW-688090/RAZORPAY/CUST0480,GW-688090,72199.66,72199.66,MATCHED,Bank reference and amount matched payment record.
TXN0271,PAY0271,CMS/GW-212015/STRIPE/CUST0064,GW-212015,38099.72,38099.72,MATCHED,Bank reference and amount matched payment record.
TXN0272,PAY0272,CMS/GW-690649/PAYU/CUST0119,GW-690649,49091.55,49091.55,MATCHED,Bank reference and amount matched payment record.
TXN0273,PAY0273,CMS/GW-469270/PAYU/CUST0377,GW-469270,4008.44,4008.44,MATCHED,Bank reference and amount matched payment record.
TXN0274,PAY0274,CMS/GW-700145/STRIPE/CUST0312,GW-700145,54760.9,54760.9,MATCHED,Bank reference and amount matched payment record.
TXN0275,PAY0275,CMS/GW-998673/PAYU/CUST0242,GW-998673,8051.17,8051.17,MATCHED,Bank reference and amount matched payment record.
TXN0276,PAY0276,CMS/GW-977621/PAYU/CUST0038,GW-977621,9781.68,9781.68,MATCHED,Bank reference and amount matched payment record.
TXN0277,PAY0277,CMS/GW-592537/RAZORPAY/CUST0435,GW-592537,87502.05,87502.05,MATCHED,Bank reference and amount matched payment record.
TXN0278,PAY0278,CMS/GW-781570/RAZORPAY/CUST0496,GW-781570,70645.64,70645.64,MATCHED,Bank reference and amount matched payment record.
TXN0279,PAY0279,CMS/GW-553405/RAZORPAY/CUST0282,GW-553405,14317.3,14317.3,MATCHED,Bank reference and amount matched payment record.
TXN0280,PAY0280,CMS/GW-439293/STRIPE/CUST0462,GW-439293,4017.37,4017.37,MATCHED,Bank reference and amount matched payment record.
TXN0281,PAY0281,CMS/GW-374761/CASHFREE/CUST0189,GW-374761,67793.09,67793.09,MATCHED,Bank reference and amount matched payment record.
TXN0282,PAY0282,CMS/GW-510979/CASHFREE/CUST0491,GW-510979,1597.25,1597.25,MATCHED,Bank reference and amount matched payment record.
TXN0283,PAY0283,CMS/GW-756391/RAZORPAY/CUST0222,GW-756391,3201.68,3201.68,MATCHED,Bank reference and amount matched payment record.
TXN0284,PAY0284,CMS/GW-989404/PAYU/CUST0385,GW-989404,65102.69,65102.69,MATCHED,Bank reference and amount matched payment record.
TXN0285,PAY0285,CMS/GW-999555/RAZORPAY/CUST0190,GW-999555,18449.01,18449.01,MATCHED,Bank reference and amount matched payment record.
TXN0286,PAY0242,CMS/GW-113122/RAZORPAY/CUST0277,GW-113122,41156.39,41156.39,DUPLICATE_PAYMENT,Bank reference points to a payment already legitimately associated with another transaction.
TXN0287,PAY0287,CMS/GW-105812/PAYU/CUST0364,GW-105812,4195.37,4195.37,MATCHED,Bank reference and amount matched payment record.
TXN0288,PAY0288,CMS/GW-856303/CASHFREE/CUST0099,GW-856303,8897.32,8897.32,MATCHED,Bank reference and amount matched payment record.
TXN0289,PAY0289,CMS/GW-609954/RAZORPAY/CUST0256,GW-609954,31429.69,31429.69,MATCHED,Bank reference and amount matched payment record.
TXN0290,PAY0290,CMS/GW-433130/RAZORPAY/CUST0327,GW-433130,186879.35,186879.35,MATCHED,Bank reference and amount matched payment record.
TXN0291,PAY0291,CMS/GW-192260/RAZORPAY/CUST0281,GW-192260,113526.36,113526.36,MATCHED,Bank reference and amount matched payment record.
TXN0292,PAY0292,CMS/GW-833225/CASHFREE/CUST0146,GW-833225,80780.99,161561.97,AMOUNT_MISMATCH,Bank reference matched a payment candidate but amounts differ.
TXN0293,PAY0293,CMS/GW-825708/CASHFREE/CUST0096,GW-825708,116355.12,116355.12,MATCHED,Bank reference and amount matched payment record.
TXN0294,PAY0294,CMS/GW-147284/PAYU/CUST0307,GW-147284,197650.65,197650.65,MATCHED,Bank reference and amount matched payment record.
TXN0295,PAY0295,CMS/GW-953354/RAZORPAY/CUST0333,GW-953354,12266.03,12266.03,MATCHED,Bank reference and amount matched payment record.
TXN0296,PAY0296,CMS/GW-168450/PAYU/CUST0317,GW-168450,24427.77,24427.77,MATCHED,Bank reference and amount matched payment record.
TXN0297,PAY0297,CMS/GW-994913/STRIPE/CUST0320,GW-994913,2726.7,2726.7,MATCHED,Bank reference and amount matched payment record.
TXN0298,PAY0298,CMS/GW-785803/PAYU/CUST0369,GW-785803,44467.95,44467.95,MATCHED,Bank reference and amount matched payment record.
TXN0299,PAY0299,CMS/GW-457386/CASHFREE/CUST0213,GW-457386,3659.99,3659.99,MATCHED,Bank reference and amount matched payment record.
TXN0300,PAY0300,CMS/GW-547562/RAZORPAY/CUST0459,GW-547562,15214.19,15214.19,MATCHED,Bank reference and amount matched payment record.
TXN0301,PAY0301,CMS/GW-767571/CASHFREE/CUST0276,GW-767571,3567.2,3567.2,MATCHED,Bank reference and amount matched payment record.
TXN0302,PAY0302,CMS/GW-438762/STRIPE/CUST0216,GW-438762,43252.86,43252.86,MATCHED,Bank reference and amount matched payment record.
TXN0303,PAY0303,CMS/GW-657714/PAYU/CUST0351,GW-657714,18828.92,18828.92,MATCHED,Bank reference and amount matched payment record.
TXN0304,PAY0304,CMS/GW-975553/RAZORPAY/CUST0167,GW-975553,95623.01,95623.01,MATCHED,Bank reference and amount matched payment record.
TXN0305,PAY0305,CMS/GW-206571/CASHFREE/CUST0013,GW-206571,75946.55,75946.55,MATCHED,Bank reference and amount matched payment record.
TXN0306,PAY0306,CMS/GW-234896/PAYU/CUST0305,GW-234896,3512.43,3512.43,MATCHED,Bank reference and amount matched payment record.
TXN0307,PAY0307,CMS/GW-373440/STRIPE/CUST0283,GW-373440,51345.63,51345.63,MATCHED,Bank reference and amount matched payment record.
TXN0308,PAY0308,CMS/GW-978560/PAYU/CUST0415,GW-978560,10597.51,10587.51,AMOUNT_MISMATCH,Bank reference matched a payment candidate but amounts differ.
TXN0309,PAY0309,CMS/GW-359449/CASHFREE/CUST0134,GW-359449,3361.44,3361.44,MATCHED,Bank reference and amount matched payment record.
TXN0310,PAY0310,CMS/GW-491533/STRIPE/CUST0111,GW-491533,4570.29,4570.29,MATCHED,Bank reference and amount matched payment record.
TXN0311,PAY0323,CMS/GW-369406/RAZORPAY/CUST0256,GW-369406,79090.86,79090.86,DUPLICATE_PAYMENT,Bank reference points to a payment already legitimately associated with another transaction.
TXN0312,PAY0310,CMS/GW-491533/STRIPE/CUST0111,GW-491533,4570.29,4570.29,DUPLICATE_PAYMENT,Bank reference points to a payment already legitimately associated with another transaction.
TXN0313,PAY0313,CMS/GW-250500/STRIPE/CUST0470,GW-250500,91204.73,91204.73,MATCHED,Bank reference and amount matched payment record.
TXN0314,PAY0314,CMS/GW-746657/CASHFREE/CUST0392,GW-746657,61403.4,61403.4,MATCHED,Bank reference and amount matched payment record.
TXN0315,PAY0315,CMS/GW-307221/CASHFREE/CUST0319,GW-307221,9384.65,9384.65,MATCHED,Bank reference and amount matched payment record.
TXN0316,PAY0316,CMS/GW-716176/PAYU/CUST0017,GW-716176,2505.09,2505.09,MATCHED,Bank reference and amount matched payment record.
TXN0317,PAY0317,CMS/GW-454831/STRIPE/CUST0007,GW-454831,2922.25,2922.25,MATCHED,Bank reference and amount matched payment record.
TXN0318,PAY0318,CMS/GW-692136/RAZORPAY/CUST0347,GW-692136,86065.84,86065.84,MATCHED,Bank reference and amount matched payment record.
TXN0319,PAY0319,CMS/GW-933393/RAZORPAY/CUST0075,GW-933393,199489.06,199489.06,MATCHED,Bank reference and amount matched payment record.
TXN0320,PAY0320,CMS/GW-104159/STRIPE/CUST0133,GW-104159,108467.95,108467.95,MATCHED,Bank reference and amount matched payment record.
TXN0321,PAY0321,CMS/GW-348352/CASHFREE/CUST0398,GW-348352,140726.92,140726.92,MATCHED,Bank reference and amount matched payment record.
TXN0322,PAY0322,CMS/GW-191681/STRIPE/CUST0266,GW-191681,176303.9,176303.9,MATCHED,Bank reference and amount matched payment record.
TXN0323,PAY0323,CMS/GW-369406/RAZORPAY/CUST0256,GW-369406,79090.86,79090.86,MATCHED,Bank reference and amount matched payment record.
TXN0324,PAY0324,CMS/GW-256127/CASHFREE/CUST0147,GW-256127,3497.7,3497.7,MATCHED,Bank reference and amount matched payment record.
TXN0325,PAY0325,CMS/GW-453985/STRIPE/CUST0395,GW-453985,4822.63,4822.63,MATCHED,Bank reference and amount matched payment record.
TXN0326,PAY0326,CMS/GW-320165/PAYU/CUST0482,GW-320165,871.48,889.27,AMOUNT_MISMATCH,Bank reference matched a payment candidate but amounts differ.
TXN0327,PAY0327,CMS/GW-820595/STRIPE/CUST0335,GW-820595,1871.84,1871.84,MATCHED,Bank reference and amount matched payment record.
TXN0328,PAY0328,CMS/GW-540812/CASHFREE/CUST0415,GW-540812,125593.84,125593.84,MATCHED,Bank reference and amount matched payment record.
TXN0329,PAY0329,CMS/GW-426236/PAYU/CUST0066,GW-426236,163172.97,163172.97,MATCHED,Bank reference and amount matched payment record.
TXN0330,PAY0330,CMS/GW-491805/STRIPE/CUST0292,GW-491805,154690.62,154690.62,MATCHED,Bank reference and amount matched payment record.
TXN0331,PAY0331,CMS/GW-995284/STRIPE/CUST0126,GW-995284,72935.41,72935.41,MATCHED,Bank reference and amount matched payment record.
TXN0332,PAY0332,CMS/GW-362258/STRIPE/CUST0412,GW-362258,4994.74,4994.74,MATCHED,Bank reference and amount matched payment record.
TXN0333,PAY0333,CMS/GW-126000/RAZORPAY/CUST0321,GW-126000,3536.78,3536.78,MATCHED,Bank reference and amount matched payment record.
TXN0334,PAY0334,CMS/GW-163644/CASHFREE/CUST0162,GW-163644,2411.19,2411.19,MATCHED,Bank reference and amount matched payment record.
TXN0335,PAY0335,CMS/GW-277360/RAZORPAY/CUST0205,GW-277360,112630.02,112630.02,MATCHED,Bank reference and amount matched payment record.
TXN0336,PAY0453,CMS/GW-755268/PAYU/CUST0125,GW-755268,29018.7,29018.7,DUPLICATE_PAYMENT,Bank reference points to a payment already legitimately associated with another transaction.
TXN0337,PAY0337,CMS/GW-982444/CASHFREE/CUST0076,GW-982444,7121.7,14243.4,AMOUNT_MISMATCH,Bank reference matched a payment candidate but amounts differ.
TXN0338,PAY0338,CMS/GW-852843/RAZORPAY/CUST0219,GW-852843,3587.13,3587.13,MATCHED,Bank reference and amount matched payment record.
TXN0339,PAY0339,CMS/GW-609142/RAZORPAY/CUST0387,GW-609142,2851.95,2851.95,MATCHED,Bank reference and amount matched payment record.
TXN0340,PAY0340,CMS/GW-612452/RAZORPAY/CUST0441,GW-612452,40391.78,40391.78,MATCHED,Bank reference and amount matched payment record.
TXN0341,PAY0341,CMS/GW-514560/CASHFREE/CUST0075,GW-514560,69497.81,69497.81,MATCHED,Bank reference and amount matched payment record.
TXN0342,PAY0342,CMS/GW-984478/CASHFREE/CUST0059,GW-984478,124401.11,124401.11,MATCHED,Bank reference and amount matched payment record.
TXN0343,PAY0343,CMS/GW-570352/RAZORPAY/CUST0375,GW-570352,85015.03,86750.03,AMOUNT_MISMATCH,Bank reference matched a payment candidate but amounts differ.
TXN0344,PAY0344,CMS/GW-288438/PAYU/CUST0401,GW-288438,76470.17,76470.17,MATCHED,Bank reference and amount matched payment record.
TXN0345,PAY0345,CMS/GW-337943/CASHFREE/CUST0278,GW-337943,176273.22,176273.22,MATCHED,Bank reference and amount matched payment record.
TXN0346,PAY0346,CMS/GW-641365/RAZORPAY/CUST0019,GW-641365,23098.14,23098.14,MATCHED,Bank reference and amount matched payment record.
TXN0347,PAY0347,CMS/GW-957545/PAYU/CUST0213,GW-957545,171371.15,171371.15,MATCHED,Bank reference and amount matched payment record.
TXN0348,PAY0348,CMS/GW-650318/PAYU/CUST0025,GW-650318,58914.36,58914.36,MATCHED,Bank reference and amount matched payment record.
TXN0349,PAY0274,CMS/GW-700145/STRIPE/CUST0312,GW-700145,54760.9,54760.9,DUPLICATE_PAYMENT,Bank reference points to a payment already legitimately associated with another transaction.
TXN0350,PAY0350,CMS/GW-988946/PAYU/CUST0011,GW-988946,19074.74,19074.74,MATCHED,Bank reference and amount matched payment record.
TXN0351,PAY0351,CMS/GW-274477/CASHFREE/CUST0500,GW-274477,70124.9,70124.9,MATCHED,Bank reference and amount matched payment record.
TXN0352,PAY0352,CMS/GW-699552/CASHFREE/CUST0348,GW-699552,1115.07,1115.07,MATCHED,Bank reference and amount matched payment record.
TXN0353,PAY0353,CMS/GW-327582/RAZORPAY/CUST0130,GW-327582,61443.3,61443.3,MATCHED,Bank reference and amount matched payment record.
TXN0354,PAY0354,CMS/GW-661921/STRIPE/CUST0275,GW-661921,105372.26,105372.26,MATCHED,Bank reference and amount matched payment record.
TXN0355,PAY0355,CMS/GW-569040/PAYU/CUST0045,GW-569040,14579.87,14579.87,MATCHED,Bank reference and amount matched payment record.
TXN0356,PAY0356,CMS/GW-341794/STRIPE/CUST0050,GW-341794,120103.35,120103.35,MATCHED,Bank reference and amount matched payment record.
TXN0357,PAY0357,CMS/GW-947585/PAYU/CUST0137,GW-947585,106877.3,106877.3,MATCHED,Bank reference and amount matched payment record.
TXN0358,PAY0358,CMS/GW-811789/PAYU/CUST0032,GW-811789,11445.87,11445.87,MATCHED,Bank reference and amount matched payment record.
TXN0359,PAY0359,CMS/GW-787573/PAYU/CUST0196,GW-787573,174890.36,174890.36,MATCHED,Bank reference and amount matched payment record.
TXN0360,PAY0329,CMS/GW-426236/PAYU/CUST0066,GW-426236,163172.97,163172.97,DUPLICATE_PAYMENT,Bank reference points to a payment already legitimately associated with another transaction.
TXN0361,PAY0361,CMS/GW-673901/PAYU/CUST0198,GW-673901,45524.93,45524.93,MATCHED,Bank reference and amount matched payment record.
TXN0362,PAY0362,CMS/GW-309139/RAZORPAY/CUST0105,GW-309139,4429.92,4429.92,MATCHED,Bank reference and amount matched payment record.
TXN0363,PAY0363,CMS/GW-928453/PAYU/CUST0370,GW-928453,4321.17,4321.17,MATCHED,Bank reference and amount matched payment record.
TXN0364,PAY0364,CMS/GW-817784/CASHFREE/CUST0262,GW-817784,123477.61,123477.61,MATCHED,Bank reference and amount matched payment record.
TXN0365,PAY0365,CMS/GW-278529/STRIPE/CUST0459,GW-278529,18880.38,18880.38,MATCHED,Bank reference and amount matched payment record.
TXN0366,PAY0366,CMS/GW-348981/CASHFREE/CUST0016,GW-348981,8836.65,8836.65,MATCHED,Bank reference and amount matched payment record.
TXN0367,PAY0367,CMS/GW-342244/STRIPE/CUST0464,GW-342244,37324.67,37324.67,MATCHED,Bank reference and amount matched payment record.
TXN0368,PAY0368,CMS/GW-531058/RAZORPAY/CUST0485,GW-531058,106043.51,106043.51,MATCHED,Bank reference and amount matched payment record.
TXN0369,PAY0369,CMS/GW-903837/STRIPE/CUST0170,GW-903837,2411.31,2411.31,MATCHED,Bank reference and amount matched payment record.
TXN0370,PAY0370,CMS/GW-684780/RAZORPAY/CUST0050,GW-684780,77794.24,77794.24,MATCHED,Bank reference and amount matched payment record.
TXN0371,PAY0371,CMS/GW-897451/PAYU/CUST0231,GW-897451,2035.99,2035.99,MATCHED,Bank reference and amount matched payment record.
TXN0372,PAY0372,CMS/GW-432056/PAYU/CUST0217,GW-432056,65174.03,65174.03,MATCHED,Bank reference and amount matched payment record.
TXN0373,PAY0373,CMS/GW-937533/RAZORPAY/CUST0383,GW-937533,31884.5,31884.5,MATCHED,Bank reference and amount matched payment record.
TXN0374,PAY0374,CMS/GW-352436/PAYU/CUST0387,GW-352436,14186.74,14186.74,MATCHED,Bank reference and amount matched payment record.
TXN0375,PAY0375,CMS/GW-802146/CASHFREE/CUST0306,GW-802146,1388.32,1388.32,MATCHED,Bank reference and amount matched payment record.
TXN0376,PAY0376,CMS/GW-465528/RAZORPAY/CUST0007,GW-465528,2403.51,2403.51,MATCHED,Bank reference and amount matched payment record.
TXN0377,PAY0377,CMS/GW-996416/RAZORPAY/CUST0110,GW-996416,133266.2,133266.2,MATCHED,Bank reference and amount matched payment record.
TXN0378,PAY0378,CMS/GW-465618/STRIPE/CUST0404,GW-465618,3166.92,3166.92,MATCHED,Bank reference and amount matched payment record.
TXN0379,PAY0379,CMS/GW-385914/RAZORPAY/CUST0410,GW-385914,21415.38,21415.38,MATCHED,Bank reference and amount matched payment record.
TXN0380,PAY0249,CMS/GW-474474/PAYU/CUST0361,GW-474474,30103.71,30103.71,DUPLICATE_PAYMENT,Bank reference points to a payment already legitimately associated with another transaction.
TXN0381,PAY0381,CMS/GW-450518/STRIPE/CUST0175,GW-450518,105148.2,105148.2,MATCHED,Bank reference and amount matched payment record.
TXN0382,PAY0382,CMS/GW-988347/STRIPE/CUST0493,GW-988347,6971.68,6971.68,MATCHED,Bank reference and amount matched payment record.
TXN0383,PAY0383,CMS/GW-714026/CASHFREE/CUST0328,GW-714026,7183.05,7183.05,MATCHED,Bank reference and amount matched payment record.
TXN0384,PAY0384,CMS/GW-980878/RAZORPAY/CUST0375,GW-980878,156092.11,156092.11,MATCHED,Bank reference and amount matched payment record.
TXN0385,PAY0385,CMS/GW-353625/CASHFREE/CUST0115,GW-353625,67699.65,67699.65,MATCHED,Bank reference and amount matched payment record.
TXN0386,PAY0386,CMS/GW-467975/PAYU/CUST0123,GW-467975,1688.98,1688.98,MATCHED,Bank reference and amount matched payment record.
TXN0387,PAY0387,CMS/GW-766613/RAZORPAY/CUST0435,GW-766613,3399.06,3399.06,MATCHED,Bank reference and amount matched payment record.
TXN0388,PAY0388,CMS/GW-543422/CASHFREE/CUST0403,GW-543422,54692.14,54692.14,MATCHED,Bank reference and amount matched payment record.
TXN0389,PAY0389,CMS/GW-618268/PAYU/CUST0051,GW-618268,104212.33,104212.33,MATCHED,Bank reference and amount matched payment record.
TXN0390,PAY0390,CMS/GW-791160/STRIPE/CUST0266,GW-791160,74971.18,74971.18,MATCHED,Bank reference and amount matched payment record.
TXN0391,PAY0155,CMS/GW-887917/RAZORPAY/CUST0284,GW-887917,74391.65,74391.65,DUPLICATE_PAYMENT,Bank reference points to a payment already legitimately associated with another transaction.
TXN0392,PAY0392,CMS/GW-498795/RAZORPAY/CUST0341,GW-498795,15955.75,15955.75,MATCHED,Bank reference and amount matched payment record.
TXN0393,PAY0393,CMS/GW-711616/PAYU/CUST0282,GW-711616,6584.57,6584.57,MATCHED,Bank reference and amount matched payment record.
TXN0394,PAY0394,CMS/GW-233636/RAZORPAY/CUST0378,GW-233636,2708.86,2708.86,MATCHED,Bank reference and amount matched payment record.
TXN0395,PAY0395,CMS/GW-386422/CASHFREE/CUST0371,GW-386422,9152.57,9152.57,MATCHED,Bank reference and amount matched payment record.
TXN0396,PAY0396,CMS/GW-536522/CASHFREE/CUST0328,GW-536522,42334.68,42334.68,MATCHED,Bank reference and amount matched payment record.
TXN0397,PAY0397,CMS/GW-317159/CASHFREE/CUST0048,GW-317159,64079.94,64079.94,MATCHED,Bank reference and amount matched payment record.
TXN0398,PAY0398,CMS/GW-118855/PAYU/CUST0208,GW-118855,3602.53,3602.53,MATCHED,Bank reference and amount matched payment record.
TXN0399,PAY0003,CMS/GW-297863/CASHFREE/CUST0022,GW-297863,41110.22,41110.22,DUPLICATE_PAYMENT,Bank reference points to a payment already legitimately associated with another transaction.
TXN0400,PAY0400,CMS/GW-432236/CASHFREE/CUST0459,GW-432236,182256.25,182256.25,MATCHED,Bank reference and amount matched payment record.
TXN0401,PAY0401,CMS/GW-533054/STRIPE/CUST0425,GW-533054,180857.34,180857.34,MATCHED,Bank reference and amount matched payment record.
TXN0402,PAY0402,CMS/GW-931346/STRIPE/CUST0187,GW-931346,66644.44,66644.44,MATCHED,Bank reference and amount matched payment record.
TXN0403,PAY0403,CMS/GW-516884/STRIPE/CUST0448,GW-516884,119814.69,119814.69,MATCHED,Bank reference and amount matched payment record.
TXN0404,PAY0404,CMS/GW-934213/STRIPE/CUST0061,GW-934213,46730.9,46730.9,MATCHED,Bank reference and amount matched payment record.
TXN0405,PAY0346,CMS/GW-641365/RAZORPAY/CUST0019,GW-641365,23098.14,23098.14,DUPLICATE_PAYMENT,Bank reference points to a payment already legitimately associated with another transaction.
TXN0406,PAY0406,CMS/GW-581071/PAYU/CUST0185,GW-581071,87008.44,87008.44,MATCHED,Bank reference and amount matched payment record.
TXN0407,PAY0046,CMS/GW-890193/CASHFREE/CUST0093,GW-890193,2058.94,2058.94,DUPLICATE_PAYMENT,Bank reference points to a payment already legitimately associated with another transaction.
TXN0408,PAY0408,CMS/GW-649293/CASHFREE/CUST0495,GW-649293,3050.81,3050.81,MATCHED,Bank reference and amount matched payment record.
TXN0409,PAY0409,CMS/GW-244995/PAYU/CUST0398,GW-244995,52723.37,52723.37,MATCHED,Bank reference and amount matched payment record.
TXN0410,PAY0410,CMS/GW-170128/CASHFREE/CUST0230,GW-170128,17208.7,17208.7,MATCHED,Bank reference and amount matched payment record.
TXN0411,PAY0411,CMS/GW-286339/CASHFREE/CUST0179,GW-286339,43749.76,43749.76,MATCHED,Bank reference and amount matched payment record.
TXN0412,PAY0412,CMS/GW-848654/PAYU/CUST0168,GW-848654,3477.75,3477.75,MATCHED,Bank reference and amount matched payment record.
TXN0413,PAY0071,CMS/GW-172888/RAZORPAY/CUST0005,GW-172888,4834.33,4834.33,DUPLICATE_PAYMENT,Bank reference points to a payment already legitimately associated with another transaction.
TXN0414,PAY0414,CMS/GW-751473/PAYU/CUST0248,GW-751473,125864.49,125864.49,MATCHED,Bank reference and amount matched payment record.
TXN0415,PAY0415,CMS/GW-982782/CASHFREE/CUST0245,GW-982782,19979.36,19979.36,MATCHED,Bank reference and amount matched payment record.
TXN0416,PAY0416,CMS/GW-770323/PAYU/CUST0277,GW-770323,57622.43,57622.43,MATCHED,Bank reference and amount matched payment record.
TXN0417,PAY0417,CMS/GW-987587/PAYU/CUST0316,GW-987587,3467.2,3467.2,MATCHED,Bank reference and amount matched payment record.
TXN0418,PAY0418,CMS/GW-408123/CASHFREE/CUST0308,GW-408123,7216.73,7216.73,MATCHED,Bank reference and amount matched payment record.
TXN0419,PAY0419,CMS/GW-570769/PAYU/CUST0056,GW-570769,13552.57,13552.57,MATCHED,Bank reference and amount matched payment record.
TXN0420,PAY0420,CMS/GW-287284/CASHFREE/CUST0447,GW-287284,6957.41,6957.41,MATCHED,Bank reference and amount matched payment record.
TXN0421,PAY0421,CMS/GW-489645/RAZORPAY/CUST0493,GW-489645,6444.26,6444.26,MATCHED,Bank reference and amount matched payment record.
TXN0422,PAY0422,CMS/GW-820247/CASHFREE/CUST0182,GW-820247,17634.39,17634.39,MATCHED,Bank reference and amount matched payment record.
TXN0423,PAY0423,CMS/GW-378169/RAZORPAY/CUST0458,GW-378169,3094.97,3094.97,MATCHED,Bank reference and amount matched payment record.
TXN0424,PAY0424,CMS/GW-659431/PAYU/CUST0344,GW-659431,864.94,864.94,MATCHED,Bank reference and amount matched payment record.
TXN0425,PAY0425,CMS/GW-326813/PAYU/CUST0130,GW-326813,114215.14,114215.14,MATCHED,Bank reference and amount matched payment record.
TXN0426,PAY0426,CMS/GW-408604/STRIPE/CUST0009,GW-408604,20156.36,20156.36,MATCHED,Bank reference and amount matched payment record.
TXN0427,PAY0427,CMS/GW-152148/RAZORPAY/CUST0338,GW-152148,4966.44,4966.44,MATCHED,Bank reference and amount matched payment record.
TXN0428,PAY0428,CMS/GW-248228/CASHFREE/CUST0481,GW-248228,2718.19,2718.19,MATCHED,Bank reference and amount matched payment record.
TXN0429,PAY0429,CMS/GW-514339/CASHFREE/CUST0011,GW-514339,82232.94,82232.94,MATCHED,Bank reference and amount matched payment record.
TXN0430,PAY0430,CMS/GW-689457/CASHFREE/CUST0370,GW-689457,141927.43,141927.43,MATCHED,Bank reference and amount matched payment record.
TXN0431,PAY0431,CMS/GW-436807/STRIPE/CUST0475,GW-436807,81701.35,81701.35,MATCHED,Bank reference and amount matched payment record.
TXN0432,PAY0432,CMS/GW-809270/CASHFREE/CUST0140,GW-809270,53552.09,53552.09,MATCHED,Bank reference and amount matched payment record.
TXN0433,PAY0433,CMS/GW-298945/RAZORPAY/CUST0309,GW-298945,1777.5,1777.5,MATCHED,Bank reference and amount matched payment record.
TXN0434,PAY0434,CMS/GW-499749/RAZORPAY/CUST0019,GW-499749,3711.22,3711.22,MATCHED,Bank reference and amount matched payment record.
TXN0435,PAY0435,CMS/GW-803479/RAZORPAY/CUST0064,GW-803479,159820.15,159820.15,MATCHED,Bank reference and amount matched payment record.
TXN0436,PAY0436,CMS/GW-567792/STRIPE/CUST0194,GW-567792,108637.06,108637.06,MATCHED,Bank reference and amount matched payment record.
TXN0437,PAY0437,CMS/GW-727873/CASHFREE/CUST0436,GW-727873,18140.27,18140.27,MATCHED,Bank reference and amount matched payment record.
TXN0438,PAY0438,CMS/GW-270138/RAZORPAY/CUST0442,GW-270138,29968.76,29968.76,MATCHED,Bank reference and amount matched payment record.
TXN0439,PAY0439,CMS/GW-631215/CASHFREE/CUST0426,GW-631215,9442.28,18884.56,AMOUNT_MISMATCH,Bank reference matched a payment candidate but amounts differ.
TXN0440,PAY0440,CMS/GW-921864/RAZORPAY/CUST0288,GW-921864,148860.81,148860.81,MATCHED,Bank reference and amount matched payment record.
TXN0441,PAY0441,CMS/GW-189525/RAZORPAY/CUST0371,GW-189525,7248.76,7248.76,MATCHED,Bank reference and amount matched payment record.
TXN0442,PAY0442,CMS/GW-978785/STRIPE/CUST0418,GW-978785,190318.94,190318.94,MATCHED,Bank reference and amount matched payment record.
TXN0443,PAY0443,CMS/GW-224973/STRIPE/CUST0197,GW-224973,61230.65,61230.65,MATCHED,Bank reference and amount matched payment record.
TXN0444,PAY0444,CMS/GW-389577/RAZORPAY/CUST0163,GW-389577,21943.33,21943.33,MATCHED,Bank reference and amount matched payment record.
TXN0445,PAY0445,CMS/GW-359454/STRIPE/CUST0491,GW-359454,2952.37,2952.37,MATCHED,Bank reference and amount matched payment record.
TXN0446,PAY0446,CMS/GW-931374/RAZORPAY/CUST0445,GW-931374,143699.79,143699.79,MATCHED,Bank reference and amount matched payment record.
TXN0447,PAY0447,CMS/GW-623736/PAYU/CUST0017,GW-623736,10993.7,10993.7,MATCHED,Bank reference and amount matched payment record.
TXN0448,PAY0448,CMS/GW-622189/STRIPE/CUST0329,GW-622189,123024.7,123024.7,MATCHED,Bank reference and amount matched payment record.
TXN0449,PAY0449,CMS/GW-112220/CASHFREE/CUST0421,GW-112220,196882.81,196882.81,MATCHED,Bank reference and amount matched payment record.
TXN0450,PAY0450,CMS/GW-971270/STRIPE/CUST0108,GW-971270,159043.96,159043.96,MATCHED,Bank reference and amount matched payment record.
TXN0451,PAY0451,CMS/GW-444489/PAYU/CUST0446,GW-444489,88034.04,88034.04,MATCHED,Bank reference and amount matched payment record.
TXN0452,PAY0452,CMS/GW-572524/STRIPE/CUST0145,GW-572524,26880.78,26880.78,MATCHED,Bank reference and amount matched payment record.
TXN0453,PAY0453,CMS/GW-755268/PAYU/CUST0125,GW-755268,29018.7,29018.7,MATCHED,Bank reference and amount matched payment record.
TXN0454,PAY0454,CMS/GW-655618/CASHFREE/CUST0012,GW-655618,50113.92,50113.92,MATCHED,Bank reference and amount matched payment record.
TXN0455,PAY0455,CMS/GW-230313/CASHFREE/CUST0425,GW-230313,72296.93,72296.93,MATCHED,Bank reference and amount matched payment record.
TXN0456,PAY0456,CMS/GW-796415/CASHFREE/CUST0340,GW-796415,59872.73,59872.73,MATCHED,Bank reference and amount matched payment record.
TXN0457,PAY0457,CMS/GW-273912/STRIPE/CUST0163,GW-273912,3623.7,3623.7,MATCHED,Bank reference and amount matched payment record.
TXN0458,PAY0458,CMS/GW-139786/PAYU/CUST0437,GW-139786,54190.88,54190.88,MATCHED,Bank reference and amount matched payment record.
TXN0459,PAY0459,CMS/GW-640981/STRIPE/CUST0131,GW-640981,129220.59,129220.59,MATCHED,Bank reference and amount matched payment record.
TXN0460,PAY0460,CMS/GW-218640/CASHFREE/CUST0040,GW-218640,37711.97,37711.97,MATCHED,Bank reference and amount matched payment record.
TXN0461,PAY0461,CMS/GW-598829/RAZORPAY/CUST0144,GW-598829,5181.9,10363.81,AMOUNT_MISMATCH,Bank reference matched a payment candidate but amounts differ.
TXN0462,PAY0462,CMS/GW-905015/RAZORPAY/CUST0054,GW-905015,2394.0,2394.0,MATCHED,Bank reference and amount matched payment record.
TXN0463,PAY0463,CMS/GW-213554/CASHFREE/CUST0152,GW-213554,45717.34,45717.34,MATCHED,Bank reference and amount matched payment record.
TXN0464,PAY0464,CMS/GW-913572/STRIPE/CUST0358,GW-913572,1644.39,1644.39,MATCHED,Bank reference and amount matched payment record.
TXN0465,PAY0465,CMS/GW-207138/PAYU/CUST0017,GW-207138,105198.62,105198.62,MATCHED,Bank reference and amount matched payment record.
TXN0466,PAY0466,CMS/GW-233864/CASHFREE/CUST0251,GW-233864,10358.1,10358.1,MATCHED,Bank reference and amount matched payment record.
TXN0467,PAY0467,CMS/GW-529094/STRIPE/CUST0395,GW-529094,41566.52,41566.52,MATCHED,Bank reference and amount matched payment record.
TXN0468,PAY0468,CMS/GW-201916/RAZORPAY/CUST0357,GW-201916,19841.83,19841.83,MATCHED,Bank reference and amount matched payment record.
TXN0469,PAY0469,CMS/GW-947668/RAZORPAY/CUST0426,GW-947668,195177.09,195177.09,MATCHED,Bank reference and amount matched payment record.
TXN0470,PAY0470,CMS/GW-669441/STRIPE/CUST0179,GW-669441,3049.58,3049.58,MATCHED,Bank reference and amount matched payment record.
TXN0471,PAY0471,CMS/GW-185845/PAYU/CUST0144,GW-185845,168530.95,168530.95,MATCHED,Bank reference and amount matched payment record.
TXN0472,PAY0472,CMS/GW-535814/CASHFREE/CUST0100,GW-535814,67066.02,67066.02,MATCHED,Bank reference and amount matched payment record.
TXN0473,PAY0473,CMS/GW-862663/PAYU/CUST0228,GW-862663,2661.61,2661.61,MATCHED,Bank reference and amount matched payment record.
TXN0474,PAY0474,CMS/GW-986287/PAYU/CUST0489,GW-986287,2832.45,2832.45,MATCHED,Bank reference and amount matched payment record.
TXN0475,PAY0475,CMS/GW-314881/STRIPE/CUST0299,GW-314881,13146.41,13146.41,MATCHED,Bank reference and amount matched payment record.
TXN0476,PAY0476,CMS/GW-963390/RAZORPAY/CUST0025,GW-963390,5410.64,5410.64,MATCHED,Bank reference and amount matched payment record.
TXN0477,PAY0477,CMS/GW-258226/CASHFREE/CUST0227,GW-258226,13898.66,13898.66,MATCHED,Bank reference and amount matched payment record.
TXN0478,PAY0478,CMS/GW-849946/CASHFREE/CUST0076,GW-849946,38226.09,38226.09,MATCHED,Bank reference and amount matched payment record.
TXN0479,PAY0479,CMS/GW-989816/STRIPE/CUST0155,GW-989816,22798.81,22798.81,MATCHED,Bank reference and amount matched payment record.
TXN0480,PAY0480,CMS/GW-966787/PAYU/CUST0352,GW-966787,55946.25,55946.25,MATCHED,Bank reference and amount matched payment record.
TXN0481,PAY0174,CMS/GW-391236/RAZORPAY/CUST0460,GW-391236,41642.41,41642.41,DUPLICATE_PAYMENT,Bank reference points to a payment already legitimately associated with another transaction.
TXN0482,PAY0482,CMS/GW-721794/STRIPE/CUST0447,GW-721794,90431.67,90431.67,MATCHED,Bank reference and amount matched payment record.
TXN0483,PAY0483,CMS/GW-964190/PAYU/CUST0278,GW-964190,4494.48,4494.48,MATCHED,Bank reference and amount matched payment record.
TXN0484,PAY0484,CMS/GW-485026/PAYU/CUST0205,GW-485026,38147.49,38147.49,MATCHED,Bank reference and amount matched payment record.
TXN0485,PAY0485,CMS/GW-390302/CASHFREE/CUST0207,GW-390302,20810.73,20810.73,MATCHED,Bank reference and amount matched payment record.
TXN0486,PAY0486,CMS/GW-786682/PAYU/CUST0128,GW-786682,8914.65,8914.65,MATCHED,Bank reference and amount matched payment record.
TXN0487,PAY0487,CMS/GW-568343/RAZORPAY/CUST0140,GW-568343,193974.68,193974.68,MATCHED,Bank reference and amount matched payment record.
TXN0488,PAY0488,CMS/GW-346646/PAYU/CUST0310,GW-346646,1947.81,1947.81,MATCHED,Bank reference and amount matched payment record.
TXN0489,PAY0489,CMS/GW-719475/RAZORPAY/CUST0430,GW-719475,7412.42,7362.42,AMOUNT_MISMATCH,Bank reference matched a payment candidate but amounts differ.
TXN0490,PAY0490,CMS/GW-238789/PAYU/CUST0415,GW-238789,1028.66,1028.66,MATCHED,Bank reference and amount matched payment record.
TXN0491,PAY0057,CMS/GW-302713/RAZORPAY/CUST0494,GW-302713,33757.57,33757.57,DUPLICATE_PAYMENT,Bank reference points to a payment already legitimately associated with another transaction.
TXN0492,PAY0492,CMS/GW-939246/PAYU/CUST0190,GW-939246,49323.27,49323.27,MATCHED,Bank reference and amount matched payment record.
TXN0493,PAY0493,CMS/GW-267939/STRIPE/CUST0308,GW-267939,24159.14,24159.14,MATCHED,Bank reference and amount matched payment record.
TXN0494,PAY0255,CMS/GW-235427/STRIPE/CUST0112,GW-235427,3695.83,3695.83,DUPLICATE_PAYMENT,Bank reference points to a payment already legitimately associated with another transaction.
TXN0495,PAY0495,CMS/GW-369021/RAZORPAY/CUST0088,GW-369021,109427.81,109427.81,MATCHED,Bank reference and amount matched payment record.
TXN0496,PAY0496,CMS/GW-916386/CASHFREE/CUST0369,GW-916386,130076.6,130076.6,MATCHED,Bank reference and amount matched payment record.
TXN0497,PAY0497,CMS/GW-163469/CASHFREE/CUST0237,GW-163469,12311.83,12311.83,MATCHED,Bank reference and amount matched payment record.
TXN0498,PAY0498,CMS/GW-352781/CASHFREE/CUST0371,GW-352781,7091.53,7091.53,MATCHED,Bank reference and amount matched payment record.
TXN0499,PAY0499,CMS/GW-649132/PAYU/CUST0145,GW-649132,2997.41,2997.41,MATCHED,Bank reference and amount matched payment record.
TXN0500,PAY0500,CMS/GW-612319/CASHFREE/CUST0307,GW-612319,60358.77,60358.77,MATCHED,Bank reference and amount matched payment record.
