invoice_id,customer_id,invoice_date,due_date,invoice_amount,currency,description,invoice_status,normalized_invoice_amount,normalized_invoice_date,normalized_due_date
INV0001,CUST0322,2026-04-16,2026-05-01,194659.82,INR,Logistics & Freight Services,Paid,194659.82,2026-04-16,2026-05-01
INV0002,CUST0274,2026-02-25,2026-04-11,16452.59,INR,Cybersecurity Audit,Paid,16452.59,2026-02-25,2026-04-11
INV0003,CUST0022,2026-06-01,2026-07-16,41110.22,INR,Annual Maintenance Contract,Paid,41110.22,2026-06-01,2026-07-16
INV0004,CUST0416,2026-05-18,2026-06-02,3748.91,INR,Cloud Infrastructure Hosting,Paid,3748.91,2026-05-18,2026-06-02
INV0005,CUST0079,2026-06-03,2026-07-18,1616.7,INR,Cloud Infrastructure Hosting,Paid,1616.7,2026-06-03,2026-07-18
INV0006,CUST0062,2026-05-23,2026-07-07,69840.43,INR,Data Analytics Module,Paid,69840.43,2026-05-23,2026-07-07
INV0007,CUST0116,2026-02-13,2026-03-15,187773.26,INR,Data Analytics Module,Paid,187773.26,2026-02-13,2026-03-15
INV0008,CUST0210,2026-06-01,2026-07-01,168333.25,INR,Logistics & Freight Services,Pending,168333.25,2026-06-01,2026-07-01
INV0009,CUST0075,2026-05-20,2026-07-04,32890.57,INR,Cybersecurity Audit,Paid,32890.57,2026-05-20,2026-07-04
INV0010,CUST0049,2026-06-23,2026-07-23,21947.13,INR,SaaS Subscription,Partially_Paid,21947.13,2026-06-23,2026-07-23
INV0011,CUST0287,2026-06-29,2026-07-29,179950.63,INR,Enterprise License Fee,Paid,179950.63,2026-06-29,2026-07-29
INV0012,CUST0010,2026-02-23,2026-03-25,17456.51,INR,Logistics & Freight Services,Paid,17456.51,2026-02-23,2026-03-25
INV0013,CUST0311,2026-06-22,2026-07-07,6685.64,INR,SaaS Subscription,Paid,6685.64,2026-06-22,2026-07-07
INV0014,CUST0340,2026-03-29,2026-04-28,39044.23,INR,Data Analytics Module,Paid,39044.23,2026-03-29,2026-04-28
INV0015,CUST0189,2026-03-12,2026-04-26,86502.52,INR,API Integration Fee,Paid,86502.52,2026-03-12,2026-04-26
INV0016,CUST0174,2026-04-03,2026-04-18,171118.82,INR,SaaS Subscription,Paid,171118.82,2026-04-03,2026-04-18
INV0017,CUST0220,2026-05-11,2026-06-25,173094.18,INR,API Integration Fee,Paid,173094.18,2026-05-11,2026-06-25
INV0018,CUST0283,2026-06-30,2026-07-15,3779.34,INR,IT Consulting Services,Paid,3779.34,2026-06-30,2026-07-15
INV0019,CUST0235,2026-02-13,2026-02-28,129670.07,INR,API Integration Fee,Paid,129670.07,2026-02-13,2026-02-28
INV0020,CUST0383,2026-04-15,2026-04-30,4550.59,INR,Logistics & Freight Services,Paid,4550.59,2026-04-15,2026-04-30
INV0021,CUST0217,2026-06-19,2026-07-19,159394.71,INR,Cybersecurity Audit,Paid,159394.71,2026-06-19,2026-07-19
INV0022,CUST0323,2026-04-23,2026-06-07,3229.74,INR,Cloud Infrastructure Hosting,Paid,3229.74,2026-04-23,2026-06-07
INV0023,CUST0222,2026-02-18,2026-03-20,60650.6,INR,Data Analytics Module,Paid,60650.6,2026-02-18,2026-03-20
INV0024,CUST0250,2026-02-05,2026-02-20,4069.99,INR,Cloud Infrastructure Hosting,Paid,4069.99,2026-02-05,2026-02-20
INV0025,CUST0280,2026-05-15,2026-06-29,4758.83,INR,Cybersecurity Audit,Paid,4758.83,2026-05-15,2026-06-29
INV0026,CUST0012,2026-02-09,2026-03-11,30052.23,INR,Annual Maintenance Contract,Paid,30052.23,2026-02-09,2026-03-11
INV0027,CUST0079,2026-03-20,2026-04-19,19339.28,INR,Data Analytics Module,Paid,19339.28,2026-03-20,2026-04-19
INV0028,CUST0394,2026-01-30,2026-03-16,12632.38,INR,IT Consulting Services,Paid,12632.38,2026-01-30,2026-03-16
INV0029,CUST0393,2026-04-21,2026-06-05,3111.55,INR,Annual Maintenance Contract,Paid,3111.55,2026-04-21,2026-06-05
INV0030,CUST0414,2026-01-29,2026-02-13,4123.39,INR,Logistics & Freight Services,Paid,4123.39,2026-01-29,2026-02-13
INV0031,CUST0112,2026-06-30,2026-08-14,4113.83,INR,Enterprise License Fee,Paid,4113.83,2026-06-30,2026-08-14
INV0032,CUST0087,2026-06-16,2026-07-01,58976.08,INR,Data Analytics Module,Paid,58976.08,2026-06-16,2026-07-01
INV0033,CUST0275,2026-04-11,2026-05-11,146705.82,INR,IT Consulting Services,Paid,146705.82,2026-04-11,2026-05-11
INV0034,CUST0143,2026-06-15,2026-07-30,6848.31,INR,IT Consulting Services,Paid,6848.31,2026-06-15,2026-07-30
INV0035,CUST0282,2026-01-30,2026-02-14,139762.26,INR,Cloud Infrastructure Hosting,Paid,139762.26,2026-01-30,2026-02-14
INV0036,CUST0060,2026-04-07,2026-04-22,16893.21,INR,IT Consulting Services,Paid,16893.21,2026-04-07,2026-04-22
INV0037,CUST0242,2026-02-10,2026-03-27,4795.26,INR,Digital Marketing Campaign,Paid,4795.26,2026-02-10,2026-03-27
INV0038,CUST0196,2026-06-12,2026-07-27,179833.65,INR,Data Analytics Module,Paid,179833.65,2026-06-12,2026-07-27
INV0039,CUST0379,2026-06-09,2026-07-09,2612.75,INR,Cybersecurity Audit,Paid,2612.75,2026-06-09,2026-07-09
INV0040,CUST0410,2026-01-26,2026-02-10,60449.68,INR,Logistics & Freight Services,Paid,60449.68,2026-01-26,2026-02-10
INV0041,CUST0261,2026-03-19,2026-04-03,21495.63,INR,SaaS Subscription,Paid,21495.63,2026-03-19,2026-04-03
INV0042,CUST0264,2026-03-28,2026-05-12,79121.27,INR,Cybersecurity Audit,Paid,79121.27,2026-03-28,2026-05-12
INV0043,CUST0270,2026-04-20,2026-05-20,176041.58,INR,Enterprise License Fee,Paid,176041.58,2026-04-20,2026-05-20
INV0044,CUST0202,2026-05-02,2026-05-17,2459.51,INR,Data Analytics Module,Paid,2459.51,2026-05-02,2026-05-17
INV0045,CUST0121,2026-03-24,2026-04-23,6934.26,INR,Enterprise License Fee,Paid,6934.26,2026-03-24,2026-04-23
INV0046,CUST0093,2026-02-01,2026-02-16,2058.94,INR,Cloud Infrastructure Hosting,Paid,2058.94,2026-02-01,2026-02-16
INV0047,CUST0449,2026-01-17,2026-02-16,2740.43,INR,Digital Marketing Campaign,Paid,2740.43,2026-01-17,2026-02-16
INV0048,CUST0180,2026-02-13,2026-02-28,110975.23,INR,Cybersecurity Audit,Paid,110975.23,2026-02-13,2026-02-28
INV0049,CUST0440,2026-06-07,2026-07-22,101753.71,INR,API Integration Fee,Paid,101753.71,2026-06-07,2026-07-22
INV0050,CUST0437,2026-03-08,2026-03-23,57481.25,INR,SaaS Subscription,Pending,57481.25,2026-03-08,2026-03-23
INV0051,CUST0163,2026-06-13,2026-06-28,135412.14,INR,Data Analytics Module,Paid,135412.14,2026-06-13,2026-06-28
INV0052,CUST0008,2026-04-02,2026-05-02,81202.44,INR,Digital Marketing Campaign,Paid,81202.44,2026-04-02,2026-05-02
INV0053,CUST0222,2026-03-08,2026-04-07,22295.29,INR,SaaS Subscription,Paid,22295.29,2026-03-08,2026-04-07
INV0054,CUST0347,2026-06-06,2026-07-21,92971.23,INR,Cloud Infrastructure Hosting,Paid,92971.23,2026-06-06,2026-07-21
INV0055,CUST0226,2026-05-24,2026-07-08,190671.09,INR,IT Consulting Services,Paid,190671.09,2026-05-24,2026-07-08
INV0056,CUST0025,2026-01-18,2026-02-17,13251.73,INR,IT Consulting Services,Paid,13251.73,2026-01-18,2026-02-17
INV0057,CUST0494,2026-04-29,2026-06-13,33757.57,INR,Cybersecurity Audit,Paid,33757.57,2026-04-29,2026-06-13
INV0058,CUST0496,2026-01-20,2026-02-04,40204.74,INR,API Integration Fee,Paid,40204.74,2026-01-20,2026-02-04
INV0059,CUST0179,2026-02-05,2026-02-20,126841.45,INR,Logistics & Freight Services,Paid,126841.45,2026-02-05,2026-02-20
INV0060,CUST0305,2026-02-04,2026-03-21,68899.66,INR,Digital Marketing Campaign,Paid,68899.66,2026-02-04,2026-03-21
INV0061,CUST0202,2026-01-27,2026-02-11,129725.17,INR,SaaS Subscription,Paid,129725.17,2026-01-27,2026-02-11
INV0062,CUST0047,2026-02-21,2026-04-07,1411.56,INR,Data Analytics Module,Paid,1411.56,2026-02-21,2026-04-07
INV0063,CUST0382,2026-06-07,2026-06-22,139076.6,INR,Logistics & Freight Services,Paid,139076.6,2026-06-07,2026-06-22
INV0064,CUST0276,2026-01-21,2026-03-07,3414.54,INR,Data Analytics Module,Paid,3414.54,2026-01-21,2026-03-07
INV0065,CUST0136,2026-01-31,2026-02-15,2402.03,INR,Logistics & Freight Services,Paid,2402.03,2026-01-31,2026-02-15
INV0066,CUST0360,2026-06-04,2026-07-04,178538.03,INR,Logistics & Freight Services,Paid,178538.03,2026-06-04,2026-07-04
INV0067,CUST0366,2026-03-03,2026-04-17,19807.39,INR,Data Analytics Module,Paid,19807.39,2026-03-03,2026-04-17
INV0068,CUST0397,2026-02-27,2026-03-29,50006.63,INR,Digital Marketing Campaign,Paid,50006.63,2026-02-27,2026-03-29
INV0069,CUST0456,2026-05-15,2026-06-29,30032.98,INR,Enterprise License Fee,Pending,30032.98,2026-05-15,2026-06-29
INV0070,CUST0136,2026-06-07,2026-07-22,75070.87,INR,API Integration Fee,Paid,75070.87,2026-06-07,2026-07-22
INV0071,CUST0005,2026-02-15,2026-03-17,4834.33,INR,SaaS Subscription,Paid,4834.33,2026-02-15,2026-03-17
INV0072,CUST0068,2026-01-05,2026-01-20,2702.94,INR,Enterprise License Fee,Paid,2702.94,2026-01-05,2026-01-20
INV0073,CUST0017,2026-02-21,2026-03-08,1903.02,INR,Cloud Infrastructure Hosting,Paid,1903.02,2026-02-21,2026-03-08
INV0074,CUST0043,2026-01-21,2026-02-05,38215.48,INR,Digital Marketing Campaign,Paid,38215.48,2026-01-21,2026-02-05
INV0075,CUST0387,2026-04-24,2026-05-09,14850.9,INR,Data Analytics Module,Paid,14850.9,2026-04-24,2026-05-09
INV0076,CUST0398,2026-06-04,2026-07-04,22310.14,INR,Enterprise License Fee,Paid,22310.14,2026-06-04,2026-07-04
INV0077,CUST0250,2026-06-25,2026-07-10,2804.91,INR,Data Analytics Module,Paid,2804.91,2026-06-25,2026-07-10
INV0078,CUST0279,2026-03-22,2026-04-06,119573.13,INR,Logistics & Freight Services,Paid,119573.13,2026-03-22,2026-04-06
INV0079,CUST0281,2026-01-24,2026-02-08,14103.78,INR,Cybersecurity Audit,Paid,14103.78,2026-01-24,2026-02-08
INV0080,CUST0440,2026-06-06,2026-06-21,64327.38,INR,IT Consulting Services,Paid,64327.38,2026-06-06,2026-06-21
INV0081,CUST0115,2026-04-30,2026-06-14,62548.67,INR,API Integration Fee,Paid,62548.67,2026-04-30,2026-06-14
INV0082,CUST0063,2026-03-22,2026-04-06,15719.35,INR,Cybersecurity Audit,Paid,15719.35,2026-03-22,2026-04-06
INV0083,CUST0203,2026-06-27,2026-07-12,3393.32,INR,Cybersecurity Audit,Paid,3393.32,2026-06-27,2026-07-12
INV0084,CUST0086,2026-02-02,2026-02-17,62932.36,INR,Data Analytics Module,Paid,62932.36,2026-02-02,2026-02-17
INV0085,CUST0441,2026-03-24,2026-04-08,795.78,INR,Cloud Infrastructure Hosting,Paid,795.78,2026-03-24,2026-04-08
INV0086,CUST0391,2026-03-11,2026-03-26,1559.55,INR,Cloud Infrastructure Hosting,Paid,1559.55,2026-03-11,2026-03-26
INV0087,CUST0199,2026-01-20,2026-02-04,1375.02,INR,SaaS Subscription,Paid,1375.02,2026-01-20,2026-02-04
INV0088,CUST0140,2026-05-17,2026-06-01,10012.54,INR,API Integration Fee,Paid,10012.54,2026-05-17,2026-06-01
INV0089,CUST0326,2026-01-17,2026-02-01,7641.58,INR,Enterprise License Fee,Paid,7641.58,2026-01-17,2026-02-01
INV0090,CUST0024,2026-03-16,2026-04-30,34425.9,INR,Data Analytics Module,Paid,34425.9,2026-03-16,2026-04-30
INV0091,CUST0362,2026-02-10,2026-03-27,117251.06,INR,Data Analytics Module,Paid,117251.06,2026-02-10,2026-03-27
INV0092,CUST0371,2026-01-14,2026-02-28,123740.45,INR,Cybersecurity Audit,Paid,123740.45,2026-01-14,2026-02-28
INV0093,CUST0261,2026-04-30,2026-06-14,3207.22,INR,Digital Marketing Campaign,Paid,3207.22,2026-04-30,2026-06-14
INV0094,CUST0236,2026-02-15,2026-03-02,190182.21,INR,Cybersecurity Audit,Paid,190182.21,2026-02-15,2026-03-02
INV0095,CUST0210,2026-03-19,2026-05-03,16244.75,INR,SaaS Subscription,Paid,16244.75,2026-03-19,2026-05-03
INV0096,CUST0372,2026-06-07,2026-07-07,142115.1,INR,API Integration Fee,Paid,142115.1,2026-06-07,2026-07-07
INV0097,CUST0437,2026-05-07,2026-05-22,17569.24,INR,Data Analytics Module,Paid,17569.24,2026-05-07,2026-05-22
INV0098,CUST0195,2026-02-09,2026-03-11,71617.48,INR,IT Consulting Services,Paid,71617.48,2026-02-09,2026-03-11
INV0099,CUST0243,2026-04-23,2026-05-23,6693.63,INR,Data Analytics Module,Paid,6693.63,2026-04-23,2026-05-23
INV0100,CUST0273,2026-06-01,2026-07-16,95268.72,INR,Annual Maintenance Contract,Paid,95268.72,2026-06-01,2026-07-16
INV0101,CUST0113,2026-05-15,2026-05-30,112773.91,INR,IT Consulting Services,Paid,112773.91,2026-05-15,2026-05-30
INV0102,CUST0093,2026-01-15,2026-02-14,11725.04,INR,Enterprise License Fee,Paid,11725.04,2026-01-15,2026-02-14
INV0103,CUST0441,2026-01-09,2026-02-23,2422.4,INR,Cybersecurity Audit,Paid,2422.4,2026-01-09,2026-02-23
INV0104,CUST0430,2026-06-12,2026-07-27,75463.93,INR,API Integration Fee,Paid,75463.93,2026-06-12,2026-07-27
INV0105,CUST0411,2026-03-02,2026-03-17,4098.29,INR,Annual Maintenance Contract,Paid,4098.29,2026-03-02,2026-03-17
INV0106,CUST0037,2026-01-16,2026-01-31,70744.74,INR,Logistics & Freight Services,Paid,70744.74,2026-01-16,2026-01-31
INV0107,CUST0381,2026-06-21,2026-07-06,17700.81,INR,Annual Maintenance Contract,Paid,17700.81,2026-06-21,2026-07-06
INV0108,CUST0329,2026-05-10,2026-06-24,19753.16,INR,Data Analytics Module,Pending,19753.16,2026-05-10,2026-06-24
INV0109,CUST0196,2026-06-15,2026-07-30,71978.75,INR,Digital Marketing Campaign,Paid,71978.75,2026-06-15,2026-07-30
INV0110,CUST0137,2026-06-05,2026-07-20,182011.76,INR,IT Consulting Services,Paid,182011.76,2026-06-05,2026-07-20
INV0111,CUST0039,2026-05-14,2026-06-13,10234.06,INR,SaaS Subscription,Paid,10234.06,2026-05-14,2026-06-13
INV0112,CUST0333,2026-04-09,2026-05-24,18158.5,INR,Digital Marketing Campaign,Paid,18158.5,2026-04-09,2026-05-24
INV0113,CUST0236,2026-04-26,2026-05-26,142304.98,INR,Digital Marketing Campaign,Paid,142304.98,2026-04-26,2026-05-26
INV0114,CUST0465,2026-03-01,2026-04-15,78881.25,INR,Enterprise License Fee,Paid,78881.25,2026-03-01,2026-04-15
INV0115,CUST0207,2026-01-29,2026-03-15,772.26,INR,Cybersecurity Audit,Paid,772.26,2026-01-29,2026-03-15
INV0116,CUST0088,2026-02-07,2026-02-22,55135.07,INR,Logistics & Freight Services,Paid,55135.07,2026-02-07,2026-02-22
INV0117,CUST0033,2026-05-05,2026-06-04,148988.17,INR,API Integration Fee,Paid,148988.17,2026-05-05,2026-06-04
INV0118,CUST0211,2026-04-20,2026-05-05,12188.78,INR,API Integration Fee,Paid,12188.78,2026-04-20,2026-05-05
INV0119,CUST0201,2026-02-17,2026-03-19,50045.43,INR,SaaS Subscription,Paid,50045.43,2026-02-17,2026-03-19
INV0120,CUST0291,2026-01-23,2026-02-22,172033.46,INR,Data Analytics Module,Paid,172033.46,2026-01-23,2026-02-22
INV0121,CUST0409,2026-03-28,2026-05-12,93334.99,INR,API Integration Fee,Paid,93334.99,2026-03-28,2026-05-12
INV0122,CUST0046,2026-05-04,2026-06-03,1914.57,INR,Data Analytics Module,Paid,1914.57,2026-05-04,2026-06-03
INV0123,CUST0208,2026-05-04,2026-06-18,14659.58,INR,Logistics & Freight Services,Paid,14659.58,2026-05-04,2026-06-18
INV0124,CUST0059,2026-02-27,2026-03-14,73099.46,INR,Digital Marketing Campaign,Paid,73099.46,2026-02-27,2026-03-14
INV0125,CUST0425,2026-02-01,2026-03-03,8937.17,INR,Annual Maintenance Contract,Paid,8937.17,2026-02-01,2026-03-03
INV0126,CUST0038,2026-03-25,2026-05-09,8386.34,INR,IT Consulting Services,Paid,8386.34,2026-03-25,2026-05-09
INV0127,CUST0041,2026-06-23,2026-08-07,34895.47,INR,IT Consulting Services,Paid,34895.47,2026-06-23,2026-08-07
INV0128,CUST0365,2026-04-03,2026-04-18,149642.71,INR,API Integration Fee,Paid,149642.71,2026-04-03,2026-04-18
INV0129,CUST0019,2026-04-26,2026-05-11,195580.93,INR,API Integration Fee,Paid,195580.93,2026-04-26,2026-05-11
INV0130,CUST0077,2026-04-13,2026-05-28,17264.29,INR,Enterprise License Fee,Paid,17264.29,2026-04-13,2026-05-28
INV0131,CUST0218,2026-01-30,2026-03-16,45331.57,INR,Digital Marketing Campaign,Paid,45331.57,2026-01-30,2026-03-16
INV0132,CUST0180,2026-01-21,2026-03-07,74508.78,INR,Annual Maintenance Contract,Paid,74508.78,2026-01-21,2026-03-07
INV0133,CUST0389,2026-02-19,2026-04-05,2330.85,INR,IT Consulting Services,Pending,2330.85,2026-02-19,2026-04-05
INV0134,CUST0253,2026-05-14,2026-06-13,19680.69,INR,IT Consulting Services,Paid,19680.69,2026-05-14,2026-06-13
INV0135,CUST0413,2026-05-23,2026-07-07,1330.94,INR,API Integration Fee,Paid,1330.94,2026-05-23,2026-07-07
INV0136,CUST0229,2026-04-30,2026-05-15,40275.69,INR,Digital Marketing Campaign,Paid,40275.69,2026-04-30,2026-05-15
INV0137,CUST0356,2026-06-27,2026-07-12,13105.94,INR,Cloud Infrastructure Hosting,Pending,13105.94,2026-06-27,2026-07-12
INV0138,CUST0205,2026-04-25,2026-06-09,4070.98,INR,API Integration Fee,Paid,4070.98,2026-04-25,2026-06-09
INV0139,CUST0301,2026-06-02,2026-07-17,23890.0,INR,SaaS Subscription,Paid,23890.0,2026-06-02,2026-07-17
INV0140,CUST0203,2026-06-02,2026-07-02,112179.58,INR,Data Analytics Module,Paid,112179.58,2026-06-02,2026-07-02
INV0141,CUST0377,2026-04-27,2026-06-11,6249.41,INR,Cybersecurity Audit,Paid,6249.41,2026-04-27,2026-06-11
INV0142,CUST0281,2026-03-05,2026-04-04,40283.94,INR,Enterprise License Fee,Paid,40283.94,2026-03-05,2026-04-04
INV0143,CUST0391,2026-06-20,2026-07-05,62722.09,INR,Cloud Infrastructure Hosting,Paid,62722.09,2026-06-20,2026-07-05
INV0144,CUST0275,2026-02-17,2026-03-04,1935.15,INR,Cybersecurity Audit,Paid,1935.15,2026-02-17,2026-03-04
INV0145,CUST0258,2026-03-15,2026-04-14,3625.31,INR,Logistics & Freight Services,Paid,3625.31,2026-03-15,2026-04-14
INV0146,CUST0351,2026-02-10,2026-03-12,2074.17,INR,IT Consulting Services,Paid,2074.17,2026-02-10,2026-03-12
INV0147,CUST0484,2026-01-22,2026-02-06,193785.39,INR,Data Analytics Module,Paid,193785.39,2026-01-22,2026-02-06
INV0148,CUST0313,2026-05-04,2026-05-19,103616.63,INR,SaaS Subscription,Paid,103616.63,2026-05-04,2026-05-19
INV0149,CUST0313,2026-04-07,2026-04-22,60298.58,INR,API Integration Fee,Paid,60298.58,2026-04-07,2026-04-22
INV0150,CUST0083,2026-04-16,2026-05-31,105903.09,INR,Logistics & Freight Services,Paid,105903.09,2026-04-16,2026-05-31
INV0151,CUST0245,2026-04-22,2026-05-07,2907.19,INR,Cybersecurity Audit,Paid,2907.19,2026-04-22,2026-05-07
INV0152,CUST0173,2026-01-12,2026-02-11,4813.18,INR,Cybersecurity Audit,Paid,4813.18,2026-01-12,2026-02-11
INV0153,CUST0339,2026-04-25,2026-06-09,52788.93,INR,API Integration Fee,Paid,52788.93,2026-04-25,2026-06-09
INV0154,CUST0069,2026-02-12,2026-03-29,39134.36,INR,Digital Marketing Campaign,Paid,39134.36,2026-02-12,2026-03-29
INV0155,CUST0284,2026-01-23,2026-02-22,74391.65,INR,IT Consulting Services,Paid,74391.65,2026-01-23,2026-02-22
INV0156,CUST0260,2026-01-29,2026-02-13,137417.47,INR,Logistics & Freight Services,Paid,137417.47,2026-01-29,2026-02-13
INV0157,CUST0313,2026-05-06,2026-06-20,75686.84,INR,SaaS Subscription,Paid,75686.84,2026-05-06,2026-06-20
INV0158,CUST0069,2026-02-21,2026-03-08,36290.79,INR,Enterprise License Fee,Paid,36290.79,2026-02-21,2026-03-08
INV0159,CUST0451,2026-05-17,2026-07-01,68245.1,INR,Cybersecurity Audit,Paid,68245.1,2026-05-17,2026-07-01
INV0160,CUST0399,2026-03-21,2026-04-05,1349.9,INR,Cybersecurity Audit,Paid,1349.9,2026-03-21,2026-04-05
INV0161,CUST0076,2026-01-03,2026-02-17,11705.07,INR,Logistics & Freight Services,Paid,11705.07,2026-01-03,2026-02-17
INV0162,CUST0129,2026-04-15,2026-05-15,6279.41,INR,Cloud Infrastructure Hosting,Paid,6279.41,2026-04-15,2026-05-15
INV0163,CUST0460,2026-02-14,2026-03-01,20792.11,INR,Cybersecurity Audit,Paid,20792.11,2026-02-14,2026-03-01
INV0164,CUST0072,2026-05-18,2026-06-17,24306.85,INR,Digital Marketing Campaign,Paid,24306.85,2026-05-18,2026-06-17
INV0165,CUST0482,2026-05-01,2026-06-15,7076.17,INR,Cloud Infrastructure Hosting,Paid,7076.17,2026-05-01,2026-06-15
INV0166,CUST0307,2026-03-28,2026-04-27,1145.19,INR,API Integration Fee,Paid,1145.19,2026-03-28,2026-04-27
INV0167,CUST0362,2026-03-24,2026-04-23,2574.76,INR,Cybersecurity Audit,Paid,2574.76,2026-03-24,2026-04-23
INV0168,CUST0283,2026-06-10,2026-07-25,17674.02,INR,Annual Maintenance Contract,Paid,17674.02,2026-06-10,2026-07-25
INV0169,CUST0303,2026-03-20,2026-05-04,788.78,INR,Annual Maintenance Contract,Paid,788.78,2026-03-20,2026-05-04
INV0170,CUST0435,2026-01-08,2026-02-07,16814.69,INR,Annual Maintenance Contract,Paid,16814.69,2026-01-08,2026-02-07
INV0171,CUST0031,2026-01-11,2026-01-26,12994.79,INR,Cybersecurity Audit,Paid,12994.79,2026-01-11,2026-01-26
INV0172,CUST0154,2026-05-29,2026-06-28,125990.66,INR,Cloud Infrastructure Hosting,Paid,125990.66,2026-05-29,2026-06-28
INV0173,CUST0492,2026-02-27,2026-03-14,2744.0,INR,SaaS Subscription,Paid,2744.0,2026-02-27,2026-03-14
INV0174,CUST0460,2026-05-03,2026-05-18,41642.41,INR,IT Consulting Services,Paid,41642.41,2026-05-03,2026-05-18
INV0175,CUST0047,2026-02-20,2026-04-06,60453.13,INR,API Integration Fee,Paid,60453.13,2026-02-20,2026-04-06
INV0176,CUST0106,2026-04-11,2026-04-26,22173.63,INR,Cybersecurity Audit,Paid,22173.63,2026-04-11,2026-04-26
INV0177,CUST0051,2026-04-28,2026-06-12,1735.42,INR,Data Analytics Module,Paid,1735.42,2026-04-28,2026-06-12
INV0178,CUST0024,2026-06-03,2026-06-18,38623.54,INR,Logistics & Freight Services,Paid,38623.54,2026-06-03,2026-06-18
INV0179,CUST0252,2026-04-30,2026-05-30,1381.14,INR,Logistics & Freight Services,Paid,1381.14,2026-04-30,2026-05-30
INV0180,CUST0097,2026-03-11,2026-04-25,660.2,INR,Enterprise License Fee,Paid,660.2,2026-03-11,2026-04-25
INV0181,CUST0427,2026-04-05,2026-05-05,47661.41,INR,Enterprise License Fee,Paid,47661.41,2026-04-05,2026-05-05
INV0182,CUST0220,2026-06-15,2026-06-30,12567.33,INR,SaaS Subscription,Paid,12567.33,2026-06-15,2026-06-30
INV0183,CUST0325,2026-04-20,2026-06-04,44622.91,INR,Cybersecurity Audit,Paid,44622.91,2026-04-20,2026-06-04
INV0184,CUST0434,2026-02-04,2026-03-06,21743.62,INR,IT Consulting Services,Paid,21743.62,2026-02-04,2026-03-06
INV0185,CUST0374,2026-06-29,2026-08-13,37960.34,INR,Digital Marketing Campaign,Paid,37960.34,2026-06-29,2026-08-13
INV0186,CUST0061,2026-05-20,2026-07-04,15581.54,INR,Annual Maintenance Contract,Paid,15581.54,2026-05-20,2026-07-04
INV0187,CUST0449,2026-04-07,2026-05-22,3878.1,INR,Data Analytics Module,Paid,3878.1,2026-04-07,2026-05-22
INV0188,CUST0466,2026-04-16,2026-05-01,64829.8,INR,Logistics & Freight Services,Paid,64829.8,2026-04-16,2026-05-01
INV0189,CUST0473,2026-01-09,2026-02-08,182788.89,INR,API Integration Fee,Paid,182788.89,2026-01-09,2026-02-08
INV0190,CUST0416,2026-02-16,2026-03-18,45985.31,INR,Enterprise License Fee,Paid,45985.31,2026-02-16,2026-03-18
INV0191,CUST0159,2026-05-25,2026-06-09,169328.02,INR,Digital Marketing Campaign,Paid,169328.02,2026-05-25,2026-06-09
INV0192,CUST0330,2026-04-01,2026-05-16,2436.35,INR,Cybersecurity Audit,Paid,2436.35,2026-04-01,2026-05-16
INV0193,CUST0398,2026-01-27,2026-02-11,557.48,INR,Digital Marketing Campaign,Paid,557.48,2026-01-27,2026-02-11
INV0194,CUST0335,2026-05-25,2026-06-09,55920.8,INR,API Integration Fee,Paid,55920.8,2026-05-25,2026-06-09
INV0195,CUST0484,2026-01-21,2026-03-07,12951.73,INR,Cloud Infrastructure Hosting,Paid,12951.73,2026-01-21,2026-03-07
INV0196,CUST0479,2026-01-02,2026-01-17,2031.72,INR,Logistics & Freight Services,Paid,2031.72,2026-01-02,2026-01-17
INV0197,CUST0145,2026-02-12,2026-03-29,676.86,INR,Cloud Infrastructure Hosting,Paid,676.86,2026-02-12,2026-03-29
INV0198,CUST0319,2026-04-29,2026-06-13,39193.26,INR,Data Analytics Module,Paid,39193.26,2026-04-29,2026-06-13
INV0199,CUST0133,2026-01-23,2026-03-09,2415.41,INR,API Integration Fee,Paid,2415.41,2026-01-23,2026-03-09
INV0200,CUST0175,2026-01-24,2026-02-08,152141.57,INR,Cloud Infrastructure Hosting,Paid,152141.57,2026-01-24,2026-02-08
INV0201,CUST0409,2026-03-06,2026-04-20,975.62,INR,Data Analytics Module,Paid,975.62,2026-03-06,2026-04-20
INV0202,CUST0139,2026-01-16,2026-03-02,176912.83,INR,Digital Marketing Campaign,Paid,176912.83,2026-01-16,2026-03-02
INV0203,CUST0139,2026-03-04,2026-04-18,105512.1,INR,Digital Marketing Campaign,Paid,105512.1,2026-03-04,2026-04-18
INV0204,CUST0379,2026-02-14,2026-03-16,51121.34,INR,API Integration Fee,Paid,51121.34,2026-02-14,2026-03-16
INV0205,CUST0336,2026-04-10,2026-05-10,45149.32,INR,Annual Maintenance Contract,Paid,45149.32,2026-04-10,2026-05-10
INV0206,CUST0318,2026-02-14,2026-03-31,4159.68,INR,Logistics & Freight Services,Paid,4159.68,2026-02-14,2026-03-31
INV0207,CUST0249,2026-01-27,2026-03-13,35907.96,INR,Enterprise License Fee,Paid,35907.96,2026-01-27,2026-03-13
INV0208,CUST0155,2026-01-17,2026-03-03,44752.65,INR,Cloud Infrastructure Hosting,Paid,44752.65,2026-01-17,2026-03-03
INV0209,CUST0091,2026-04-19,2026-05-04,52001.56,INR,Cloud Infrastructure Hosting,Paid,52001.56,2026-04-19,2026-05-04
INV0210,CUST0081,2026-04-06,2026-05-21,107037.54,INR,Cloud Infrastructure Hosting,Paid,107037.54,2026-04-06,2026-05-21
INV0211,CUST0355,2026-04-20,2026-05-05,5587.29,INR,Enterprise License Fee,Paid,5587.29,2026-04-20,2026-05-05
INV0212,CUST0167,2026-01-01,2026-01-31,1667.35,INR,Cloud Infrastructure Hosting,Paid,1667.35,2026-01-01,2026-01-31
INV0213,CUST0353,2026-01-24,2026-02-23,20671.38,INR,API Integration Fee,Paid,20671.38,2026-01-24,2026-02-23
INV0214,CUST0154,2026-05-09,2026-06-08,6641.4,INR,Data Analytics Module,Paid,6641.4,2026-05-09,2026-06-08
INV0215,CUST0450,2026-04-22,2026-06-06,1955.29,INR,Data Analytics Module,Paid,1955.29,2026-04-22,2026-06-06
INV0216,CUST0129,2026-03-04,2026-03-19,57042.08,INR,Cloud Infrastructure Hosting,Paid,57042.08,2026-03-04,2026-03-19
INV0217,CUST0228,2026-04-20,2026-05-20,115503.4,INR,SaaS Subscription,Paid,115503.4,2026-04-20,2026-05-20
INV0218,CUST0027,2026-04-16,2026-05-16,29654.74,INR,Cloud Infrastructure Hosting,Paid,29654.74,2026-04-16,2026-05-16
INV0219,CUST0479,2026-03-28,2026-04-12,13609.14,INR,Logistics & Freight Services,Paid,13609.14,2026-03-28,2026-04-12
INV0220,CUST0296,2026-06-03,2026-07-18,15777.92,INR,Annual Maintenance Contract,Paid,15777.92,2026-06-03,2026-07-18
INV0221,CUST0304,2026-06-29,2026-08-13,199589.19,INR,Cybersecurity Audit,Paid,199589.19,2026-06-29,2026-08-13
INV0222,CUST0106,2026-05-25,2026-07-09,32235.72,INR,API Integration Fee,Paid,32235.72,2026-05-25,2026-07-09
INV0223,CUST0330,2026-03-05,2026-03-20,146872.62,INR,API Integration Fee,Paid,146872.62,2026-03-05,2026-03-20
INV0224,CUST0462,2026-01-20,2026-02-04,52401.19,INR,Data Analytics Module,Paid,52401.19,2026-01-20,2026-02-04
INV0225,CUST0245,2026-04-11,2026-05-26,45896.26,INR,Enterprise License Fee,Paid,45896.26,2026-04-11,2026-05-26
INV0226,CUST0369,2026-01-20,2026-03-06,37762.63,INR,Enterprise License Fee,Paid,37762.63,2026-01-20,2026-03-06
INV0227,CUST0114,2026-01-08,2026-01-23,182548.34,INR,SaaS Subscription,Paid,182548.34,2026-01-08,2026-01-23
INV0228,CUST0334,2026-02-25,2026-03-27,4879.34,INR,API Integration Fee,Paid,4879.34,2026-02-25,2026-03-27
INV0229,CUST0161,2026-03-31,2026-04-15,20254.4,INR,Cybersecurity Audit,Paid,20254.4,2026-03-31,2026-04-15
INV0230,CUST0273,2026-04-14,2026-04-29,116058.08,INR,Data Analytics Module,Paid,116058.08,2026-04-14,2026-04-29
INV0231,CUST0074,2026-01-30,2026-02-14,58488.81,INR,API Integration Fee,Paid,58488.81,2026-01-30,2026-02-14
INV0232,CUST0404,2026-05-27,2026-06-26,59317.15,INR,Logistics & Freight Services,Paid,59317.15,2026-05-27,2026-06-26
INV0233,CUST0129,2026-03-02,2026-04-01,170213.38,INR,Annual Maintenance Contract,Paid,170213.38,2026-03-02,2026-04-01
INV0234,CUST0287,2026-01-17,2026-03-03,161533.75,INR,Annual Maintenance Contract,Paid,161533.75,2026-01-17,2026-03-03
INV0235,CUST0199,2026-03-06,2026-04-20,124445.06,INR,Enterprise License Fee,Paid,124445.06,2026-03-06,2026-04-20
INV0236,CUST0164,2026-06-06,2026-06-21,6106.33,INR,Cloud Infrastructure Hosting,Paid,6106.33,2026-06-06,2026-06-21
INV0237,CUST0454,2026-05-17,2026-07-01,13512.68,INR,Enterprise License Fee,Paid,13512.68,2026-05-17,2026-07-01
INV0238,CUST0217,2026-02-13,2026-03-30,4824.05,INR,API Integration Fee,Paid,4824.05,2026-02-13,2026-03-30
INV0239,CUST0269,2026-04-06,2026-04-21,8326.88,INR,Annual Maintenance Contract,Paid,8326.88,2026-04-06,2026-04-21
INV0240,CUST0355,2026-02-06,2026-03-23,4407.37,INR,Cloud Infrastructure Hosting,Partially_Paid,4407.37,2026-02-06,2026-03-23
INV0241,CUST0366,2026-02-19,2026-03-21,3474.03,INR,IT Consulting Services,Paid,3474.03,2026-02-19,2026-03-21
INV0242,CUST0277,2026-04-18,2026-05-03,41156.39,INR,Annual Maintenance Contract,Paid,41156.39,2026-04-18,2026-05-03
INV0243,CUST0040,2026-05-06,2026-05-21,48028.94,INR,Annual Maintenance Contract,Paid,48028.94,2026-05-06,2026-05-21
INV0244,CUST0287,2026-06-25,2026-08-09,12051.05,INR,Data Analytics Module,Paid,12051.05,2026-06-25,2026-08-09
INV0245,CUST0279,2026-03-22,2026-05-06,29743.06,INR,SaaS Subscription,Paid,29743.06,2026-03-22,2026-05-06
INV0246,CUST0478,2026-02-03,2026-03-05,185650.17,INR,Digital Marketing Campaign,Paid,185650.17,2026-02-03,2026-03-05
INV0247,CUST0227,2026-02-22,2026-03-24,23747.55,INR,Digital Marketing Campaign,Paid,23747.55,2026-02-22,2026-03-24
INV0248,CUST0050,2026-01-24,2026-02-08,28855.4,INR,Digital Marketing Campaign,Paid,28855.4,2026-01-24,2026-02-08
INV0249,CUST0361,2026-06-21,2026-08-05,30103.71,INR,Cybersecurity Audit,Paid,30103.71,2026-06-21,2026-08-05
INV0250,CUST0278,2026-02-25,2026-04-11,150144.42,INR,Data Analytics Module,Paid,150144.42,2026-02-25,2026-04-11
INV0251,CUST0348,2026-01-15,2026-01-30,41724.73,INR,Data Analytics Module,Paid,41724.73,2026-01-15,2026-01-30
INV0252,CUST0309,2026-04-08,2026-05-08,138627.89,INR,Cloud Infrastructure Hosting,Paid,138627.89,2026-04-08,2026-05-08
INV0253,CUST0091,2026-05-01,2026-05-31,18641.32,INR,Annual Maintenance Contract,Paid,18641.32,2026-05-01,2026-05-31
INV0254,CUST0357,2026-05-19,2026-06-03,15489.47,INR,Logistics & Freight Services,Paid,15489.47,2026-05-19,2026-06-03
INV0255,CUST0112,2026-02-01,2026-02-16,3695.83,INR,Data Analytics Module,Paid,3695.83,2026-02-01,2026-02-16
INV0256,CUST0176,2026-04-14,2026-05-14,63575.63,INR,API Integration Fee,Paid,63575.63,2026-04-14,2026-05-14
INV0257,CUST0035,2026-02-03,2026-03-05,23889.55,INR,Cybersecurity Audit,Paid,23889.55,2026-02-03,2026-03-05
INV0258,CUST0357,2026-04-09,2026-05-09,20116.5,INR,Cloud Infrastructure Hosting,Paid,20116.5,2026-04-09,2026-05-09
INV0259,CUST0092,2026-04-30,2026-06-14,3150.05,INR,Cloud Infrastructure Hosting,Paid,3150.05,2026-04-30,2026-06-14
INV0260,CUST0373,2026-04-12,2026-04-27,24387.94,INR,Cloud Infrastructure Hosting,Paid,24387.94,2026-04-12,2026-04-27
INV0261,CUST0024,2026-02-19,2026-03-06,137122.77,INR,SaaS Subscription,Paid,137122.77,2026-02-19,2026-03-06
INV0262,CUST0264,2026-02-02,2026-03-19,21919.58,INR,Annual Maintenance Contract,Paid,21919.58,2026-02-02,2026-03-19
INV0263,CUST0139,2026-01-04,2026-02-03,47329.15,INR,Data Analytics Module,Paid,47329.15,2026-01-04,2026-02-03
INV0264,CUST0235,2026-04-13,2026-05-28,27486.24,INR,Logistics & Freight Services,Paid,27486.24,2026-04-13,2026-05-28
INV0265,CUST0242,2026-03-23,2026-04-07,24771.31,INR,Cybersecurity Audit,Paid,24771.31,2026-03-23,2026-04-07
INV0266,CUST0105,2026-05-02,2026-05-17,34558.83,INR,Data Analytics Module,Paid,34558.83,2026-05-02,2026-05-17
INV0267,CUST0007,2026-02-24,2026-04-10,98275.53,INR,Data Analytics Module,Paid,98275.53,2026-02-24,2026-04-10
INV0268,CUST0489,2026-05-14,2026-06-28,194180.18,INR,IT Consulting Services,Paid,194180.18,2026-05-14,2026-06-28
INV0269,CUST0100,2026-06-23,2026-07-23,122261.01,INR,SaaS Subscription,Paid,122261.01,2026-06-23,2026-07-23
INV0270,CUST0480,2026-06-19,2026-07-04,72199.66,INR,API Integration Fee,Paid,72199.66,2026-06-19,2026-07-04
INV0271,CUST0064,2026-01-25,2026-02-24,38099.72,INR,Cybersecurity Audit,Paid,38099.72,2026-01-25,2026-02-24
INV0272,CUST0119,2026-05-08,2026-06-07,49091.55,INR,Cybersecurity Audit,Paid,49091.55,2026-05-08,2026-06-07
INV0273,CUST0377,2026-01-19,2026-02-03,4008.44,INR,IT Consulting Services,Paid,4008.44,2026-01-19,2026-02-03
INV0274,CUST0312,2026-03-08,2026-04-07,54760.9,INR,Data Analytics Module,Paid,54760.9,2026-03-08,2026-04-07
INV0275,CUST0242,2026-02-02,2026-03-19,8051.17,INR,Data Analytics Module,Paid,8051.17,2026-02-02,2026-03-19
INV0276,CUST0038,2026-02-13,2026-03-15,9781.68,INR,Cloud Infrastructure Hosting,Paid,9781.68,2026-02-13,2026-03-15
INV0277,CUST0435,2026-05-22,2026-06-06,87502.05,INR,Digital Marketing Campaign,Paid,87502.05,2026-05-22,2026-06-06
INV0278,CUST0496,2026-03-23,2026-05-07,70645.64,INR,Annual Maintenance Contract,Paid,70645.64,2026-03-23,2026-05-07
INV0279,CUST0282,2026-06-09,2026-07-24,14317.3,INR,Cloud Infrastructure Hosting,Paid,14317.3,2026-06-09,2026-07-24
INV0280,CUST0462,2026-04-29,2026-06-13,4017.37,INR,Logistics & Freight Services,Paid,4017.37,2026-04-29,2026-06-13
INV0281,CUST0189,2026-02-09,2026-03-26,67793.09,INR,API Integration Fee,Paid,67793.09,2026-02-09,2026-03-26
INV0282,CUST0491,2026-01-09,2026-01-24,1597.25,INR,Digital Marketing Campaign,Paid,1597.25,2026-01-09,2026-01-24
INV0283,CUST0222,2026-01-08,2026-01-23,3201.68,INR,IT Consulting Services,Paid,3201.68,2026-01-08,2026-01-23
INV0284,CUST0385,2026-05-13,2026-05-28,65102.69,INR,Data Analytics Module,Paid,65102.69,2026-05-13,2026-05-28
INV0285,CUST0190,2026-06-07,2026-06-22,18449.01,INR,Cloud Infrastructure Hosting,Paid,18449.01,2026-06-07,2026-06-22
INV0286,CUST0403,2026-01-30,2026-02-14,12295.3,INR,Digital Marketing Campaign,Paid,12295.3,2026-01-30,2026-02-14
INV0287,CUST0364,2026-06-19,2026-08-03,4195.37,INR,Digital Marketing Campaign,Paid,4195.37,2026-06-19,2026-08-03
INV0288,CUST0099,2026-01-07,2026-02-21,8897.32,INR,Annual Maintenance Contract,Paid,8897.32,2026-01-07,2026-02-21
INV0289,CUST0256,2026-06-10,2026-06-25,31429.69,INR,Cybersecurity Audit,Paid,31429.69,2026-06-10,2026-06-25
INV0290,CUST0327,2026-05-29,2026-06-28,186879.35,INR,Data Analytics Module,Paid,186879.35,2026-05-29,2026-06-28
INV0291,CUST0281,2026-02-14,2026-03-31,113526.36,INR,IT Consulting Services,Paid,113526.36,2026-02-14,2026-03-31
INV0292,CUST0146,2026-06-23,2026-08-07,161561.97,INR,Digital Marketing Campaign,Partially_Paid,161561.97,2026-06-23,2026-08-07
INV0293,CUST0096,2026-03-02,2026-04-16,116355.12,INR,Annual Maintenance Contract,Paid,116355.12,2026-03-02,2026-04-16
INV0294,CUST0307,2026-04-30,2026-05-15,197650.65,INR,Cloud Infrastructure Hosting,Paid,197650.65,2026-04-30,2026-05-15
INV0295,CUST0333,2026-05-29,2026-06-28,12266.03,INR,Logistics & Freight Services,Paid,12266.03,2026-05-29,2026-06-28
INV0296,CUST0317,2026-01-14,2026-02-28,24427.77,INR,API Integration Fee,Paid,24427.77,2026-01-14,2026-02-28
INV0297,CUST0320,2026-04-01,2026-05-16,2726.7,INR,Cloud Infrastructure Hosting,Paid,2726.7,2026-04-01,2026-05-16
INV0298,CUST0369,2026-04-19,2026-06-03,44467.95,INR,IT Consulting Services,Paid,44467.95,2026-04-19,2026-06-03
INV0299,CUST0213,2026-05-27,2026-06-11,3659.99,INR,Enterprise License Fee,Paid,3659.99,2026-05-27,2026-06-11
INV0300,CUST0459,2026-05-31,2026-07-15,15214.19,INR,Logistics & Freight Services,Paid,15214.19,2026-05-31,2026-07-15
INV0301,CUST0276,2026-04-16,2026-05-31,3567.2,INR,SaaS Subscription,Paid,3567.2,2026-04-16,2026-05-31
INV0302,CUST0216,2026-06-11,2026-07-11,43252.86,INR,Logistics & Freight Services,Paid,43252.86,2026-06-11,2026-07-11
INV0303,CUST0351,2026-03-24,2026-04-23,18828.92,INR,Logistics & Freight Services,Paid,18828.92,2026-03-24,2026-04-23
INV0304,CUST0167,2026-05-01,2026-05-31,95623.01,INR,Digital Marketing Campaign,Paid,95623.01,2026-05-01,2026-05-31
INV0305,CUST0013,2026-04-01,2026-04-16,75946.55,INR,Logistics & Freight Services,Paid,75946.55,2026-04-01,2026-04-16
INV0306,CUST0305,2026-05-03,2026-05-18,3512.43,INR,API Integration Fee,Paid,3512.43,2026-05-03,2026-05-18
INV0307,CUST0283,2026-01-14,2026-01-29,51345.63,INR,Digital Marketing Campaign,Paid,51345.63,2026-01-14,2026-01-29
INV0308,CUST0415,2026-02-09,2026-03-26,10587.51,INR,IT Consulting Services,Paid,10587.51,2026-02-09,2026-03-26
INV0309,CUST0134,2026-06-14,2026-07-29,3361.44,INR,Logistics & Freight Services,Paid,3361.44,2026-06-14,2026-07-29
INV0310,CUST0111,2026-03-10,2026-04-24,4570.29,INR,Cloud Infrastructure Hosting,Paid,4570.29,2026-03-10,2026-04-24
INV0311,CUST0010,2026-04-17,2026-05-02,34629.97,INR,Data Analytics Module,Paid,34629.97,2026-04-17,2026-05-02
INV0312,CUST0423,2026-02-01,2026-03-03,173161.51,INR,Digital Marketing Campaign,Paid,173161.51,2026-02-01,2026-03-03
INV0313,CUST0470,2026-01-17,2026-02-01,91204.73,INR,Logistics & Freight Services,Paid,91204.73,2026-01-17,2026-02-01
INV0314,CUST0392,2026-01-17,2026-03-03,61403.4,INR,Enterprise License Fee,Paid,61403.4,2026-01-17,2026-03-03
INV0315,CUST0319,2026-06-05,2026-07-20,9384.65,INR,IT Consulting Services,Paid,9384.65,2026-06-05,2026-07-20
INV0316,CUST0017,2026-05-26,2026-06-10,2505.09,INR,API Integration Fee,Paid,2505.09,2026-05-26,2026-06-10
INV0317,CUST0007,2026-03-11,2026-04-10,2922.25,INR,IT Consulting Services,Paid,2922.25,2026-03-11,2026-04-10
INV0318,CUST0347,2026-04-09,2026-05-09,86065.84,INR,IT Consulting Services,Paid,86065.84,2026-04-09,2026-05-09
INV0319,CUST0075,2026-03-26,2026-04-10,199489.06,INR,Enterprise License Fee,Paid,199489.06,2026-03-26,2026-04-10
INV0320,CUST0133,2026-06-30,2026-07-15,108467.95,INR,Cybersecurity Audit,Paid,108467.95,2026-06-30,2026-07-15
INV0321,CUST0398,2026-06-14,2026-06-29,140726.92,INR,Cybersecurity Audit,Paid,140726.92,2026-06-14,2026-06-29
INV0322,CUST0266,2026-05-13,2026-06-12,176303.9,INR,IT Consulting Services,Paid,176303.9,2026-05-13,2026-06-12
INV0323,CUST0256,2026-04-17,2026-05-17,79090.86,INR,SaaS Subscription,Paid,79090.86,2026-04-17,2026-05-17
INV0324,CUST0147,2026-06-17,2026-08-01,3497.7,INR,IT Consulting Services,Paid,3497.7,2026-06-17,2026-08-01
INV0325,CUST0395,2026-03-10,2026-03-25,4822.63,INR,Logistics & Freight Services,Paid,4822.63,2026-03-10,2026-03-25
INV0326,CUST0482,2026-05-02,2026-06-01,889.27,INR,Annual Maintenance Contract,Paid,889.27,2026-05-02,2026-06-01
INV0327,CUST0335,2026-02-27,2026-03-14,1871.84,INR,Logistics & Freight Services,Paid,1871.84,2026-02-27,2026-03-14
INV0328,CUST0415,2026-05-02,2026-06-01,125593.84,INR,Logistics & Freight Services,Paid,125593.84,2026-05-02,2026-06-01
INV0329,CUST0066,2026-01-23,2026-02-07,163172.97,INR,Data Analytics Module,Paid,163172.97,2026-01-23,2026-02-07
INV0330,CUST0292,2026-04-01,2026-05-16,154690.62,INR,API Integration Fee,Paid,154690.62,2026-04-01,2026-05-16
INV0331,CUST0126,2026-06-13,2026-07-28,72935.41,INR,Data Analytics Module,Paid,72935.41,2026-06-13,2026-07-28
INV0332,CUST0412,2026-04-21,2026-05-06,4994.74,INR,IT Consulting Services,Paid,4994.74,2026-04-21,2026-05-06
INV0333,CUST0321,2026-01-14,2026-02-28,3536.78,INR,IT Consulting Services,Paid,3536.78,2026-01-14,2026-02-28
INV0334,CUST0162,2026-04-03,2026-05-03,2411.19,INR,SaaS Subscription,Paid,2411.19,2026-04-03,2026-05-03
INV0335,CUST0205,2026-04-23,2026-05-08,112630.02,INR,API Integration Fee,Paid,112630.02,2026-04-23,2026-05-08
INV0336,CUST0177,2026-02-02,2026-02-17,24764.81,INR,SaaS Subscription,Paid,24764.81,2026-02-02,2026-02-17
INV0337,CUST0076,2026-02-02,2026-03-19,14243.4,INR,API Integration Fee,Partially_Paid,14243.4,2026-02-02,2026-03-19
INV0338,CUST0219,2026-03-03,2026-04-17,3587.13,INR,Data Analytics Module,Paid,3587.13,2026-03-03,2026-04-17
INV0339,CUST0387,2026-03-08,2026-04-22,2851.95,INR,Logistics & Freight Services,Paid,2851.95,2026-03-08,2026-04-22
INV0340,CUST0441,2026-02-27,2026-04-13,40391.78,INR,Digital Marketing Campaign,Paid,40391.78,2026-02-27,2026-04-13
INV0341,CUST0075,2026-04-24,2026-05-24,69497.81,INR,API Integration Fee,Paid,69497.81,2026-04-24,2026-05-24
INV0342,CUST0059,2026-01-19,2026-02-18,124401.11,INR,Annual Maintenance Contract,Paid,124401.11,2026-01-19,2026-02-18
INV0343,CUST0375,2026-01-09,2026-02-08,86750.03,INR,API Integration Fee,Paid,86750.03,2026-01-09,2026-02-08
INV0344,CUST0401,2026-04-16,2026-05-01,76470.17,INR,Data Analytics Module,Paid,76470.17,2026-04-16,2026-05-01
INV0345,CUST0278,2026-02-16,2026-04-02,176273.22,INR,Digital Marketing Campaign,Paid,176273.22,2026-02-16,2026-04-02
INV0346,CUST0019,2026-03-19,2026-05-03,23098.14,INR,Annual Maintenance Contract,Paid,23098.14,2026-03-19,2026-05-03
INV0347,CUST0213,2026-02-08,2026-03-25,171371.15,INR,Digital Marketing Campaign,Paid,171371.15,2026-02-08,2026-03-25
INV0348,CUST0025,2026-06-04,2026-07-04,58914.36,INR,Annual Maintenance Contract,Paid,58914.36,2026-06-04,2026-07-04
INV0349,CUST0061,2026-03-26,2026-04-10,1336.5,INR,Logistics & Freight Services,Paid,1336.5,2026-03-26,2026-04-10
INV0350,CUST0011,2026-03-17,2026-05-01,19074.74,INR,IT Consulting Services,Paid,19074.74,2026-03-17,2026-05-01
INV0351,CUST0500,2026-04-26,2026-05-11,70124.9,INR,API Integration Fee,Paid,70124.9,2026-04-26,2026-05-11
INV0352,CUST0348,2026-01-04,2026-01-19,1115.07,INR,Cloud Infrastructure Hosting,Paid,1115.07,2026-01-04,2026-01-19
INV0353,CUST0130,2026-02-01,2026-03-03,61443.3,INR,IT Consulting Services,Paid,61443.3,2026-02-01,2026-03-03
INV0354,CUST0275,2026-06-07,2026-06-22,105372.26,INR,Logistics & Freight Services,Paid,105372.26,2026-06-07,2026-06-22
INV0355,CUST0045,2026-05-06,2026-06-05,14579.87,INR,Logistics & Freight Services,Paid,14579.87,2026-05-06,2026-06-05
INV0356,CUST0050,2026-06-15,2026-07-30,120103.35,INR,Cloud Infrastructure Hosting,Paid,120103.35,2026-06-15,2026-07-30
INV0357,CUST0137,2026-02-09,2026-03-11,106877.3,INR,Data Analytics Module,Paid,106877.3,2026-02-09,2026-03-11
INV0358,CUST0032,2026-04-21,2026-05-06,11445.87,INR,Enterprise License Fee,Paid,11445.87,2026-04-21,2026-05-06
INV0359,CUST0196,2026-04-04,2026-04-19,174890.36,INR,Cybersecurity Audit,Paid,174890.36,2026-04-04,2026-04-19
INV0360,CUST0224,2026-03-13,2026-04-27,23134.81,INR,Cloud Infrastructure Hosting,Paid,23134.81,2026-03-13,2026-04-27
INV0361,CUST0198,2026-06-08,2026-06-23,45524.93,INR,Digital Marketing Campaign,Paid,45524.93,2026-06-08,2026-06-23
INV0362,CUST0105,2026-06-14,2026-06-29,4429.92,INR,Data Analytics Module,Paid,4429.92,2026-06-14,2026-06-29
INV0363,CUST0370,2026-01-24,2026-02-23,4321.17,INR,Data Analytics Module,Paid,4321.17,2026-01-24,2026-02-23
INV0364,CUST0262,2026-03-23,2026-04-07,123477.61,INR,SaaS Subscription,Paid,123477.61,2026-03-23,2026-04-07
INV0365,CUST0459,2026-02-12,2026-02-27,18880.38,INR,Annual Maintenance Contract,Paid,18880.38,2026-02-12,2026-02-27
INV0366,CUST0016,2026-04-22,2026-05-07,8836.65,INR,Annual Maintenance Contract,Paid,8836.65,2026-04-22,2026-05-07
INV0367,CUST0464,2026-03-28,2026-04-12,37324.67,INR,Logistics & Freight Services,Paid,37324.67,2026-03-28,2026-04-12
INV0368,CUST0485,2026-03-21,2026-04-05,106043.51,INR,Cybersecurity Audit,Paid,106043.51,2026-03-21,2026-04-05
INV0369,CUST0170,2026-04-12,2026-05-27,2411.31,INR,Annual Maintenance Contract,Paid,2411.31,2026-04-12,2026-05-27
INV0370,CUST0050,2026-01-12,2026-02-26,77794.24,INR,SaaS Subscription,Paid,77794.24,2026-01-12,2026-02-26
INV0371,CUST0231,2026-05-26,2026-07-10,2035.99,INR,Digital Marketing Campaign,Paid,2035.99,2026-05-26,2026-07-10
INV0372,CUST0217,2026-04-06,2026-05-21,65174.03,INR,IT Consulting Services,Paid,65174.03,2026-04-06,2026-05-21
INV0373,CUST0383,2026-04-24,2026-06-08,31884.5,INR,Annual Maintenance Contract,Paid,31884.5,2026-04-24,2026-06-08
INV0374,CUST0387,2026-01-06,2026-02-05,14186.74,INR,IT Consulting Services,Pending,14186.74,2026-01-06,2026-02-05
INV0375,CUST0306,2026-04-01,2026-04-16,1388.32,INR,Annual Maintenance Contract,Paid,1388.32,2026-04-01,2026-04-16
INV0376,CUST0007,2026-03-29,2026-04-28,2403.51,INR,API Integration Fee,Paid,2403.51,2026-03-29,2026-04-28
INV0377,CUST0110,2026-04-03,2026-05-03,133266.2,INR,Cloud Infrastructure Hosting,Paid,133266.2,2026-04-03,2026-05-03
INV0378,CUST0404,2026-06-07,2026-06-22,3166.92,INR,Cybersecurity Audit,Paid,3166.92,2026-06-07,2026-06-22
INV0379,CUST0410,2026-04-15,2026-04-30,21415.38,INR,Data Analytics Module,Paid,21415.38,2026-04-15,2026-04-30
INV0380,CUST0247,2026-06-28,2026-07-13,40949.69,INR,IT Consulting Services,Paid,40949.69,2026-06-28,2026-07-13
INV0381,CUST0175,2026-02-23,2026-03-25,105148.2,INR,Cybersecurity Audit,Paid,105148.2,2026-02-23,2026-03-25
INV0382,CUST0493,2026-06-30,2026-08-14,6971.68,INR,IT Consulting Services,Paid,6971.68,2026-06-30,2026-08-14
INV0383,CUST0328,2026-01-26,2026-02-25,7183.05,INR,Logistics & Freight Services,Paid,7183.05,2026-01-26,2026-02-25
INV0384,CUST0375,2026-06-03,2026-06-18,156092.11,INR,IT Consulting Services,Paid,156092.11,2026-06-03,2026-06-18
INV0385,CUST0115,2026-06-25,2026-07-25,67699.65,INR,Cybersecurity Audit,Paid,67699.65,2026-06-25,2026-07-25
INV0386,CUST0123,2026-01-20,2026-03-06,1688.98,INR,Cloud Infrastructure Hosting,Paid,1688.98,2026-01-20,2026-03-06
INV0387,CUST0435,2026-05-03,2026-06-17,3399.06,INR,Cybersecurity Audit,Paid,3399.06,2026-05-03,2026-06-17
INV0388,CUST0403,2026-06-13,2026-06-28,54692.14,INR,Cybersecurity Audit,Paid,54692.14,2026-06-13,2026-06-28
INV0389,CUST0051,2026-02-24,2026-04-10,104212.33,INR,Cloud Infrastructure Hosting,Paid,104212.33,2026-02-24,2026-04-10
INV0390,CUST0266,2026-06-29,2026-08-13,74971.18,INR,SaaS Subscription,Paid,74971.18,2026-06-29,2026-08-13
INV0391,CUST0072,2026-04-24,2026-05-24,1032.54,INR,Logistics & Freight Services,Paid,1032.54,2026-04-24,2026-05-24
INV0392,CUST0341,2026-04-01,2026-04-16,15955.75,INR,SaaS Subscription,Paid,15955.75,2026-04-01,2026-04-16
INV0393,CUST0282,2026-05-16,2026-06-15,6584.57,INR,Cloud Infrastructure Hosting,Paid,6584.57,2026-05-16,2026-06-15
INV0394,CUST0378,2026-03-04,2026-04-03,2708.86,INR,SaaS Subscription,Pending,2708.86,2026-03-04,2026-04-03
INV0395,CUST0371,2026-02-16,2026-03-18,9152.57,INR,Cloud Infrastructure Hosting,Paid,9152.57,2026-02-16,2026-03-18
INV0396,CUST0328,2026-06-07,2026-07-07,42334.68,INR,Annual Maintenance Contract,Pending,42334.68,2026-06-07,2026-07-07
INV0397,CUST0048,2026-04-04,2026-05-19,64079.94,INR,Data Analytics Module,Paid,64079.94,2026-04-04,2026-05-19
INV0398,CUST0208,2026-03-08,2026-03-23,3602.53,INR,Data Analytics Module,Paid,3602.53,2026-03-08,2026-03-23
INV0399,CUST0157,2026-01-26,2026-02-25,77581.54,INR,Logistics & Freight Services,Paid,77581.54,2026-01-26,2026-02-25
INV0400,CUST0459,2026-06-28,2026-07-28,182256.25,INR,IT Consulting Services,Paid,182256.25,2026-06-28,2026-07-28
INV0401,CUST0425,2026-05-26,2026-06-10,180857.34,INR,Cloud Infrastructure Hosting,Paid,180857.34,2026-05-26,2026-06-10
INV0402,CUST0187,2026-02-12,2026-03-29,66644.44,INR,Cloud Infrastructure Hosting,Paid,66644.44,2026-02-12,2026-03-29
INV0403,CUST0448,2026-03-16,2026-03-31,119814.69,INR,SaaS Subscription,Pending,119814.69,2026-03-16,2026-03-31
INV0404,CUST0061,2026-05-22,2026-06-21,46730.9,INR,IT Consulting Services,Paid,46730.9,2026-05-22,2026-06-21
INV0405,CUST0072,2026-01-02,2026-02-01,126867.81,INR,Cybersecurity Audit,Paid,126867.81,2026-01-02,2026-02-01
INV0406,CUST0185,2026-06-05,2026-07-05,87008.44,INR,SaaS Subscription,Paid,87008.44,2026-06-05,2026-07-05
INV0407,CUST0237,2026-01-26,2026-02-25,4101.3,INR,Cybersecurity Audit,Paid,4101.3,2026-01-26,2026-02-25
INV0408,CUST0495,2026-02-09,2026-03-26,3050.81,INR,API Integration Fee,Paid,3050.81,2026-02-09,2026-03-26
INV0409,CUST0398,2026-02-03,2026-03-20,52723.37,INR,Logistics & Freight Services,Paid,52723.37,2026-02-03,2026-03-20
INV0410,CUST0230,2026-02-16,2026-03-03,17208.7,INR,API Integration Fee,Paid,17208.7,2026-02-16,2026-03-03
INV0411,CUST0179,2026-03-11,2026-04-25,43749.76,INR,Digital Marketing Campaign,Paid,43749.76,2026-03-11,2026-04-25
INV0412,CUST0168,2026-02-13,2026-03-15,3477.75,INR,Enterprise License Fee,Paid,3477.75,2026-02-13,2026-03-15
INV0413,CUST0229,2026-05-17,2026-07-01,164256.73,INR,API Integration Fee,Paid,164256.73,2026-05-17,2026-07-01
INV0414,CUST0248,2026-02-12,2026-03-29,125864.49,INR,API Integration Fee,Pending,125864.49,2026-02-12,2026-03-29
INV0415,CUST0245,2026-01-18,2026-02-02,19979.36,INR,Digital Marketing Campaign,Pending,19979.36,2026-01-18,2026-02-02
INV0416,CUST0277,2026-02-16,2026-03-18,57622.43,INR,Data Analytics Module,Paid,57622.43,2026-02-16,2026-03-18
INV0417,CUST0316,2026-02-08,2026-03-25,3467.2,INR,API Integration Fee,Paid,3467.2,2026-02-08,2026-03-25
INV0418,CUST0308,2026-01-01,2026-01-16,7216.73,INR,Annual Maintenance Contract,Paid,7216.73,2026-01-01,2026-01-16
INV0419,CUST0056,2026-02-07,2026-02-22,13552.57,INR,Annual Maintenance Contract,Paid,13552.57,2026-02-07,2026-02-22
INV0420,CUST0447,2026-05-26,2026-07-10,6957.41,INR,Digital Marketing Campaign,Paid,6957.41,2026-05-26,2026-07-10
INV0421,CUST0493,2026-02-16,2026-03-03,6444.26,INR,Cybersecurity Audit,Paid,6444.26,2026-02-16,2026-03-03
INV0422,CUST0182,2026-01-11,2026-01-26,17634.39,INR,IT Consulting Services,Paid,17634.39,2026-01-11,2026-01-26
INV0423,CUST0458,2026-06-15,2026-07-15,3094.97,INR,Logistics & Freight Services,Paid,3094.97,2026-06-15,2026-07-15
INV0424,CUST0344,2026-05-30,2026-07-14,864.94,INR,SaaS Subscription,Paid,864.94,2026-05-30,2026-07-14
INV0425,CUST0130,2026-06-13,2026-06-28,114215.14,INR,Logistics & Freight Services,Paid,114215.14,2026-06-13,2026-06-28
INV0426,CUST0009,2026-02-04,2026-03-21,20156.36,INR,Logistics & Freight Services,Paid,20156.36,2026-02-04,2026-03-21
INV0427,CUST0338,2026-05-07,2026-06-06,4966.44,INR,Enterprise License Fee,Paid,4966.44,2026-05-07,2026-06-06
INV0428,CUST0481,2026-03-08,2026-04-07,2718.19,INR,Cybersecurity Audit,Paid,2718.19,2026-03-08,2026-04-07
INV0429,CUST0011,2026-02-14,2026-03-31,82232.94,INR,Enterprise License Fee,Paid,82232.94,2026-02-14,2026-03-31
INV0430,CUST0370,2026-03-11,2026-03-26,141927.43,INR,Digital Marketing Campaign,Paid,141927.43,2026-03-11,2026-03-26
INV0431,CUST0475,2026-01-17,2026-02-01,81701.35,INR,Data Analytics Module,Paid,81701.35,2026-01-17,2026-02-01
INV0432,CUST0140,2026-02-16,2026-04-02,53552.09,INR,Data Analytics Module,Paid,53552.09,2026-02-16,2026-04-02
INV0433,CUST0309,2026-02-02,2026-03-19,1777.5,INR,API Integration Fee,Paid,1777.5,2026-02-02,2026-03-19
INV0434,CUST0019,2026-04-13,2026-05-13,3711.22,INR,Enterprise License Fee,Paid,3711.22,2026-04-13,2026-05-13
INV0435,CUST0064,2026-01-18,2026-03-04,159820.15,INR,Digital Marketing Campaign,Paid,159820.15,2026-01-18,2026-03-04
INV0436,CUST0194,2026-05-31,2026-07-15,108637.06,INR,API Integration Fee,Paid,108637.06,2026-05-31,2026-07-15
INV0437,CUST0436,2026-03-13,2026-03-28,18140.27,INR,Cybersecurity Audit,Paid,18140.27,2026-03-13,2026-03-28
INV0438,CUST0442,2026-06-22,2026-07-07,29968.76,INR,Annual Maintenance Contract,Paid,29968.76,2026-06-22,2026-07-07
INV0439,CUST0426,2026-06-19,2026-08-03,18884.56,INR,Cloud Infrastructure Hosting,Partially_Paid,18884.56,2026-06-19,2026-08-03
INV0440,CUST0288,2026-01-26,2026-02-10,148860.81,INR,SaaS Subscription,Paid,148860.81,2026-01-26,2026-02-10
INV0441,CUST0371,2026-02-03,2026-03-20,7248.76,INR,IT Consulting Services,Paid,7248.76,2026-02-03,2026-03-20
INV0442,CUST0418,2026-05-09,2026-05-24,190318.94,INR,Data Analytics Module,Paid,190318.94,2026-05-09,2026-05-24
INV0443,CUST0197,2026-04-17,2026-06-01,61230.65,INR,Data Analytics Module,Paid,61230.65,2026-04-17,2026-06-01
INV0444,CUST0163,2026-05-31,2026-07-15,21943.33,INR,Annual Maintenance Contract,Paid,21943.33,2026-05-31,2026-07-15
INV0445,CUST0491,2026-02-19,2026-04-05,2952.37,INR,Logistics & Freight Services,Paid,2952.37,2026-02-19,2026-04-05
INV0446,CUST0445,2026-04-02,2026-05-17,143699.79,INR,Logistics & Freight Services,Paid,143699.79,2026-04-02,2026-05-17
INV0447,CUST0017,2026-05-29,2026-07-13,10993.7,INR,Enterprise License Fee,Paid,10993.7,2026-05-29,2026-07-13
INV0448,CUST0329,2026-02-06,2026-03-08,123024.7,INR,Digital Marketing Campaign,Pending,123024.7,2026-02-06,2026-03-08
INV0449,CUST0421,2026-01-13,2026-01-28,196882.81,INR,Data Analytics Module,Paid,196882.81,2026-01-13,2026-01-28
INV0450,CUST0108,2026-01-26,2026-02-25,159043.96,INR,Data Analytics Module,Paid,159043.96,2026-01-26,2026-02-25
INV0451,CUST0446,2026-01-23,2026-02-22,88034.04,INR,Cloud Infrastructure Hosting,Paid,88034.04,2026-01-23,2026-02-22
INV0452,CUST0145,2026-04-20,2026-05-20,26880.78,INR,Enterprise License Fee,Paid,26880.78,2026-04-20,2026-05-20
INV0453,CUST0125,2026-02-25,2026-04-11,29018.7,INR,Cybersecurity Audit,Paid,29018.7,2026-02-25,2026-04-11
INV0454,CUST0012,2026-01-17,2026-02-01,50113.92,INR,Logistics & Freight Services,Paid,50113.92,2026-01-17,2026-02-01
INV0455,CUST0425,2026-02-12,2026-03-14,72296.93,INR,Annual Maintenance Contract,Paid,72296.93,2026-02-12,2026-03-14
INV0456,CUST0340,2026-01-28,2026-02-27,59872.73,INR,IT Consulting Services,Paid,59872.73,2026-01-28,2026-02-27
INV0457,CUST0163,2026-05-01,2026-06-15,3623.7,INR,SaaS Subscription,Paid,3623.7,2026-05-01,2026-06-15
INV0458,CUST0437,2026-03-29,2026-04-13,54190.88,INR,Cybersecurity Audit,Paid,54190.88,2026-03-29,2026-04-13
INV0459,CUST0131,2026-05-07,2026-06-06,129220.59,INR,Annual Maintenance Contract,Paid,129220.59,2026-05-07,2026-06-06
INV0460,CUST0040,2026-06-23,2026-07-23,37711.97,INR,Cloud Infrastructure Hosting,Paid,37711.97,2026-06-23,2026-07-23
INV0461,CUST0144,2026-02-09,2026-03-26,10363.81,INR,Enterprise License Fee,Partially_Paid,10363.81,2026-02-09,2026-03-26
INV0462,CUST0054,2026-06-20,2026-08-04,2394.0,INR,SaaS Subscription,Paid,2394.0,2026-06-20,2026-08-04
INV0463,CUST0152,2026-02-24,2026-03-26,45717.34,INR,IT Consulting Services,Paid,45717.34,2026-02-24,2026-03-26
INV0464,CUST0358,2026-05-25,2026-06-09,1644.39,INR,Annual Maintenance Contract,Paid,1644.39,2026-05-25,2026-06-09
INV0465,CUST0017,2026-02-02,2026-03-19,105198.62,INR,Enterprise License Fee,Paid,105198.62,2026-02-02,2026-03-19
INV0466,CUST0251,2026-03-11,2026-03-26,10358.1,INR,Data Analytics Module,Paid,10358.1,2026-03-11,2026-03-26
INV0467,CUST0395,2026-04-01,2026-05-01,41566.52,INR,Digital Marketing Campaign,Paid,41566.52,2026-04-01,2026-05-01
INV0468,CUST0357,2026-06-16,2026-07-31,19841.83,INR,Cybersecurity Audit,Paid,19841.83,2026-06-16,2026-07-31
INV0469,CUST0426,2026-04-23,2026-06-07,195177.09,INR,Cybersecurity Audit,Paid,195177.09,2026-04-23,2026-06-07
INV0470,CUST0179,2026-04-13,2026-05-28,3049.58,INR,Data Analytics Module,Paid,3049.58,2026-04-13,2026-05-28
INV0471,CUST0144,2026-06-20,2026-08-04,168530.95,INR,Data Analytics Module,Paid,168530.95,2026-06-20,2026-08-04
INV0472,CUST0100,2026-04-10,2026-05-10,67066.02,INR,Logistics & Freight Services,Paid,67066.02,2026-04-10,2026-05-10
INV0473,CUST0228,2026-04-30,2026-05-15,2661.61,INR,Data Analytics Module,Paid,2661.61,2026-04-30,2026-05-15
INV0474,CUST0489,2026-03-02,2026-03-17,2832.45,INR,Cybersecurity Audit,Paid,2832.45,2026-03-02,2026-03-17
INV0475,CUST0299,2026-06-25,2026-07-25,13146.41,INR,Enterprise License Fee,Paid,13146.41,2026-06-25,2026-07-25
INV0476,CUST0025,2026-05-17,2026-07-01,5410.64,INR,Annual Maintenance Contract,Paid,5410.64,2026-05-17,2026-07-01
INV0477,CUST0227,2026-04-21,2026-06-05,13898.66,INR,IT Consulting Services,Paid,13898.66,2026-04-21,2026-06-05
INV0478,CUST0076,2026-01-14,2026-02-28,38226.09,INR,Logistics & Freight Services,Paid,38226.09,2026-01-14,2026-02-28
INV0479,CUST0155,2026-04-23,2026-06-07,22798.81,INR,Cloud Infrastructure Hosting,Paid,22798.81,2026-04-23,2026-06-07
INV0480,CUST0352,2026-06-02,2026-07-02,55946.25,INR,Enterprise License Fee,Paid,55946.25,2026-06-02,2026-07-02
INV0481,CUST0030,2026-03-15,2026-03-30,50878.84,INR,Cybersecurity Audit,Paid,50878.84,2026-03-15,2026-03-30
INV0482,CUST0447,2026-06-25,2026-07-10,90431.67,INR,IT Consulting Services,Paid,90431.67,2026-06-25,2026-07-10
INV0483,CUST0278,2026-03-09,2026-04-08,4494.48,INR,Annual Maintenance Contract,Paid,4494.48,2026-03-09,2026-04-08
INV0484,CUST0205,2026-01-17,2026-03-03,38147.49,INR,Annual Maintenance Contract,Paid,38147.49,2026-01-17,2026-03-03
INV0485,CUST0207,2026-03-28,2026-04-27,20810.73,INR,Cybersecurity Audit,Paid,20810.73,2026-03-28,2026-04-27
INV0486,CUST0128,2026-05-22,2026-06-21,8914.65,INR,Data Analytics Module,Paid,8914.65,2026-05-22,2026-06-21
INV0487,CUST0140,2026-03-29,2026-04-13,193974.68,INR,Cybersecurity Audit,Paid,193974.68,2026-03-29,2026-04-13
INV0488,CUST0310,2026-01-22,2026-03-08,1947.81,INR,Enterprise License Fee,Paid,1947.81,2026-01-22,2026-03-08
INV0489,CUST0430,2026-01-23,2026-02-22,7362.42,INR,SaaS Subscription,Paid,7362.42,2026-01-23,2026-02-22
INV0490,CUST0415,2026-01-08,2026-01-23,1028.66,INR,Logistics & Freight Services,Paid,1028.66,2026-01-08,2026-01-23
INV0491,CUST0330,2026-03-02,2026-03-17,132116.9,INR,Digital Marketing Campaign,Paid,132116.9,2026-03-02,2026-03-17
INV0492,CUST0190,2026-06-13,2026-07-13,49323.27,INR,Cybersecurity Audit,Paid,49323.27,2026-06-13,2026-07-13
INV0493,CUST0308,2026-01-07,2026-02-06,24159.14,INR,Data Analytics Module,Pending,24159.14,2026-01-07,2026-02-06
INV0494,CUST0345,2026-04-08,2026-05-08,1936.73,INR,Cloud Infrastructure Hosting,Paid,1936.73,2026-04-08,2026-05-08
INV0495,CUST0088,2026-05-14,2026-06-13,109427.81,INR,Data Analytics Module,Paid,109427.81,2026-05-14,2026-06-13
INV0496,CUST0369,2026-02-17,2026-03-04,130076.6,INR,API Integration Fee,Paid,130076.6,2026-02-17,2026-03-04
INV0497,CUST0237,2026-01-25,2026-02-24,12311.83,INR,Cloud Infrastructure Hosting,Pending,12311.83,2026-01-25,2026-02-24
INV0498,CUST0371,2026-04-05,2026-05-20,7091.53,INR,Annual Maintenance Contract,Paid,7091.53,2026-04-05,2026-05-20
INV0499,CUST0145,2026-01-15,2026-03-01,2997.41,INR,API Integration Fee,Paid,2997.41,2026-01-15,2026-03-01
INV0500,CUST0307,2026-04-28,2026-05-13,60358.77,INR,IT Consulting Services,Paid,60358.77,2026-04-28,2026-05-13
