ledger_id,ledger_date,invoice_id,customer_id,amount,currency,account_code,entry_type,description,reference,posting_status,normalized_amount,normalized_ledger_date
LEDG0001,2026-04-16,INV0001,CUST0322,194659.82,INR,AR001,CREDIT,Payment receipt for INV0001 via Stripe,REC-INV0001-PAY0001,POSTED,194659.82,2026-04-16
LEDG0002,2026-03-02,INV0002,CUST0274,16452.59,INR,AR001,CREDIT,Payment receipt for INV0002 via Razorpay,REC-INV0002-PAY0002,PENDING,16452.59,2026-03-02
LEDG0003,2026-06-03,INV0003,CUST0022,41110.22,INR,AR001,CREDIT,Payment receipt for INV0003 via Cashfree,REC-INV0003-PAY0003,POSTED,41110.22,2026-06-03
LEDG0004,2026-05-18,INV0004,CUST0416,3748.91,INR,AR001,CREDIT,Payment receipt for INV0004 via Razorpay,REC-INV0004-PAY0004,POSTED,3748.91,2026-05-18
LEDG0005,2026-06-07,INV0005,CUST0079,1616.7,INR,AR001,CREDIT,Payment receipt for INV0005 via PayU,REC-INV0005-PAY0005,POSTED,1616.7,2026-06-07
LEDG0006,2026-05-24,INV0006,CUST0062,69840.43,INR,AR001,CREDIT,Payment receipt for INV0006 via Razorpay,REC-INV0006-PAY0006,POSTED,69840.43,2026-05-24
LEDG0007,2026-02-17,INV0007,CUST0116,187773.26,INR,AR001,CREDIT,Payment receipt for INV0007 via PayU,REC-INV0007-PAY0007,POSTED,187773.26,2026-02-17
LEDG0008,2026-06-04,INV0008,CUST0210,168333.25,INR,AR001,CREDIT,Payment receipt for INV0008 via PayU,REC-INV0008-PAY0008,POSTED,168333.25,2026-06-04
LEDG0009,2026-05-23,INV0009,CUST0075,32890.57,INR,AR001,CREDIT,Payment receipt for INV0009 via Cashfree,REC-INV0009-PAY0009,POSTED,32890.57,2026-05-23
LEDG0010,2026-06-26,INV0010,CUST0049,21947.13,INR,AR001,CREDIT,Payment receipt for INV0010 via PayU,REC-INV0010-PAY0010,POSTED,21947.13,2026-06-26
LEDG0011,2026-07-03,INV0011,CUST0287,179950.63,INR,AR001,CREDIT,Payment receipt for INV0011 via PayU,REC-INV0011-PAY0011,POSTED,179950.63,2026-07-03
LEDG0012,2026-02-28,INV0012,CUST0010,17456.51,INR,AR001,CREDIT,Payment receipt for INV0012 via Razorpay,REC-INV0012-PAY0012,POSTED,17456.51,2026-02-28
LEDG0013,2026-06-23,INV0013,CUST0311,6685.64,INR,AR001,CREDIT,Payment receipt for INV0013 via Razorpay,REC-INV0013-PAY0013,POSTED,6685.64,2026-06-23
LEDG0014,2026-03-30,INV0014,CUST0340,39044.23,INR,AR001,CREDIT,Payment receipt for INV0014 via Cashfree,REC-INV0014-PAY0014,POSTED,39044.23,2026-03-30
LEDG0015,2026-03-13,INV0015,CUST0189,86502.52,INR,AR001,CREDIT,Payment receipt for INV0015 via PayU,REC-INV0015-PAY0015,POSTED,86502.52,2026-03-13
LEDG0016,2026-04-08,INV0016,CUST0174,171118.82,INR,AR001,CREDIT,Payment receipt for INV0016 via Razorpay,REC-INV0016-PAY0016,POSTED,171118.82,2026-04-08
LEDG0017,2026-05-12,INV0017,CUST0220,173094.18,INR,AR001,CREDIT,Payment receipt for INV0017 via PayU,REC-INV0017-PAY0017,POSTED,173094.18,2026-05-12
LEDG0018,2026-07-06,INV0018,CUST0283,3779.34,INR,AR001,CREDIT,Payment receipt for INV0018 via Razorpay,REC-INV0018-PAY0018,POSTED,3779.34,2026-07-06
LEDG0019,2026-02-18,INV0019,CUST0235,129670.07,INR,AR001,CREDIT,Payment receipt for INV0019 via Razorpay,REC-INV0019-PAY0019,POSTED,129670.07,2026-02-18
LEDG0020,2026-04-15,INV0020,CUST0383,4550.59,INR,AR001,CREDIT,Payment receipt for INV0020 via PayU,REC-INV0020-PAY0020,POSTED,4550.59,2026-04-15
LEDG0021,2026-06-20,INV0021,CUST0217,159394.71,INR,AR001,CREDIT,Payment receipt for INV0021 via PayU,REC-INV0021-PAY0021,POSTED,159394.71,2026-06-20
LEDG0022,2026-04-23,INV0022,CUST0323,3229.74,INR,AR001,CREDIT,Payment receipt for INV0022 via PayU,REC-INV0022-PAY0022,POSTED,3229.74,2026-04-23
LEDG0023,2026-02-21,INV0023,CUST0222,60650.6,INR,AR001,CREDIT,Payment receipt for INV0023 via PayU,REC-INV0023-PAY0023,POSTED,60650.6,2026-02-21
LEDG0024,2026-02-11,INV0024,CUST0250,4069.99,INR,AR001,CREDIT,Payment receipt for INV0024 via PayU,REC-INV0024-PAY0024,POSTED,4069.99,2026-02-11
LEDG0025,2026-05-16,INV0025,CUST0280,4758.83,INR,AR001,CREDIT,Payment receipt for INV0025 via Cashfree,REC-INV0025-PAY0025,PENDING,4758.83,2026-05-16
LEDG0026,2026-02-10,INV0026,CUST0012,30052.23,INR,AR001,CREDIT,Payment receipt for INV0026 via Razorpay,REC-INV0026-PAY0026,POSTED,30052.23,2026-02-10
LEDG0027,2026-03-25,INV0027,CUST0079,19339.28,INR,AR001,CREDIT,Payment receipt for INV0027 via PayU,REC-INV0027-PAY0027,POSTED,19339.28,2026-03-25
LEDG0028,2026-02-03,INV0028,CUST0394,12632.38,INR,AR001,CREDIT,Payment receipt for INV0028 via Razorpay,REC-INV0028-PAY0028,POSTED,12632.38,2026-02-03
LEDG0029,2026-04-26,INV0029,CUST0393,3111.55,INR,AR001,CREDIT,Payment receipt for INV0029 via PayU,REC-INV0029-PAY0029,POSTED,3111.55,2026-04-26
LEDG0030,2026-01-31,INV0030,CUST0414,4123.39,INR,AR001,CREDIT,Payment receipt for INV0030 via Stripe,REC-INV0030-PAY0030,POSTED,4123.39,2026-01-31
LEDG0031,2026-07-03,INV0031,CUST0112,4113.83,INR,AR001,CREDIT,Payment receipt for INV0031 via Cashfree,REC-INV0031-PAY0031,POSTED,4113.83,2026-07-03
LEDG0032,2026-06-17,INV0032,CUST0087,58976.08,INR,AR001,CREDIT,Payment receipt for INV0032 via Stripe,REC-INV0032-PAY0032,POSTED,58976.08,2026-06-17
LEDG0033,2026-04-17,INV0033,CUST0275,146705.82,INR,AR001,CREDIT,Payment receipt for INV0033 via Stripe,REC-INV0033-PAY0033,POSTED,146705.82,2026-04-17
LEDG0034,2026-06-19,INV0034,CUST0143,6848.31,INR,AR001,CREDIT,Payment receipt for INV0034 via Stripe,REC-INV0034-PAY0034,POSTED,6848.31,2026-06-19
LEDG0035,2026-02-05,INV0035,CUST0282,139762.26,INR,AR001,CREDIT,Payment receipt for INV0035 via PayU,REC-INV0035-PAY0035,POSTED,139762.26,2026-02-05
LEDG0036,2026-04-09,INV0036,CUST0060,16893.21,INR,AR001,CREDIT,Payment receipt for INV0036 via Razorpay,REC-INV0036-PAY0036,POSTED,16893.21,2026-04-09
LEDG0037,2026-02-15,INV0037,CUST0242,4795.26,INR,AR001,CREDIT,Payment receipt for INV0037 via PayU,REC-INV0037-PAY0037,POSTED,4795.26,2026-02-15
LEDG0038,2026-06-13,INV0038,CUST0196,179833.65,INR,AR001,CREDIT,Payment receipt for INV0038 via Cashfree,REC-INV0038-PAY0038,POSTED,179833.65,2026-06-13
LEDG0039,2026-06-11,INV0039,CUST0379,2612.75,INR,AR001,CREDIT,Payment receipt for INV0039 via Stripe,REC-INV0039-PAY0039,POSTED,2612.75,2026-06-11
LEDG0040,2026-01-30,INV0040,CUST0410,60449.68,INR,AR001,CREDIT,Payment receipt for INV0040 via Cashfree,REC-INV0040-PAY0040,POSTED,60449.68,2026-01-30
LEDG0041,2026-03-22,INV0041,CUST0261,21495.63,INR,AR001,CREDIT,Payment receipt for INV0041 via Cashfree,REC-INV0041-PAY0041,POSTED,21495.63,2026-03-22
LEDG0042,2026-04-02,INV0042,CUST0264,79121.27,INR,AR001,CREDIT,Payment receipt for INV0042 via PayU,REC-INV0042-PAY0042,POSTED,79121.27,2026-04-02
LEDG0043,2026-04-23,INV0043,CUST0270,176041.58,INR,AR001,CREDIT,Payment receipt for INV0043 via Razorpay,REC-INV0043-PAY0043,POSTED,176041.58,2026-04-23
LEDG0044,2026-05-02,INV0044,CUST0202,2459.51,INR,AR001,CREDIT,Payment receipt for INV0044 via Stripe,REC-INV0044-PAY0044,POSTED,2459.51,2026-05-02
LEDG0045,2026-03-28,INV0045,CUST0121,6934.26,INR,AR001,CREDIT,Payment receipt for INV0045 via Cashfree,REC-INV0045-PAY0045,POSTED,6934.26,2026-03-28
LEDG0046,2026-02-06,INV0046,CUST0093,2058.94,INR,AR001,CREDIT,Payment receipt for INV0046 via Cashfree,REC-INV0046-PAY0046,POSTED,2058.94,2026-02-06
LEDG0047,2026-01-21,INV0047,CUST0449,2740.43,INR,AR001,CREDIT,Payment receipt for INV0047 via Stripe,REC-INV0047-PAY0047,PENDING,2740.43,2026-01-21
LEDG0048,2026-02-14,INV0048,CUST0180,110975.23,INR,AR001,CREDIT,Payment receipt for INV0048 via Stripe,REC-INV0048-PAY0048,POSTED,110975.23,2026-02-14
LEDG0049,2026-06-10,INV0049,CUST0440,101753.71,INR,AR001,CREDIT,Payment receipt for INV0049 via Razorpay,REC-INV0049-PAY0049,POSTED,101753.71,2026-06-10
LEDG0050,2026-03-11,INV0050,CUST0437,57481.25,INR,AR001,CREDIT,Payment receipt for INV0050 via PayU,REC-INV0050-PAY0050,POSTED,57481.25,2026-03-11
LEDG0051,2026-06-19,INV0051,CUST0163,135412.14,INR,AR001,CREDIT,Payment receipt for INV0051 via Razorpay,REC-INV0051-PAY0051,POSTED,135412.14,2026-06-19
LEDG0052,2026-04-05,INV0052,CUST0008,81202.44,INR,AR001,CREDIT,Payment receipt for INV0052 via Razorpay,REC-INV0052-PAY0052,POSTED,81202.44,2026-04-05
LEDG0053,2026-03-09,INV0053,CUST0222,22295.29,INR,AR001,CREDIT,Payment receipt for INV0053 via Razorpay,REC-INV0053-PAY0053,POSTED,22295.29,2026-03-09
LEDG0054,2026-06-07,INV0054,CUST0347,92971.23,INR,AR001,CREDIT,Payment receipt for INV0054 via Razorpay,REC-INV0054-PAY0054,POSTED,92971.23,2026-06-07
LEDG0055,2026-05-26,INV0055,CUST0226,190671.09,INR,AR001,CREDIT,Payment receipt for INV0055 via Razorpay,REC-INV0055-PAY0055,POSTED,190671.09,2026-05-26
LEDG0056,2026-01-18,INV0056,CUST0025,13251.73,INR,AR001,CREDIT,Payment receipt for INV0056 via PayU,REC-INV0056-PAY0056,POSTED,13251.73,2026-01-18
LEDG0057,2026-04-30,INV0057,CUST0494,33757.57,INR,AR001,CREDIT,Payment receipt for INV0057 via Razorpay,REC-INV0057-PAY0057,POSTED,33757.57,2026-04-30
LEDG0058,2026-01-23,INV0058,CUST0496,40204.74,INR,AR001,CREDIT,Payment receipt for INV0058 via Razorpay,REC-INV0058-PAY0058,POSTED,40204.74,2026-01-23
LEDG0059,2026-02-07,INV0059,CUST0179,126841.45,INR,AR001,CREDIT,Payment receipt for INV0059 via Stripe,REC-INV0059-PAY0059,PENDING,126841.45,2026-02-07
LEDG0060,2026-02-06,INV0060,CUST0305,68899.66,INR,AR001,CREDIT,Payment receipt for INV0060 via PayU,REC-INV0060-PAY0060,POSTED,68899.66,2026-02-06
LEDG0061,2026-01-30,INV0061,CUST0202,129725.17,INR,AR001,CREDIT,Payment receipt for INV0061 via PayU,REC-INV0061-PAY0061,PENDING,129725.17,2026-01-30
LEDG0062,2026-02-27,INV0062,CUST0047,1411.56,INR,AR001,CREDIT,Payment receipt for INV0062 via PayU,REC-INV0062-PAY0062,POSTED,1411.56,2026-02-27
LEDG0063,2026-06-13,INV0063,CUST0382,139076.6,INR,AR001,CREDIT,Payment receipt for INV0063 via Cashfree,REC-INV0063-PAY0063,POSTED,139076.6,2026-06-13
LEDG0064,2026-01-27,INV0064,CUST0276,3414.54,INR,AR001,CREDIT,Payment receipt for INV0064 via Razorpay,REC-INV0064-PAY0064,POSTED,3414.54,2026-01-27
LEDG0065,2026-01-31,INV0065,CUST0136,2402.03,INR,AR001,CREDIT,Payment receipt for INV0065 via Razorpay,REC-INV0065-PAY0065,POSTED,2402.03,2026-01-31
LEDG0066,2026-06-06,INV0066,CUST0360,178538.03,INR,AR001,CREDIT,Payment receipt for INV0066 via Razorpay,REC-INV0066-PAY0066,POSTED,178538.03,2026-06-06
LEDG0067,2026-03-08,INV0067,CUST0366,19807.39,INR,AR001,CREDIT,Payment receipt for INV0067 via PayU,REC-INV0067-PAY0067,POSTED,19807.39,2026-03-08
LEDG0068,2026-03-04,INV0068,CUST0397,50006.63,INR,AR001,CREDIT,Payment receipt for INV0068 via Razorpay,REC-INV0068-PAY0068,POSTED,50006.63,2026-03-04
LEDG0069,2026-05-16,INV0069,CUST0456,30032.98,INR,AR001,CREDIT,Payment receipt for INV0069 via Razorpay,REC-INV0069-PAY0069,POSTED,30032.98,2026-05-16
LEDG0070,2026-06-11,INV0070,CUST0136,75070.87,INR,AR001,CREDIT,Payment receipt for INV0070 via PayU,REC-INV0070-PAY0070,POSTED,75070.87,2026-06-11
LEDG0071,2026-02-21,INV0071,CUST0005,4834.33,INR,AR001,CREDIT,Payment receipt for INV0071 via Razorpay,REC-INV0071-PAY0071,POSTED,4834.33,2026-02-21
LEDG0072,2026-01-07,INV0072,CUST0068,2702.94,INR,AR001,CREDIT,Payment receipt for INV0072 via Stripe,REC-INV0072-PAY0072,POSTED,2702.94,2026-01-07
LEDG0073,2026-02-24,INV0073,CUST0017,1903.02,INR,AR001,CREDIT,Payment receipt for INV0073 via Cashfree,REC-INV0073-PAY0073,POSTED,1903.02,2026-02-24
LEDG0074,2026-01-22,INV0074,CUST0043,38215.48,INR,AR001,CREDIT,Payment receipt for INV0074 via Stripe,REC-INV0074-PAY0074,POSTED,38215.48,2026-01-22
LEDG0075,2026-04-24,INV0075,CUST0387,14850.9,INR,AR001,CREDIT,Payment receipt for INV0075 via Razorpay,REC-INV0075-PAY0075,POSTED,14850.9,2026-04-24
LEDG0076,2026-06-08,INV0076,CUST0398,22310.14,INR,AR001,CREDIT,Payment receipt for INV0076 via Stripe,REC-INV0076-PAY0076,POSTED,22310.14,2026-06-08
LEDG0077,2026-06-28,INV0077,CUST0250,2804.91,INR,AR001,CREDIT,Payment receipt for INV0077 via Cashfree,REC-INV0077-PAY0077,POSTED,2804.91,2026-06-28
LEDG0078,2026-03-25,INV0078,CUST0279,119573.13,INR,AR001,CREDIT,Payment receipt for INV0078 via Cashfree,REC-INV0078-PAY0078,POSTED,119573.13,2026-03-25
LEDG0079,2026-01-27,INV0079,CUST0281,14103.78,INR,AR001,CREDIT,Payment receipt for INV0079 via PayU,REC-INV0079-PAY0079,POSTED,14103.78,2026-01-27
LEDG0080,2026-06-07,INV0080,CUST0440,64327.38,INR,AR001,CREDIT,Payment receipt for INV0080 via Stripe,REC-INV0080-PAY0080,POSTED,64327.38,2026-06-07
LEDG0081,2026-04-30,INV0081,CUST0115,62548.67,INR,AR001,CREDIT,Payment receipt for INV0081 via Cashfree,REC-INV0081-PAY0081,POSTED,62548.67,2026-04-30
LEDG0082,2026-03-24,INV0082,CUST0063,15719.35,INR,AR001,CREDIT,Payment receipt for INV0082 via Stripe,REC-INV0082-PAY0082,POSTED,15719.35,2026-03-24
LEDG0083,2026-06-28,INV0083,CUST0203,3393.32,INR,AR001,CREDIT,Payment receipt for INV0083 via Razorpay,REC-INV0083-PAY0083,POSTED,3393.32,2026-06-28
LEDG0084,2026-02-04,INV0084,CUST0086,62932.36,INR,AR001,CREDIT,Payment receipt for INV0084 via PayU,REC-INV0084-PAY0084,POSTED,62932.36,2026-02-04
LEDG0085,2026-03-27,INV0085,CUST0441,795.78,INR,AR001,CREDIT,Payment receipt for INV0085 via Stripe,REC-INV0085-PAY0085,POSTED,795.78,2026-03-27
LEDG0086,2026-03-15,INV0086,CUST0391,1559.55,INR,AR001,CREDIT,Payment receipt for INV0086 via Cashfree,REC-INV0086-PAY0086,POSTED,1559.55,2026-03-15
LEDG0087,2026-01-21,INV0087,CUST0199,1375.02,INR,AR001,CREDIT,Payment receipt for INV0087 via Razorpay,REC-INV0087-PAY0087,POSTED,1375.02,2026-01-21
LEDG0088,2026-05-20,INV0088,CUST0140,10012.54,INR,AR001,CREDIT,Payment receipt for INV0088 via Razorpay,REC-INV0088-PAY0088,POSTED,10012.54,2026-05-20
LEDG0089,2026-01-19,INV0089,CUST0326,7641.58,INR,AR001,CREDIT,Payment receipt for INV0089 via Stripe,REC-INV0089-PAY0089,POSTED,7641.58,2026-01-19
LEDG0090,2026-03-18,INV0090,CUST0024,34425.9,INR,AR001,CREDIT,Payment receipt for INV0090 via Stripe,REC-INV0090-PAY0090,POSTED,34425.9,2026-03-18
LEDG0091,2026-02-13,INV0091,CUST0362,117251.06,INR,AR001,CREDIT,Payment receipt for INV0091 via Cashfree,REC-INV0091-PAY0091,POSTED,117251.06,2026-02-13
LEDG0092,2026-01-14,INV0092,CUST0371,123740.45,INR,AR001,CREDIT,Payment receipt for INV0092 via Cashfree,REC-INV0092-PAY0092,POSTED,123740.45,2026-01-14
LEDG0093,2026-05-04,INV0093,CUST0261,3207.22,INR,AR001,CREDIT,Payment receipt for INV0093 via Cashfree,REC-INV0093-PAY0093,POSTED,3207.22,2026-05-04
LEDG0094,2026-02-19,INV0094,CUST0236,190182.21,INR,AR001,CREDIT,Payment receipt for INV0094 via Razorpay,REC-INV0094-PAY0094,POSTED,190182.21,2026-02-19
LEDG0095,2026-03-24,INV0095,CUST0210,16244.75,INR,AR001,CREDIT,Payment receipt for INV0095 via Cashfree,REC-INV0095-PAY0095,POSTED,16244.75,2026-03-24
LEDG0096,2026-06-10,INV0096,CUST0372,142115.1,INR,AR001,CREDIT,Payment receipt for INV0096 via Razorpay,REC-INV0096-PAY0096,POSTED,142115.1,2026-06-10
LEDG0097,2026-05-11,INV0097,CUST0437,17569.24,INR,AR001,CREDIT,Payment receipt for INV0097 via PayU,REC-INV0097-PAY0097,POSTED,17569.24,2026-05-11
LEDG0098,2026-02-13,INV0098,CUST0195,71617.48,INR,AR001,CREDIT,Payment receipt for INV0098 via Cashfree,REC-INV0098-PAY0098,POSTED,71617.48,2026-02-13
LEDG0099,2026-04-25,INV0099,CUST0243,6693.63,INR,AR001,CREDIT,Payment receipt for INV0099 via PayU,REC-INV0099-PAY0099,POSTED,6693.63,2026-04-25
LEDG0100,2026-06-07,INV0100,CUST0273,95268.72,INR,AR001,CREDIT,Payment receipt for INV0100 via Cashfree,REC-INV0100-PAY0100,POSTED,95268.72,2026-06-07
LEDG0101,2026-05-15,INV0101,CUST0113,112773.91,INR,AR001,CREDIT,Payment receipt for INV0101 via PayU,REC-INV0101-PAY0101,PENDING,112773.91,2026-05-15
LEDG0102,2026-01-18,INV0102,CUST0093,11725.04,INR,AR001,CREDIT,Payment receipt for INV0102 via Razorpay,REC-INV0102-PAY0102,POSTED,11725.04,2026-01-18
LEDG0103,2026-01-10,INV0103,CUST0441,2422.4,INR,AR001,CREDIT,Payment receipt for INV0103 via PayU,REC-INV0103-PAY0103,POSTED,2422.4,2026-01-10
LEDG0104,2026-06-17,INV0104,CUST0430,75463.93,INR,AR001,CREDIT,Payment receipt for INV0104 via PayU,REC-INV0104-PAY0104,POSTED,75463.93,2026-06-17
LEDG0105,2026-03-06,INV0105,CUST0411,4098.29,INR,AR001,CREDIT,Payment receipt for INV0105 via Stripe,REC-INV0105-PAY0105,POSTED,4098.29,2026-03-06
LEDG0106,2026-01-19,INV0106,CUST0037,70744.74,INR,AR001,CREDIT,Payment receipt for INV0106 via PayU,REC-INV0106-PAY0106,POSTED,70744.74,2026-01-19
LEDG0107,2026-06-23,INV0107,CUST0381,17700.81,INR,AR001,CREDIT,Payment receipt for INV0107 via PayU,REC-INV0107-PAY0107,POSTED,17700.81,2026-06-23
LEDG0108,2026-05-10,INV0108,CUST0329,19753.16,INR,AR001,CREDIT,Payment receipt for INV0108 via PayU,REC-INV0108-PAY0108,POSTED,19753.16,2026-05-10
LEDG0109,2026-06-18,INV0109,CUST0196,71978.75,INR,AR001,CREDIT,Payment receipt for INV0109 via Stripe,REC-INV0109-PAY0109,POSTED,71978.75,2026-06-18
LEDG0110,2026-06-11,INV0110,CUST0137,182011.76,INR,AR001,CREDIT,Payment receipt for INV0110 via Stripe,REC-INV0110-PAY0110,POSTED,182011.76,2026-06-11
LEDG0111,2026-05-16,INV0111,CUST0039,10234.06,INR,AR001,CREDIT,Payment receipt for INV0111 via Cashfree,REC-INV0111-PAY0111,POSTED,10234.06,2026-05-16
LEDG0112,2026-04-10,INV0112,CUST0333,18158.5,INR,AR001,CREDIT,Payment receipt for INV0112 via Cashfree,REC-INV0112-PAY0112,POSTED,18158.5,2026-04-10
LEDG0113,2026-05-02,INV0113,CUST0236,142304.98,INR,AR001,CREDIT,Payment receipt for INV0113 via Razorpay,REC-INV0113-PAY0113,POSTED,142304.98,2026-05-02
LEDG0114,2026-03-05,INV0114,CUST0465,78881.25,INR,AR001,CREDIT,Payment receipt for INV0114 via Stripe,REC-INV0114-PAY0114,POSTED,78881.25,2026-03-05
LEDG0115,2026-02-02,INV0115,CUST0207,772.26,INR,AR001,CREDIT,Payment receipt for INV0115 via Stripe,REC-INV0115-PAY0115,POSTED,772.26,2026-02-02
LEDG0116,2026-02-12,INV0116,CUST0088,55135.07,INR,AR001,CREDIT,Payment receipt for INV0116 via Razorpay,REC-INV0116-PAY0116,POSTED,55135.07,2026-02-12
LEDG0117,2026-05-11,INV0117,CUST0033,148988.17,INR,AR001,CREDIT,Payment receipt for INV0117 via Razorpay,REC-INV0117-PAY0117,POSTED,148988.17,2026-05-11
LEDG0118,2026-04-25,INV0118,CUST0211,12188.78,INR,AR001,CREDIT,Payment receipt for INV0118 via Cashfree,REC-INV0118-PAY0118,POSTED,12188.78,2026-04-25
LEDG0119,2026-02-21,INV0119,CUST0201,50045.43,INR,AR001,CREDIT,Payment receipt for INV0119 via Stripe,REC-INV0119-PAY0119,POSTED,50045.43,2026-02-21
LEDG0120,2026-01-26,INV0120,CUST0291,172033.46,INR,AR001,CREDIT,Payment receipt for INV0120 via Razorpay,REC-INV0120-PAY0120,POSTED,172033.46,2026-01-26
LEDG0121,2026-04-01,INV0121,CUST0409,93334.99,INR,AR001,CREDIT,Payment receipt for INV0121 via Stripe,REC-INV0121-PAY0121,POSTED,93334.99,2026-04-01
LEDG0122,2026-05-04,INV0122,CUST0046,1914.57,INR,AR001,CREDIT,Payment receipt for INV0122 via PayU,REC-INV0122-PAY0122,POSTED,1914.57,2026-05-04
LEDG0123,2026-05-06,INV0123,CUST0208,14659.58,INR,AR001,CREDIT,Payment receipt for INV0123 via Razorpay,REC-INV0123-PAY0123,POSTED,14659.58,2026-05-06
LEDG0124,2026-03-01,INV0124,CUST0059,73099.46,INR,AR001,CREDIT,Payment receipt for INV0124 via Razorpay,REC-INV0124-PAY0124,POSTED,73099.46,2026-03-01
LEDG0125,2026-02-06,INV0125,CUST0425,8937.17,INR,AR001,CREDIT,Payment receipt for INV0125 via Razorpay,REC-INV0125-PAY0125,POSTED,8937.17,2026-02-06
LEDG0126,2026-03-28,INV0126,CUST0038,8386.34,INR,AR001,CREDIT,Payment receipt for INV0126 via Stripe,REC-INV0126-PAY0126,POSTED,8386.34,2026-03-28
LEDG0127,2026-06-27,INV0127,CUST0041,34895.47,INR,AR001,CREDIT,Payment receipt for INV0127 via Stripe,REC-INV0127-PAY0127,POSTED,34895.47,2026-06-27
LEDG0128,2026-04-03,INV0128,CUST0365,149642.71,INR,AR001,CREDIT,Payment receipt for INV0128 via PayU,REC-INV0128-PAY0128,POSTED,149642.71,2026-04-03
LEDG0129,2026-04-27,INV0129,CUST0019,195580.93,INR,AR001,CREDIT,Payment receipt for INV0129 via Stripe,REC-INV0129-PAY0129,POSTED,195580.93,2026-04-27
LEDG0130,2026-04-14,INV0130,CUST0077,17264.29,INR,AR001,CREDIT,Payment receipt for INV0130 via Stripe,REC-INV0130-PAY0130,POSTED,17264.29,2026-04-14
LEDG0131,2026-02-02,INV0131,CUST0218,45331.57,INR,AR001,CREDIT,Payment receipt for INV0131 via Stripe,REC-INV0131-PAY0131,POSTED,45331.57,2026-02-02
LEDG0132,2026-01-26,INV0132,CUST0180,74508.78,INR,AR001,CREDIT,Payment receipt for INV0132 via Stripe,REC-INV0132-PAY0132,POSTED,74508.78,2026-01-26
LEDG0133,2026-02-24,INV0133,CUST0389,2330.85,INR,AR001,CREDIT,Payment receipt for INV0133 via Stripe,REC-INV0133-PAY0133,POSTED,2330.85,2026-02-24
LEDG0134,2026-05-19,INV0134,CUST0253,19680.69,INR,AR001,CREDIT,Payment receipt for INV0134 via Cashfree,REC-INV0134-PAY0134,POSTED,19680.69,2026-05-19
LEDG0135,2026-05-29,INV0135,CUST0413,1330.94,INR,AR001,CREDIT,Payment receipt for INV0135 via Cashfree,REC-INV0135-PAY0135,POSTED,1330.94,2026-05-29
LEDG0136,2026-05-01,INV0136,CUST0229,40275.69,INR,AR001,CREDIT,Payment receipt for INV0136 via Cashfree,REC-INV0136-PAY0136,POSTED,40275.69,2026-05-01
LEDG0137,2026-06-30,INV0137,CUST0356,13105.94,INR,AR001,CREDIT,Payment receipt for INV0137 via Razorpay,REC-INV0137-PAY0137,POSTED,13105.94,2026-06-30
LEDG0138,2026-04-27,INV0138,CUST0205,4070.98,INR,AR001,CREDIT,Payment receipt for INV0138 via Razorpay,REC-INV0138-PAY0138,POSTED,4070.98,2026-04-27
LEDG0139,2026-06-02,INV0139,CUST0301,23890.0,INR,AR001,CREDIT,Payment receipt for INV0139 via Cashfree,REC-INV0139-PAY0139,POSTED,23890.0,2026-06-02
LEDG0140,2026-06-06,INV0140,CUST0203,112179.58,INR,AR001,CREDIT,Payment receipt for INV0140 via Cashfree,REC-INV0140-PAY0140,POSTED,112179.58,2026-06-06
LEDG0141,2026-05-01,INV0141,CUST0377,6249.41,INR,AR001,CREDIT,Payment receipt for INV0141 via PayU,REC-INV0141-PAY0141,POSTED,6249.41,2026-05-01
LEDG0142,2026-03-09,INV0142,CUST0281,40283.94,INR,AR001,CREDIT,Payment receipt for INV0142 via Cashfree,REC-INV0142-PAY0142,POSTED,40283.94,2026-03-09
LEDG0143,2026-06-22,INV0143,CUST0391,62722.09,INR,AR001,CREDIT,Payment receipt for INV0143 via Cashfree,REC-INV0143-PAY0143,POSTED,62722.09,2026-06-22
LEDG0144,2026-02-19,INV0144,CUST0275,1935.15,INR,AR001,CREDIT,Payment receipt for INV0144 via Stripe,REC-INV0144-PAY0144,POSTED,1935.15,2026-02-19
LEDG0145,2026-03-18,INV0145,CUST0258,3625.31,INR,AR001,CREDIT,Payment receipt for INV0145 via Stripe,REC-INV0145-PAY0145,POSTED,3625.31,2026-03-18
LEDG0146,2026-02-13,INV0146,CUST0351,2074.17,INR,AR001,CREDIT,Payment receipt for INV0146 via PayU,REC-INV0146-PAY0146,POSTED,2074.17,2026-02-13
LEDG0147,2026-01-27,INV0147,CUST0484,193785.39,INR,AR001,CREDIT,Payment receipt for INV0147 via Cashfree,REC-INV0147-PAY0147,POSTED,193785.39,2026-01-27
LEDG0148,2026-05-07,INV0148,CUST0313,103616.63,INR,AR001,CREDIT,Payment receipt for INV0148 via Razorpay,REC-INV0148-PAY0148,POSTED,103616.63,2026-05-07
LEDG0149,2026-04-11,INV0149,CUST0313,60298.58,INR,AR001,CREDIT,Payment receipt for INV0149 via Razorpay,REC-INV0149-PAY0149,POSTED,60298.58,2026-04-11
LEDG0150,2026-04-19,INV0150,CUST0083,105903.09,INR,AR001,CREDIT,Payment receipt for INV0150 via PayU,REC-INV0150-PAY0150,POSTED,105903.09,2026-04-19
LEDG0151,2026-04-24,INV0151,CUST0245,2907.19,INR,AR001,CREDIT,Payment receipt for INV0151 via Cashfree,REC-INV0151-PAY0151,POSTED,2907.19,2026-04-24
LEDG0152,2026-01-15,INV0152,CUST0173,4813.18,INR,AR001,CREDIT,Payment receipt for INV0152 via Stripe,REC-INV0152-PAY0152,POSTED,4813.18,2026-01-15
LEDG0153,2026-05-01,INV0153,CUST0339,52788.93,INR,AR001,CREDIT,Payment receipt for INV0153 via PayU,REC-INV0153-PAY0153,POSTED,52788.93,2026-05-01
LEDG0154,2026-02-13,INV0154,CUST0069,39134.36,INR,AR001,CREDIT,Payment receipt for INV0154 via Cashfree,REC-INV0154-PAY0154,POSTED,39134.36,2026-02-13
LEDG0155,2026-01-26,INV0155,CUST0284,74391.65,INR,AR001,CREDIT,Payment receipt for INV0155 via Razorpay,REC-INV0155-PAY0155,POSTED,74391.65,2026-01-26
LEDG0156,2026-01-31,INV0156,CUST0260,137417.47,INR,AR001,CREDIT,Payment receipt for INV0156 via Stripe,REC-INV0156-PAY0156,POSTED,137417.47,2026-01-31
LEDG0157,2026-05-10,INV0157,CUST0313,75686.84,INR,AR001,CREDIT,Payment receipt for INV0157 via Cashfree,REC-INV0157-PAY0157,POSTED,75686.84,2026-05-10
LEDG0158,2026-02-25,INV0158,CUST0069,36290.79,INR,AR001,CREDIT,Payment receipt for INV0158 via Cashfree,REC-INV0158-PAY0158,POSTED,36290.79,2026-02-25
LEDG0159,2026-05-19,INV0159,CUST0451,68245.1,INR,AR001,CREDIT,Payment receipt for INV0159 via Stripe,REC-INV0159-PAY0159,POSTED,68245.1,2026-05-19
LEDG0160,2026-03-23,INV0160,CUST0399,1349.9,INR,AR001,CREDIT,Payment receipt for INV0160 via Razorpay,REC-INV0160-PAY0160,POSTED,1349.9,2026-03-23
LEDG0161,2026-01-08,INV0161,CUST0076,11705.07,INR,AR001,CREDIT,Payment receipt for INV0161 via Stripe,REC-INV0161-PAY0161,POSTED,11705.07,2026-01-08
LEDG0162,2026-04-18,INV0162,CUST0129,6279.41,INR,AR001,CREDIT,Payment receipt for INV0162 via Razorpay,REC-INV0162-PAY0162,POSTED,6279.41,2026-04-18
LEDG0163,2026-02-19,INV0163,CUST0460,20792.11,INR,AR001,CREDIT,Payment receipt for INV0163 via Stripe,REC-INV0163-PAY0163,POSTED,20792.11,2026-02-19
LEDG0164,2026-05-20,INV0164,CUST0072,24306.85,INR,AR001,CREDIT,Payment receipt for INV0164 via PayU,REC-INV0164-PAY0164,POSTED,24306.85,2026-05-20
LEDG0165,2026-05-06,INV0165,CUST0482,7076.17,INR,AR001,CREDIT,Payment receipt for INV0165 via PayU,REC-INV0165-PAY0165,POSTED,7076.17,2026-05-06
LEDG0166,2026-03-31,INV0166,CUST0307,1145.19,INR,AR001,CREDIT,Payment receipt for INV0166 via Cashfree,REC-INV0166-PAY0166,POSTED,1145.19,2026-03-31
LEDG0167,2026-03-26,INV0167,CUST0362,2574.76,INR,AR001,CREDIT,Payment receipt for INV0167 via Razorpay,REC-INV0167-PAY0167,POSTED,2574.76,2026-03-26
LEDG0168,2026-06-12,INV0168,CUST0283,17674.02,INR,AR001,CREDIT,Payment receipt for INV0168 via Razorpay,REC-INV0168-PAY0168,POSTED,17674.02,2026-06-12
LEDG0169,2026-03-20,INV0169,CUST0303,788.78,INR,AR001,CREDIT,Payment receipt for INV0169 via PayU,REC-INV0169-PAY0169,POSTED,788.78,2026-03-20
LEDG0170,2026-01-11,INV0170,CUST0435,16814.69,INR,AR001,CREDIT,Payment receipt for INV0170 via Razorpay,REC-INV0170-PAY0170,POSTED,16814.69,2026-01-11
LEDG0171,2026-01-14,INV0171,CUST0031,12994.79,INR,AR001,CREDIT,Payment receipt for INV0171 via Razorpay,REC-INV0171-PAY0171,POSTED,12994.79,2026-01-14
LEDG0172,2026-05-31,INV0172,CUST0154,125990.66,INR,AR001,CREDIT,Payment receipt for INV0172 via Razorpay,REC-INV0172-PAY0172,POSTED,125990.66,2026-05-31
LEDG0173,2026-03-02,INV0173,CUST0492,2744.0,INR,AR001,CREDIT,Payment receipt for INV0173 via Stripe,REC-INV0173-PAY0173,POSTED,2744.0,2026-03-02
LEDG0174,2026-05-07,INV0174,CUST0460,41642.41,INR,AR001,CREDIT,Payment receipt for INV0174 via Razorpay,REC-INV0174-PAY0174,POSTED,41642.41,2026-05-07
LEDG0175,2026-02-26,INV0175,CUST0047,60453.13,INR,AR001,CREDIT,Payment receipt for INV0175 via PayU,REC-INV0175-PAY0175,POSTED,60453.13,2026-02-26
LEDG0176,2026-04-14,INV0176,CUST0106,22173.63,INR,AR001,CREDIT,Payment receipt for INV0176 via Cashfree,REC-INV0176-PAY0176,PENDING,22173.63,2026-04-14
LEDG0177,2026-05-02,INV0177,CUST0051,1735.42,INR,AR001,CREDIT,Payment receipt for INV0177 via Cashfree,REC-INV0177-PAY0177,POSTED,1735.42,2026-05-02
LEDG0178,2026-06-06,INV0178,CUST0024,38623.54,INR,AR001,CREDIT,Payment receipt for INV0178 via PayU,REC-INV0178-PAY0178,POSTED,38623.54,2026-06-06
LEDG0179,2026-05-02,INV0179,CUST0252,1381.14,INR,AR001,CREDIT,Payment receipt for INV0179 via Stripe,REC-INV0179-PAY0179,POSTED,1381.14,2026-05-02
LEDG0180,2026-03-15,INV0180,CUST0097,660.2,INR,AR001,CREDIT,Payment receipt for INV0180 via PayU,REC-INV0180-PAY0180,POSTED,660.2,2026-03-15
LEDG0181,2026-04-11,INV0181,CUST0427,47661.41,INR,AR001,CREDIT,Payment receipt for INV0181 via Cashfree,REC-INV0181-PAY0181,POSTED,47661.41,2026-04-11
LEDG0182,2026-06-18,INV0182,CUST0220,12567.33,INR,AR001,CREDIT,Payment receipt for INV0182 via PayU,REC-INV0182-PAY0182,POSTED,12567.33,2026-06-18
LEDG0183,2026-04-24,INV0183,CUST0325,44622.91,INR,AR001,CREDIT,Payment receipt for INV0183 via Stripe,REC-INV0183-PAY0183,POSTED,44622.91,2026-04-24
LEDG0184,2026-02-07,INV0184,CUST0434,21743.62,INR,AR001,CREDIT,Payment receipt for INV0184 via Cashfree,REC-INV0184-PAY0184,POSTED,21743.62,2026-02-07
LEDG0185,2026-07-05,INV0185,CUST0374,37960.34,INR,AR001,CREDIT,Payment receipt for INV0185 via Cashfree,REC-INV0185-PAY0185,POSTED,37960.34,2026-07-05
LEDG0186,2026-05-24,INV0186,CUST0061,15581.54,INR,AR001,CREDIT,Payment receipt for INV0186 via PayU,REC-INV0186-PAY0186,POSTED,15581.54,2026-05-24
LEDG0187,2026-04-10,INV0187,CUST0449,3878.1,INR,AR001,CREDIT,Payment receipt for INV0187 via Razorpay,REC-INV0187-PAY0187,POSTED,3878.1,2026-04-10
LEDG0188,2026-04-18,INV0188,CUST0466,64829.8,INR,AR001,CREDIT,Payment receipt for INV0188 via PayU,REC-INV0188-PAY0188,POSTED,64829.8,2026-04-18
LEDG0189,2026-01-12,INV0189,CUST0473,182788.89,INR,AR001,CREDIT,Payment receipt for INV0189 via Stripe,REC-INV0189-PAY0189,POSTED,182788.89,2026-01-12
LEDG0190,2026-02-16,INV0190,CUST0416,45985.31,INR,AR001,CREDIT,Payment receipt for INV0190 via Cashfree,REC-INV0190-PAY0190,POSTED,45985.31,2026-02-16
LEDG0191,2026-05-31,INV0191,CUST0159,169328.02,INR,AR001,CREDIT,Payment receipt for INV0191 via Razorpay,REC-INV0191-PAY0191,POSTED,169328.02,2026-05-31
LEDG0192,2026-04-07,INV0192,CUST0330,2436.35,INR,AR001,CREDIT,Payment receipt for INV0192 via Razorpay,REC-INV0192-PAY0192,POSTED,2436.35,2026-04-07
LEDG0193,2026-01-27,INV0193,CUST0398,557.48,INR,AR001,CREDIT,Payment receipt for INV0193 via Cashfree,REC-INV0193-PAY0193,POSTED,557.48,2026-01-27
LEDG0194,2026-05-28,INV0194,CUST0335,55920.8,INR,AR001,CREDIT,Payment receipt for INV0194 via PayU,REC-INV0194-PAY0194,POSTED,55920.8,2026-05-28
LEDG0195,2026-01-22,INV0195,CUST0484,12951.73,INR,AR001,CREDIT,Payment receipt for INV0195 via PayU,REC-INV0195-PAY0195,PENDING,12951.73,2026-01-22
LEDG0196,2026-01-05,INV0196,CUST0479,2031.72,INR,AR001,CREDIT,Payment receipt for INV0196 via PayU,REC-INV0196-PAY0196,POSTED,2031.72,2026-01-05
LEDG0197,2026-02-13,INV0197,CUST0145,676.86,INR,AR001,CREDIT,Payment receipt for INV0197 via Razorpay,REC-INV0197-PAY0197,POSTED,676.86,2026-02-13
LEDG0198,2026-04-30,INV0198,CUST0319,39193.26,INR,AR001,CREDIT,Payment receipt for INV0198 via Stripe,REC-INV0198-PAY0198,POSTED,39193.26,2026-04-30
LEDG0199,2026-01-25,INV0199,CUST0133,2415.41,INR,AR001,CREDIT,Payment receipt for INV0199 via Razorpay,REC-INV0199-PAY0199,POSTED,2415.41,2026-01-25
LEDG0200,2026-01-27,INV0200,CUST0175,152141.57,INR,AR001,CREDIT,Payment receipt for INV0200 via PayU,REC-INV0200-PAY0200,POSTED,152141.57,2026-01-27
LEDG0201,2026-03-08,INV0201,CUST0409,975.62,INR,AR001,CREDIT,Payment receipt for INV0201 via Cashfree,REC-INV0201-PAY0201,POSTED,975.62,2026-03-08
LEDG0202,2026-01-22,INV0202,CUST0139,176912.83,INR,AR001,CREDIT,Payment receipt for INV0202 via Razorpay,REC-INV0202-PAY0202,POSTED,176912.83,2026-01-22
LEDG0203,2026-03-04,INV0203,CUST0139,105512.1,INR,AR001,CREDIT,Payment receipt for INV0203 via Cashfree,REC-INV0203-PAY0203,POSTED,105512.1,2026-03-04
LEDG0204,2026-02-15,INV0204,CUST0379,51121.34,INR,AR001,CREDIT,Payment receipt for INV0204 via Stripe,REC-INV0204-PAY0204,POSTED,51121.34,2026-02-15
LEDG0205,2026-04-13,INV0205,CUST0336,45149.32,INR,AR001,CREDIT,Payment receipt for INV0205 via Razorpay,REC-INV0205-PAY0205,POSTED,45149.32,2026-04-13
LEDG0206,2026-02-18,INV0206,CUST0318,4159.68,INR,AR001,CREDIT,Payment receipt for INV0206 via Razorpay,REC-INV0206-PAY0206,POSTED,4159.68,2026-02-18
LEDG0207,2026-01-27,INV0207,CUST0249,35907.96,INR,AR001,CREDIT,Payment receipt for INV0207 via Stripe,REC-INV0207-PAY0207,POSTED,35907.96,2026-01-27
LEDG0208,2026-01-21,INV0208,CUST0155,44752.65,INR,AR001,CREDIT,Payment receipt for INV0208 via Stripe,REC-INV0208-PAY0208,POSTED,44752.65,2026-01-21
LEDG0209,2026-04-21,INV0209,CUST0091,52001.56,INR,AR001,CREDIT,Payment receipt for INV0209 via Cashfree,REC-INV0209-PAY0209,POSTED,52001.56,2026-04-21
LEDG0210,2026-04-08,INV0210,CUST0081,107037.54,INR,AR001,CREDIT,Payment receipt for INV0210 via Razorpay,REC-INV0210-PAY0210,POSTED,107037.54,2026-04-08
LEDG0211,2026-04-26,INV0211,CUST0355,5587.29,INR,AR001,CREDIT,Payment receipt for INV0211 via Stripe,REC-INV0211-PAY0211,POSTED,5587.29,2026-04-26
LEDG0212,2026-01-02,INV0212,CUST0167,1667.35,INR,AR001,CREDIT,Payment receipt for INV0212 via Razorpay,REC-INV0212-PAY0212,POSTED,1667.35,2026-01-02
LEDG0213,2026-01-30,INV0213,CUST0353,20671.38,INR,AR001,CREDIT,Payment receipt for INV0213 via Stripe,REC-INV0213-PAY0213,POSTED,20671.38,2026-01-30
LEDG0214,2026-05-13,INV0214,CUST0154,6641.4,INR,AR001,CREDIT,Payment receipt for INV0214 via PayU,REC-INV0214-PAY0214,POSTED,6641.4,2026-05-13
LEDG0215,2026-04-27,INV0215,CUST0450,1955.29,INR,AR001,CREDIT,Payment receipt for INV0215 via PayU,REC-INV0215-PAY0215,POSTED,1955.29,2026-04-27
LEDG0216,2026-03-04,INV0216,CUST0129,57042.08,INR,AR001,CREDIT,Payment receipt for INV0216 via Cashfree,REC-INV0216-PAY0216,POSTED,57042.08,2026-03-04
LEDG0217,2026-04-21,INV0217,CUST0228,115503.4,INR,AR001,CREDIT,Payment receipt for INV0217 via Cashfree,REC-INV0217-PAY0217,POSTED,115503.4,2026-04-21
LEDG0218,2026-04-17,INV0218,CUST0027,29654.74,INR,AR001,CREDIT,Payment receipt for INV0218 via Razorpay,REC-INV0218-PAY0218,POSTED,29654.74,2026-04-17
LEDG0219,2026-03-29,INV0219,CUST0479,13609.14,INR,AR001,CREDIT,Payment receipt for INV0219 via Razorpay,REC-INV0219-PAY0219,POSTED,13609.14,2026-03-29
LEDG0220,2026-06-04,INV0220,CUST0296,15777.92,INR,AR001,CREDIT,Payment receipt for INV0220 via Razorpay,REC-INV0220-PAY0220,POSTED,15777.92,2026-06-04
LEDG0221,2026-06-29,INV0221,CUST0304,199589.19,INR,AR001,CREDIT,Payment receipt for INV0221 via PayU,REC-INV0221-PAY0221,POSTED,199589.19,2026-06-29
LEDG0222,2026-05-25,INV0222,CUST0106,32235.72,INR,AR001,CREDIT,Payment receipt for INV0222 via Razorpay,REC-INV0222-PAY0222,POSTED,32235.72,2026-05-25
LEDG0223,2026-03-11,INV0223,CUST0330,146872.62,INR,AR001,CREDIT,Payment receipt for INV0223 via Cashfree,REC-INV0223-PAY0223,POSTED,146872.62,2026-03-11
LEDG0224,2026-01-21,INV0224,CUST0462,52401.19,INR,AR001,CREDIT,Payment receipt for INV0224 via Cashfree,REC-INV0224-PAY0224,POSTED,52401.19,2026-01-21
LEDG0225,2026-04-16,INV0225,CUST0245,45896.26,INR,AR001,CREDIT,Payment receipt for INV0225 via Razorpay,REC-INV0225-PAY0225,PENDING,45896.26,2026-04-16
LEDG0226,2026-01-23,INV0226,CUST0369,37762.63,INR,AR001,CREDIT,Payment receipt for INV0226 via Cashfree,REC-INV0226-PAY0226,POSTED,37762.63,2026-01-23
LEDG0227,2026-01-09,INV0227,CUST0114,182548.34,INR,AR001,CREDIT,Payment receipt for INV0227 via PayU,REC-INV0227-PAY0227,POSTED,182548.34,2026-01-09
LEDG0228,2026-03-03,INV0228,CUST0334,4879.34,INR,AR001,CREDIT,Payment receipt for INV0228 via PayU,REC-INV0228-PAY0228,POSTED,4879.34,2026-03-03
LEDG0229,2026-04-02,INV0229,CUST0161,20254.4,INR,AR001,CREDIT,Payment receipt for INV0229 via PayU,REC-INV0229-PAY0229,POSTED,20254.4,2026-04-02
LEDG0230,2026-04-20,INV0230,CUST0273,116058.08,INR,AR001,CREDIT,Payment receipt for INV0230 via Razorpay,REC-INV0230-PAY0230,POSTED,116058.08,2026-04-20
LEDG0231,2026-02-03,INV0231,CUST0074,58488.81,INR,AR001,CREDIT,Payment receipt for INV0231 via PayU,REC-INV0231-PAY0231,POSTED,58488.81,2026-02-03
LEDG0232,2026-05-29,INV0232,CUST0404,59317.15,INR,AR001,CREDIT,Payment receipt for INV0232 via Razorpay,REC-INV0232-PAY0232,POSTED,59317.15,2026-05-29
LEDG0233,2026-03-05,INV0233,CUST0129,170213.38,INR,AR001,CREDIT,Payment receipt for INV0233 via PayU,REC-INV0233-PAY0233,POSTED,170213.38,2026-03-05
LEDG0234,2026-01-17,INV0234,CUST0287,161533.75,INR,AR001,CREDIT,Payment receipt for INV0234 via Razorpay,REC-INV0234-PAY0234,PENDING,161533.75,2026-01-17
LEDG0235,2026-03-08,INV0235,CUST0199,124445.06,INR,AR001,CREDIT,Payment receipt for INV0235 via Razorpay,REC-INV0235-PAY0235,POSTED,124445.06,2026-03-08
LEDG0236,2026-06-08,INV0236,CUST0164,6106.33,INR,AR001,CREDIT,Payment receipt for INV0236 via Stripe,REC-INV0236-PAY0236,POSTED,6106.33,2026-06-08
LEDG0237,2026-05-22,INV0237,CUST0454,13512.68,INR,AR001,CREDIT,Payment receipt for INV0237 via PayU,REC-INV0237-PAY0237,POSTED,13512.68,2026-05-22
LEDG0238,2026-02-14,INV0238,CUST0217,4824.05,INR,AR001,CREDIT,Payment receipt for INV0238 via Stripe,REC-INV0238-PAY0238,POSTED,4824.05,2026-02-14
LEDG0239,2026-04-09,INV0239,CUST0269,8326.88,INR,AR001,CREDIT,Payment receipt for INV0239 via Cashfree,REC-INV0239-PAY0239,POSTED,8326.88,2026-04-09
LEDG0240,2026-02-12,INV0240,CUST0355,4407.37,INR,AR001,CREDIT,Payment receipt for INV0240 via Razorpay,REC-INV0240-PAY0240,POSTED,4407.37,2026-02-12
LEDG0241,2026-02-24,INV0241,CUST0366,3474.03,INR,AR001,CREDIT,Payment receipt for INV0241 via Cashfree,REC-INV0241-PAY0241,POSTED,3474.03,2026-02-24
LEDG0242,2026-04-19,INV0242,CUST0277,41156.39,INR,AR001,CREDIT,Payment receipt for INV0242 via Razorpay,REC-INV0242-PAY0242,POSTED,41156.39,2026-04-19
LEDG0243,2026-05-10,INV0243,CUST0040,48028.94,INR,AR001,CREDIT,Payment receipt for INV0243 via Stripe,REC-INV0243-PAY0243,POSTED,48028.94,2026-05-10
LEDG0244,2026-06-26,INV0244,CUST0287,12051.05,INR,AR001,CREDIT,Payment receipt for INV0244 via Cashfree,REC-INV0244-PAY0244,POSTED,12051.05,2026-06-26
LEDG0245,2026-03-26,INV0245,CUST0279,29743.06,INR,AR001,CREDIT,Payment receipt for INV0245 via Stripe,REC-INV0245-PAY0245,POSTED,29743.06,2026-03-26
LEDG0246,2026-02-08,INV0246,CUST0478,185650.17,INR,AR001,CREDIT,Payment receipt for INV0246 via Stripe,REC-INV0246-PAY0246,POSTED,185650.17,2026-02-08
LEDG0247,2026-02-25,INV0247,CUST0227,23747.55,INR,AR001,CREDIT,Payment receipt for INV0247 via Razorpay,REC-INV0247-PAY0247,POSTED,23747.55,2026-02-25
LEDG0248,2026-01-25,INV0248,CUST0050,28855.4,INR,AR001,CREDIT,Payment receipt for INV0248 via Razorpay,REC-INV0248-PAY0248,POSTED,28855.4,2026-01-25
LEDG0249,2026-06-22,INV0249,CUST0361,30103.71,INR,AR001,CREDIT,Payment receipt for INV0249 via PayU,REC-INV0249-PAY0249,POSTED,30103.71,2026-06-22
LEDG0250,2026-02-28,INV0250,CUST0278,150144.42,INR,AR001,CREDIT,Payment receipt for INV0250 via Stripe,REC-INV0250-PAY0250,POSTED,150144.42,2026-02-28
LEDG0251,2026-01-18,INV0251,CUST0348,41724.73,INR,AR001,CREDIT,Payment receipt for INV0251 via Razorpay,REC-INV0251-PAY0251,POSTED,41724.73,2026-01-18
LEDG0252,2026-04-14,INV0252,CUST0309,138627.89,INR,AR001,CREDIT,Payment receipt for INV0252 via PayU,REC-INV0252-PAY0252,POSTED,138627.89,2026-04-14
LEDG0253,2026-05-02,INV0253,CUST0091,18641.32,INR,AR001,CREDIT,Payment receipt for INV0253 via Stripe,REC-INV0253-PAY0253,POSTED,18641.32,2026-05-02
LEDG0254,2026-05-23,INV0254,CUST0357,15489.47,INR,AR001,CREDIT,Payment receipt for INV0254 via Cashfree,REC-INV0254-PAY0254,POSTED,15489.47,2026-05-23
LEDG0255,2026-02-03,INV0255,CUST0112,3695.83,INR,AR001,CREDIT,Payment receipt for INV0255 via Stripe,REC-INV0255-PAY0255,POSTED,3695.83,2026-02-03
LEDG0256,2026-04-18,INV0256,CUST0176,63575.63,INR,AR001,CREDIT,Payment receipt for INV0256 via Cashfree,REC-INV0256-PAY0256,POSTED,63575.63,2026-04-18
LEDG0257,2026-02-06,INV0257,CUST0035,23889.55,INR,AR001,CREDIT,Payment receipt for INV0257 via Razorpay,REC-INV0257-PAY0257,POSTED,23889.55,2026-02-06
LEDG0258,2026-04-13,INV0258,CUST0357,20116.5,INR,AR001,CREDIT,Payment receipt for INV0258 via Cashfree,REC-INV0258-PAY0258,POSTED,20116.5,2026-04-13
LEDG0259,2026-05-02,INV0259,CUST0092,3150.05,INR,AR001,CREDIT,Payment receipt for INV0259 via Razorpay,REC-INV0259-PAY0259,POSTED,3150.05,2026-05-02
LEDG0260,2026-04-14,INV0260,CUST0373,24387.94,INR,AR001,CREDIT,Payment receipt for INV0260 via PayU,REC-INV0260-PAY0260,POSTED,24387.94,2026-04-14
LEDG0261,2026-02-22,INV0261,CUST0024,137122.77,INR,AR001,CREDIT,Payment receipt for INV0261 via Razorpay,REC-INV0261-PAY0261,POSTED,137122.77,2026-02-22
LEDG0262,2026-02-03,INV0262,CUST0264,21919.58,INR,AR001,CREDIT,Payment receipt for INV0262 via Razorpay,REC-INV0262-PAY0262,POSTED,21919.58,2026-02-03
LEDG0263,2026-01-06,INV0263,CUST0139,47329.15,INR,AR001,CREDIT,Payment receipt for INV0263 via Cashfree,REC-INV0263-PAY0263,POSTED,47329.15,2026-01-06
LEDG0264,2026-04-18,INV0264,CUST0235,27486.24,INR,AR001,CREDIT,Payment receipt for INV0264 via Cashfree,REC-INV0264-PAY0264,POSTED,27486.24,2026-04-18
LEDG0265,2026-03-26,INV0265,CUST0242,24771.31,INR,AR001,CREDIT,Payment receipt for INV0265 via Stripe,REC-INV0265-PAY0265,POSTED,24771.31,2026-03-26
LEDG0266,2026-05-06,INV0266,CUST0105,34558.83,INR,AR001,CREDIT,Payment receipt for INV0266 via Stripe,REC-INV0266-PAY0266,POSTED,34558.83,2026-05-06
LEDG0267,2026-02-26,INV0267,CUST0007,98275.53,INR,AR001,CREDIT,Payment receipt for INV0267 via Cashfree,REC-INV0267-PAY0267,POSTED,98275.53,2026-02-26
LEDG0268,2026-05-17,INV0268,CUST0489,194180.18,INR,AR001,CREDIT,Payment receipt for INV0268 via Stripe,REC-INV0268-PAY0268,POSTED,194180.18,2026-05-17
LEDG0269,2026-06-27,INV0269,CUST0100,122261.01,INR,AR001,CREDIT,Payment receipt for INV0269 via Stripe,REC-INV0269-PAY0269,POSTED,122261.01,2026-06-27
LEDG0270,2026-06-21,INV0270,CUST0480,72199.66,INR,AR001,CREDIT,Payment receipt for INV0270 via Razorpay,REC-INV0270-PAY0270,POSTED,72199.66,2026-06-21
LEDG0271,2026-01-26,INV0271,CUST0064,38099.72,INR,AR001,CREDIT,Payment receipt for INV0271 via Stripe,REC-INV0271-PAY0271,POSTED,38099.72,2026-01-26
LEDG0272,2026-05-10,INV0272,CUST0119,49091.55,INR,AR001,CREDIT,Payment receipt for INV0272 via PayU,REC-INV0272-PAY0272,POSTED,49091.55,2026-05-10
LEDG0273,2026-01-19,INV0273,CUST0377,4008.44,INR,AR001,CREDIT,Payment receipt for INV0273 via PayU,REC-INV0273-PAY0273,POSTED,4008.44,2026-01-19
LEDG0274,2026-03-10,INV0274,CUST0312,54760.9,INR,AR001,CREDIT,Payment receipt for INV0274 via Stripe,REC-INV0274-PAY0274,POSTED,54760.9,2026-03-10
LEDG0275,2026-02-04,INV0275,CUST0242,8051.17,INR,AR001,CREDIT,Payment receipt for INV0275 via PayU,REC-INV0275-PAY0275,POSTED,8051.17,2026-02-04
LEDG0276,2026-02-15,INV0276,CUST0038,9781.68,INR,AR001,CREDIT,Payment receipt for INV0276 via PayU,REC-INV0276-PAY0276,POSTED,9781.68,2026-02-15
LEDG0277,2026-05-26,INV0277,CUST0435,87502.05,INR,AR001,CREDIT,Payment receipt for INV0277 via Razorpay,REC-INV0277-PAY0277,POSTED,87502.05,2026-05-26
LEDG0278,2026-03-23,INV0278,CUST0496,70645.64,INR,AR001,CREDIT,Payment receipt for INV0278 via Razorpay,REC-INV0278-PAY0278,POSTED,70645.64,2026-03-23
LEDG0279,2026-06-12,INV0279,CUST0282,14317.3,INR,AR001,CREDIT,Payment receipt for INV0279 via Razorpay,REC-INV0279-PAY0279,POSTED,14317.3,2026-06-12
LEDG0280,2026-05-01,INV0280,CUST0462,4017.37,INR,AR001,CREDIT,Payment receipt for INV0280 via Stripe,REC-INV0280-PAY0280,POSTED,4017.37,2026-05-01
LEDG0281,2026-02-11,INV0281,CUST0189,67793.09,INR,AR001,CREDIT,Payment receipt for INV0281 via Cashfree,REC-INV0281-PAY0281,POSTED,67793.09,2026-02-11
LEDG0282,2026-01-09,INV0282,CUST0491,1597.25,INR,AR001,CREDIT,Payment receipt for INV0282 via Cashfree,REC-INV0282-PAY0282,POSTED,1597.25,2026-01-09
LEDG0283,2026-01-11,INV0283,CUST0222,3201.68,INR,AR001,CREDIT,Payment receipt for INV0283 via Razorpay,REC-INV0283-PAY0283,POSTED,3201.68,2026-01-11
LEDG0284,2026-05-15,INV0284,CUST0385,65102.69,INR,AR001,CREDIT,Payment receipt for INV0284 via PayU,REC-INV0284-PAY0284,POSTED,65102.69,2026-05-15
LEDG0285,2026-06-10,INV0285,CUST0190,18449.01,INR,AR001,CREDIT,Payment receipt for INV0285 via Razorpay,REC-INV0285-PAY0285,POSTED,18449.01,2026-06-10
LEDG0286,2026-02-02,INV0286,CUST0403,12295.3,INR,AR001,CREDIT,Payment receipt for INV0286 via Stripe,REC-INV0286-PAY0286,POSTED,12295.3,2026-02-02
LEDG0287,2026-06-21,INV0287,CUST0364,4195.37,INR,AR001,CREDIT,Payment receipt for INV0287 via PayU,REC-INV0287-PAY0287,POSTED,4195.37,2026-06-21
LEDG0288,2026-01-09,INV0288,CUST0099,8897.32,INR,AR001,CREDIT,Payment receipt for INV0288 via Cashfree,REC-INV0288-PAY0288,POSTED,8897.32,2026-01-09
LEDG0289,2026-06-12,INV0289,CUST0256,31429.69,INR,AR001,CREDIT,Payment receipt for INV0289 via Razorpay,REC-INV0289-PAY0289,POSTED,31429.69,2026-06-12
LEDG0290,2026-06-03,INV0290,CUST0327,186879.35,INR,AR001,CREDIT,Payment receipt for INV0290 via Razorpay,REC-INV0290-PAY0290,POSTED,186879.35,2026-06-03
LEDG0291,2026-02-14,INV0291,CUST0281,113526.36,INR,AR001,CREDIT,Payment receipt for INV0291 via Razorpay,REC-INV0291-PAY0291,POSTED,113526.36,2026-02-14
LEDG0292,2026-06-24,INV0292,CUST0146,161561.97,INR,AR001,CREDIT,Payment receipt for INV0292 via Cashfree,REC-INV0292-PAY0292,POSTED,161561.97,2026-06-24
LEDG0293,2026-03-07,INV0293,CUST0096,116355.12,INR,AR001,CREDIT,Payment receipt for INV0293 via Cashfree,REC-INV0293-PAY0293,POSTED,116355.12,2026-03-07
LEDG0294,2026-04-30,INV0294,CUST0307,197650.65,INR,AR001,CREDIT,Payment receipt for INV0294 via PayU,REC-INV0294-PAY0294,POSTED,197650.65,2026-04-30
LEDG0295,2026-05-29,INV0295,CUST0333,12266.03,INR,AR001,CREDIT,Payment receipt for INV0295 via Razorpay,REC-INV0295-PAY0295,POSTED,12266.03,2026-05-29
LEDG0296,2026-01-16,INV0296,CUST0317,24427.77,INR,AR001,CREDIT,Payment receipt for INV0296 via PayU,REC-INV0296-PAY0296,POSTED,24427.77,2026-01-16
LEDG0297,2026-04-07,INV0297,CUST0320,2726.7,INR,AR001,CREDIT,Payment receipt for INV0297 via Stripe,REC-INV0297-PAY0297,POSTED,2726.7,2026-04-07
LEDG0298,2026-04-23,INV0298,CUST0369,44467.95,INR,AR001,CREDIT,Payment receipt for INV0298 via PayU,REC-INV0298-PAY0298,POSTED,44467.95,2026-04-23
LEDG0299,2026-05-29,INV0299,CUST0213,3659.99,INR,AR001,CREDIT,Payment receipt for INV0299 via Cashfree,REC-INV0299-PAY0299,POSTED,3659.99,2026-05-29
LEDG0300,2026-06-05,INV0300,CUST0459,15214.19,INR,AR001,CREDIT,Payment receipt for INV0300 via Razorpay,REC-INV0300-PAY0300,POSTED,15214.19,2026-06-05
LEDG0301,2026-04-16,INV0301,CUST0276,3567.2,INR,AR001,CREDIT,Payment receipt for INV0301 via Cashfree,REC-INV0301-PAY0301,POSTED,3567.2,2026-04-16
LEDG0302,2026-06-12,INV0302,CUST0216,43252.86,INR,AR001,CREDIT,Payment receipt for INV0302 via Stripe,REC-INV0302-PAY0302,POSTED,43252.86,2026-06-12
LEDG0303,2026-03-27,INV0303,CUST0351,18828.92,INR,AR001,CREDIT,Payment receipt for INV0303 via PayU,REC-INV0303-PAY0303,POSTED,18828.92,2026-03-27
LEDG0304,2026-05-04,INV0304,CUST0167,95623.01,INR,AR001,CREDIT,Payment receipt for INV0304 via Razorpay,REC-INV0304-PAY0304,POSTED,95623.01,2026-05-04
LEDG0305,2026-04-06,INV0305,CUST0013,75946.55,INR,AR001,CREDIT,Payment receipt for INV0305 via Cashfree,REC-INV0305-PAY0305,POSTED,75946.55,2026-04-06
LEDG0306,2026-05-07,INV0306,CUST0305,3512.43,INR,AR001,CREDIT,Payment receipt for INV0306 via PayU,REC-INV0306-PAY0306,POSTED,3512.43,2026-05-07
LEDG0307,2026-01-15,INV0307,CUST0283,51345.63,INR,AR001,CREDIT,Payment receipt for INV0307 via Stripe,REC-INV0307-PAY0307,POSTED,51345.63,2026-01-15
LEDG0308,2026-02-12,INV0308,CUST0415,10587.51,INR,AR001,CREDIT,Payment receipt for INV0308 via PayU,REC-INV0308-PAY0308,POSTED,10587.51,2026-02-12
LEDG0309,2026-06-16,INV0309,CUST0134,3361.44,INR,AR001,CREDIT,Payment receipt for INV0309 via Cashfree,REC-INV0309-PAY0309,POSTED,3361.44,2026-06-16
LEDG0310,2026-03-13,INV0310,CUST0111,4570.29,INR,AR001,CREDIT,Payment receipt for INV0310 via Stripe,REC-INV0310-PAY0310,POSTED,4570.29,2026-03-13
LEDG0311,2026-04-19,INV0311,CUST0010,34629.97,INR,AR001,CREDIT,Payment receipt for INV0311 via Stripe,REC-INV0311-PAY0311,POSTED,34629.97,2026-04-19
LEDG0312,2026-02-01,INV0312,CUST0423,173161.51,INR,AR001,CREDIT,Payment receipt for INV0312 via Razorpay,REC-INV0312-PAY0312,POSTED,173161.51,2026-02-01
LEDG0313,2026-01-19,INV0313,CUST0470,91204.73,INR,AR001,CREDIT,Payment receipt for INV0313 via Stripe,REC-INV0313-PAY0313,POSTED,91204.73,2026-01-19
LEDG0314,2026-01-20,INV0314,CUST0392,61403.4,INR,AR001,CREDIT,Payment receipt for INV0314 via Cashfree,REC-INV0314-PAY0314,POSTED,61403.4,2026-01-20
LEDG0315,2026-06-06,INV0315,CUST0319,9384.65,INR,AR001,CREDIT,Payment receipt for INV0315 via Cashfree,REC-INV0315-PAY0315,POSTED,9384.65,2026-06-06
LEDG0316,2026-05-29,INV0316,CUST0017,2505.09,INR,AR001,CREDIT,Payment receipt for INV0316 via PayU,REC-INV0316-PAY0316,POSTED,2505.09,2026-05-29
LEDG0317,2026-03-15,INV0317,CUST0007,2922.25,INR,AR001,CREDIT,Payment receipt for INV0317 via Stripe,REC-INV0317-PAY0317,POSTED,2922.25,2026-03-15
LEDG0318,2026-04-10,INV0318,CUST0347,86065.84,INR,AR001,CREDIT,Payment receipt for INV0318 via Razorpay,REC-INV0318-PAY0318,POSTED,86065.84,2026-04-10
LEDG0319,2026-03-31,INV0319,CUST0075,199489.06,INR,AR001,CREDIT,Payment receipt for INV0319 via Razorpay,REC-INV0319-PAY0319,POSTED,199489.06,2026-03-31
LEDG0320,2026-07-02,INV0320,CUST0133,108467.95,INR,AR001,CREDIT,Payment receipt for INV0320 via Stripe,REC-INV0320-PAY0320,POSTED,108467.95,2026-07-02
LEDG0321,2026-06-19,INV0321,CUST0398,140726.92,INR,AR001,CREDIT,Payment receipt for INV0321 via Cashfree,REC-INV0321-PAY0321,POSTED,140726.92,2026-06-19
LEDG0322,2026-05-16,INV0322,CUST0266,176303.9,INR,AR001,CREDIT,Payment receipt for INV0322 via Stripe,REC-INV0322-PAY0322,POSTED,176303.9,2026-05-16
LEDG0323,2026-04-20,INV0323,CUST0256,79090.86,INR,AR001,CREDIT,Payment receipt for INV0323 via Razorpay,REC-INV0323-PAY0323,POSTED,79090.86,2026-04-20
LEDG0324,2026-06-22,INV0324,CUST0147,3497.7,INR,AR001,CREDIT,Payment receipt for INV0324 via Cashfree,REC-INV0324-PAY0324,POSTED,3497.7,2026-06-22
LEDG0325,2026-03-10,INV0325,CUST0395,4822.63,INR,AR001,CREDIT,Payment receipt for INV0325 via Stripe,REC-INV0325-PAY0325,POSTED,4822.63,2026-03-10
LEDG0326,2026-05-02,INV0326,CUST0482,889.27,INR,AR001,CREDIT,Payment receipt for INV0326 via PayU,REC-INV0326-PAY0326,POSTED,889.27,2026-05-02
LEDG0327,2026-02-28,INV0327,CUST0335,1871.84,INR,AR001,CREDIT,Payment receipt for INV0327 via Stripe,REC-INV0327-PAY0327,POSTED,1871.84,2026-02-28
LEDG0328,2026-05-07,INV0328,CUST0415,125593.84,INR,AR001,CREDIT,Payment receipt for INV0328 via Cashfree,REC-INV0328-PAY0328,POSTED,125593.84,2026-05-07
LEDG0329,2026-01-24,INV0329,CUST0066,163172.97,INR,AR001,CREDIT,Payment receipt for INV0329 via PayU,REC-INV0329-PAY0329,POSTED,163172.97,2026-01-24
LEDG0330,2026-04-06,INV0330,CUST0292,154690.62,INR,AR001,CREDIT,Payment receipt for INV0330 via Stripe,REC-INV0330-PAY0330,POSTED,154690.62,2026-04-06
LEDG0331,2026-06-14,INV0331,CUST0126,72935.41,INR,AR001,CREDIT,Payment receipt for INV0331 via Stripe,REC-INV0331-PAY0331,POSTED,72935.41,2026-06-14
LEDG0332,2026-04-24,INV0332,CUST0412,4994.74,INR,AR001,CREDIT,Payment receipt for INV0332 via Stripe,REC-INV0332-PAY0332,POSTED,4994.74,2026-04-24
LEDG0333,2026-01-16,INV0333,CUST0321,3536.78,INR,AR001,CREDIT,Payment receipt for INV0333 via Razorpay,REC-INV0333-PAY0333,POSTED,3536.78,2026-01-16
LEDG0334,2026-04-06,INV0334,CUST0162,2411.19,INR,AR001,CREDIT,Payment receipt for INV0334 via Cashfree,REC-INV0334-PAY0334,POSTED,2411.19,2026-04-06
LEDG0335,2026-04-25,INV0335,CUST0205,112630.02,INR,AR001,CREDIT,Payment receipt for INV0335 via Razorpay,REC-INV0335-PAY0335,POSTED,112630.02,2026-04-25
LEDG0336,2026-02-08,INV0336,CUST0177,24764.81,INR,AR001,CREDIT,Payment receipt for INV0336 via Stripe,REC-INV0336-PAY0336,POSTED,24764.81,2026-02-08
LEDG0337,2026-02-02,INV0337,CUST0076,14243.4,INR,AR001,CREDIT,Payment receipt for INV0337 via Cashfree,REC-INV0337-PAY0337,POSTED,14243.4,2026-02-02
LEDG0338,2026-03-04,INV0338,CUST0219,3587.13,INR,AR001,CREDIT,Payment receipt for INV0338 via Razorpay,REC-INV0338-PAY0338,POSTED,3587.13,2026-03-04
LEDG0339,2026-03-11,INV0339,CUST0387,2851.95,INR,AR001,CREDIT,Payment receipt for INV0339 via Razorpay,REC-INV0339-PAY0339,POSTED,2851.95,2026-03-11
LEDG0340,2026-03-02,INV0340,CUST0441,40391.78,INR,AR001,CREDIT,Payment receipt for INV0340 via Razorpay,REC-INV0340-PAY0340,POSTED,40391.78,2026-03-02
LEDG0341,2026-04-24,INV0341,CUST0075,69497.81,INR,AR001,CREDIT,Payment receipt for INV0341 via Cashfree,REC-INV0341-PAY0341,POSTED,69497.81,2026-04-24
LEDG0342,2026-01-23,INV0342,CUST0059,124401.11,INR,AR001,CREDIT,Payment receipt for INV0342 via Cashfree,REC-INV0342-PAY0342,POSTED,124401.11,2026-01-23
LEDG0343,2026-01-12,INV0343,CUST0375,86750.03,INR,AR001,CREDIT,Payment receipt for INV0343 via Razorpay,REC-INV0343-PAY0343,POSTED,86750.03,2026-01-12
LEDG0344,2026-04-17,INV0344,CUST0401,76470.17,INR,AR001,CREDIT,Payment receipt for INV0344 via PayU,REC-INV0344-PAY0344,POSTED,76470.17,2026-04-17
LEDG0345,2026-02-19,INV0345,CUST0278,176273.22,INR,AR001,CREDIT,Payment receipt for INV0345 via Cashfree,REC-INV0345-PAY0345,POSTED,176273.22,2026-02-19
LEDG0346,2026-03-21,INV0346,CUST0019,23098.14,INR,AR001,CREDIT,Payment receipt for INV0346 via Razorpay,REC-INV0346-PAY0346,POSTED,23098.14,2026-03-21
LEDG0347,2026-02-11,INV0347,CUST0213,171371.15,INR,AR001,CREDIT,Payment receipt for INV0347 via PayU,REC-INV0347-PAY0347,POSTED,171371.15,2026-02-11
LEDG0348,2026-06-05,INV0348,CUST0025,58914.36,INR,AR001,CREDIT,Payment receipt for INV0348 via PayU,REC-INV0348-PAY0348,POSTED,58914.36,2026-06-05
LEDG0349,2026-03-28,INV0349,CUST0061,1336.5,INR,AR001,CREDIT,Payment receipt for INV0349 via Razorpay,REC-INV0349-PAY0349,POSTED,1336.5,2026-03-28
LEDG0350,2026-03-17,INV0350,CUST0011,19074.74,INR,AR001,CREDIT,Payment receipt for INV0350 via PayU,REC-INV0350-PAY0350,POSTED,19074.74,2026-03-17
LEDG0351,2026-04-29,INV0351,CUST0500,70124.9,INR,AR001,CREDIT,Payment receipt for INV0351 via Cashfree,REC-INV0351-PAY0351,POSTED,70124.9,2026-04-29
LEDG0352,2026-01-05,INV0352,CUST0348,1115.07,INR,AR001,CREDIT,Payment receipt for INV0352 via Cashfree,REC-INV0352-PAY0352,POSTED,1115.07,2026-01-05
LEDG0353,2026-02-01,INV0353,CUST0130,61443.3,INR,AR001,CREDIT,Payment receipt for INV0353 via Razorpay,REC-INV0353-PAY0353,POSTED,61443.3,2026-02-01
LEDG0354,2026-06-13,INV0354,CUST0275,105372.26,INR,AR001,CREDIT,Payment receipt for INV0354 via Stripe,REC-INV0354-PAY0354,POSTED,105372.26,2026-06-13
LEDG0355,2026-05-06,INV0355,CUST0045,14579.87,INR,AR001,CREDIT,Payment receipt for INV0355 via PayU,REC-INV0355-PAY0355,POSTED,14579.87,2026-05-06
LEDG0356,2026-06-18,INV0356,CUST0050,120103.35,INR,AR001,CREDIT,Payment receipt for INV0356 via Stripe,REC-INV0356-PAY0356,POSTED,120103.35,2026-06-18
LEDG0357,2026-02-13,INV0357,CUST0137,106877.3,INR,AR001,CREDIT,Payment receipt for INV0357 via PayU,REC-INV0357-PAY0357,POSTED,106877.3,2026-02-13
LEDG0358,2026-04-26,INV0358,CUST0032,11445.87,INR,AR001,CREDIT,Payment receipt for INV0358 via PayU,REC-INV0358-PAY0358,POSTED,11445.87,2026-04-26
LEDG0359,2026-04-09,INV0359,CUST0196,174890.36,INR,AR001,CREDIT,Payment receipt for INV0359 via PayU,REC-INV0359-PAY0359,PENDING,174890.36,2026-04-09
LEDG0360,2026-03-18,INV0360,CUST0224,23134.81,INR,AR001,CREDIT,Payment receipt for INV0360 via Razorpay,REC-INV0360-PAY0360,POSTED,23134.81,2026-03-18
LEDG0361,2026-06-14,INV0361,CUST0198,45524.93,INR,AR001,CREDIT,Payment receipt for INV0361 via PayU,REC-INV0361-PAY0361,POSTED,45524.93,2026-06-14
LEDG0362,2026-06-19,INV0362,CUST0105,4429.92,INR,AR001,CREDIT,Payment receipt for INV0362 via Razorpay,REC-INV0362-PAY0362,POSTED,4429.92,2026-06-19
LEDG0363,2026-01-30,INV0363,CUST0370,4321.17,INR,AR001,CREDIT,Payment receipt for INV0363 via PayU,REC-INV0363-PAY0363,POSTED,4321.17,2026-01-30
LEDG0364,2026-03-26,INV0364,CUST0262,123477.61,INR,AR001,CREDIT,Payment receipt for INV0364 via Cashfree,REC-INV0364-PAY0364,POSTED,123477.61,2026-03-26
LEDG0365,2026-02-13,INV0365,CUST0459,18880.38,INR,AR001,CREDIT,Payment receipt for INV0365 via Stripe,REC-INV0365-PAY0365,POSTED,18880.38,2026-02-13
LEDG0366,2026-04-23,INV0366,CUST0016,8836.65,INR,AR001,CREDIT,Payment receipt for INV0366 via Cashfree,REC-INV0366-PAY0366,POSTED,8836.65,2026-04-23
LEDG0367,2026-03-30,INV0367,CUST0464,37324.67,INR,AR001,CREDIT,Payment receipt for INV0367 via Stripe,REC-INV0367-PAY0367,POSTED,37324.67,2026-03-30
LEDG0368,2026-03-26,INV0368,CUST0485,106043.51,INR,AR001,CREDIT,Payment receipt for INV0368 via Razorpay,REC-INV0368-PAY0368,POSTED,106043.51,2026-03-26
LEDG0369,2026-04-15,INV0369,CUST0170,2411.31,INR,AR001,CREDIT,Payment receipt for INV0369 via Stripe,REC-INV0369-PAY0369,POSTED,2411.31,2026-04-15
LEDG0370,2026-01-13,INV0370,CUST0050,77794.24,INR,AR001,CREDIT,Payment receipt for INV0370 via Razorpay,REC-INV0370-PAY0370,POSTED,77794.24,2026-01-13
LEDG0371,2026-05-28,INV0371,CUST0231,2035.99,INR,AR001,CREDIT,Payment receipt for INV0371 via PayU,REC-INV0371-PAY0371,POSTED,2035.99,2026-05-28
LEDG0372,2026-04-09,INV0372,CUST0217,65174.03,INR,AR001,CREDIT,Payment receipt for INV0372 via PayU,REC-INV0372-PAY0372,POSTED,65174.03,2026-04-09
LEDG0373,2026-04-25,INV0373,CUST0383,31884.5,INR,AR001,CREDIT,Payment receipt for INV0373 via Razorpay,REC-INV0373-PAY0373,POSTED,31884.5,2026-04-25
LEDG0374,2026-01-08,INV0374,CUST0387,14186.74,INR,AR001,CREDIT,Payment receipt for INV0374 via PayU,REC-INV0374-PAY0374,POSTED,14186.74,2026-01-08
LEDG0375,2026-04-03,INV0375,CUST0306,1388.32,INR,AR001,CREDIT,Payment receipt for INV0375 via Cashfree,REC-INV0375-PAY0375,PENDING,1388.32,2026-04-03
LEDG0376,2026-03-30,INV0376,CUST0007,2403.51,INR,AR001,CREDIT,Payment receipt for INV0376 via Razorpay,REC-INV0376-PAY0376,POSTED,2403.51,2026-03-30
LEDG0377,2026-04-04,INV0377,CUST0110,133266.2,INR,AR001,CREDIT,Payment receipt for INV0377 via Razorpay,REC-INV0377-PAY0377,POSTED,133266.2,2026-04-04
LEDG0378,2026-06-08,INV0378,CUST0404,3166.92,INR,AR001,CREDIT,Payment receipt for INV0378 via Stripe,REC-INV0378-PAY0378,POSTED,3166.92,2026-06-08
LEDG0379,2026-04-19,INV0379,CUST0410,21415.38,INR,AR001,CREDIT,Payment receipt for INV0379 via Razorpay,REC-INV0379-PAY0379,POSTED,21415.38,2026-04-19
LEDG0380,2026-07-01,INV0380,CUST0247,40949.69,INR,AR001,CREDIT,Payment receipt for INV0380 via Stripe,REC-INV0380-PAY0380,POSTED,40949.69,2026-07-01
LEDG0381,2026-02-26,INV0381,CUST0175,105148.2,INR,AR001,CREDIT,Payment receipt for INV0381 via Stripe,REC-INV0381-PAY0381,POSTED,105148.2,2026-02-26
LEDG0382,2026-06-30,INV0382,CUST0493,6971.68,INR,AR001,CREDIT,Payment receipt for INV0382 via Stripe,REC-INV0382-PAY0382,POSTED,6971.68,2026-06-30
LEDG0383,2026-01-28,INV0383,CUST0328,7183.05,INR,AR001,CREDIT,Payment receipt for INV0383 via Cashfree,REC-INV0383-PAY0383,POSTED,7183.05,2026-01-28
LEDG0384,2026-06-04,INV0384,CUST0375,156092.11,INR,AR001,CREDIT,Payment receipt for INV0384 via Razorpay,REC-INV0384-PAY0384,POSTED,156092.11,2026-06-04
LEDG0385,2026-06-28,INV0385,CUST0115,67699.65,INR,AR001,CREDIT,Payment receipt for INV0385 via Cashfree,REC-INV0385-PAY0385,POSTED,67699.65,2026-06-28
LEDG0386,2026-01-26,INV0386,CUST0123,1688.98,INR,AR001,CREDIT,Payment receipt for INV0386 via PayU,REC-INV0386-PAY0386,POSTED,1688.98,2026-01-26
LEDG0387,2026-05-03,INV0387,CUST0435,3399.06,INR,AR001,CREDIT,Payment receipt for INV0387 via Razorpay,REC-INV0387-PAY0387,POSTED,3399.06,2026-05-03
LEDG0388,2026-06-18,INV0388,CUST0403,54692.14,INR,AR001,CREDIT,Payment receipt for INV0388 via Cashfree,REC-INV0388-PAY0388,POSTED,54692.14,2026-06-18
LEDG0389,2026-02-27,INV0389,CUST0051,104212.33,INR,AR001,CREDIT,Payment receipt for INV0389 via PayU,REC-INV0389-PAY0389,POSTED,104212.33,2026-02-27
LEDG0390,2026-07-01,INV0390,CUST0266,74971.18,INR,AR001,CREDIT,Payment receipt for INV0390 via Stripe,REC-INV0390-PAY0390,POSTED,74971.18,2026-07-01
LEDG0391,2026-04-26,INV0391,CUST0072,1032.54,INR,AR001,CREDIT,Payment receipt for INV0391 via Stripe,REC-INV0391-PAY0391,POSTED,1032.54,2026-04-26
LEDG0392,2026-04-05,INV0392,CUST0341,15955.75,INR,AR001,CREDIT,Payment receipt for INV0392 via Razorpay,REC-INV0392-PAY0392,POSTED,15955.75,2026-04-05
LEDG0393,2026-05-17,INV0393,CUST0282,6584.57,INR,AR001,CREDIT,Payment receipt for INV0393 via PayU,REC-INV0393-PAY0393,POSTED,6584.57,2026-05-17
LEDG0394,2026-03-08,INV0394,CUST0378,2708.86,INR,AR001,CREDIT,Payment receipt for INV0394 via Razorpay,REC-INV0394-PAY0394,POSTED,2708.86,2026-03-08
LEDG0395,2026-02-22,INV0395,CUST0371,9152.57,INR,AR001,CREDIT,Payment receipt for INV0395 via Cashfree,REC-INV0395-PAY0395,POSTED,9152.57,2026-02-22
LEDG0396,2026-06-08,INV0396,CUST0328,42334.68,INR,AR001,CREDIT,Payment receipt for INV0396 via Cashfree,REC-INV0396-PAY0396,POSTED,42334.68,2026-06-08
LEDG0397,2026-04-05,INV0397,CUST0048,64079.94,INR,AR001,CREDIT,Payment receipt for INV0397 via Cashfree,REC-INV0397-PAY0397,POSTED,64079.94,2026-04-05
LEDG0398,2026-03-14,INV0398,CUST0208,3602.53,INR,AR001,CREDIT,Payment receipt for INV0398 via PayU,REC-INV0398-PAY0398,POSTED,3602.53,2026-03-14
LEDG0399,2026-01-27,INV0399,CUST0157,77581.54,INR,AR001,CREDIT,Payment receipt for INV0399 via PayU,REC-INV0399-PAY0399,POSTED,77581.54,2026-01-27
LEDG0400,2026-06-29,INV0400,CUST0459,182256.25,INR,AR001,CREDIT,Payment receipt for INV0400 via Cashfree,REC-INV0400-PAY0400,POSTED,182256.25,2026-06-29
LEDG0401,2026-06-01,INV0401,CUST0425,180857.34,INR,AR001,CREDIT,Payment receipt for INV0401 via Stripe,REC-INV0401-PAY0401,POSTED,180857.34,2026-06-01
LEDG0402,2026-02-16,INV0402,CUST0187,66644.44,INR,AR001,CREDIT,Payment receipt for INV0402 via Stripe,REC-INV0402-PAY0402,POSTED,66644.44,2026-02-16
LEDG0403,2026-03-21,INV0403,CUST0448,119814.69,INR,AR001,CREDIT,Payment receipt for INV0403 via Stripe,REC-INV0403-PAY0403,POSTED,119814.69,2026-03-21
LEDG0404,2026-05-24,INV0404,CUST0061,46730.9,INR,AR001,CREDIT,Payment receipt for INV0404 via Stripe,REC-INV0404-PAY0404,POSTED,46730.9,2026-05-24
LEDG0405,2026-01-05,INV0405,CUST0072,126867.81,INR,AR001,CREDIT,Payment receipt for INV0405 via Stripe,REC-INV0405-PAY0405,POSTED,126867.81,2026-01-05
LEDG0406,2026-06-05,INV0406,CUST0185,87008.44,INR,AR001,CREDIT,Payment receipt for INV0406 via PayU,REC-INV0406-PAY0406,POSTED,87008.44,2026-06-05
LEDG0407,2026-01-28,INV0407,CUST0237,4101.3,INR,AR001,CREDIT,Payment receipt for INV0407 via Razorpay,REC-INV0407-PAY0407,POSTED,4101.3,2026-01-28
LEDG0408,2026-02-12,INV0408,CUST0495,3050.81,INR,AR001,CREDIT,Payment receipt for INV0408 via Cashfree,REC-INV0408-PAY0408,POSTED,3050.81,2026-02-12
LEDG0409,2026-02-06,INV0409,CUST0398,52723.37,INR,AR001,CREDIT,Payment receipt for INV0409 via PayU,REC-INV0409-PAY0409,POSTED,52723.37,2026-02-06
LEDG0410,2026-02-17,INV0410,CUST0230,17208.7,INR,AR001,CREDIT,Payment receipt for INV0410 via Cashfree,REC-INV0410-PAY0410,PENDING,17208.7,2026-02-17
LEDG0411,2026-03-15,INV0411,CUST0179,43749.76,INR,AR001,CREDIT,Payment receipt for INV0411 via Cashfree,REC-INV0411-PAY0411,POSTED,43749.76,2026-03-15
LEDG0412,2026-02-14,INV0412,CUST0168,3477.75,INR,AR001,CREDIT,Payment receipt for INV0412 via PayU,REC-INV0412-PAY0412,POSTED,3477.75,2026-02-14
LEDG0413,2026-05-22,INV0413,CUST0229,164256.73,INR,AR001,CREDIT,Payment receipt for INV0413 via PayU,REC-INV0413-PAY0413,POSTED,164256.73,2026-05-22
LEDG0414,2026-02-17,INV0414,CUST0248,125864.49,INR,AR001,CREDIT,Payment receipt for INV0414 via PayU,REC-INV0414-PAY0414,POSTED,125864.49,2026-02-17
LEDG0415,2026-01-18,INV0415,CUST0245,19979.36,INR,AR001,CREDIT,Payment receipt for INV0415 via Cashfree,REC-INV0415-PAY0415,POSTED,19979.36,2026-01-18
LEDG0416,2026-02-18,INV0416,CUST0277,57622.43,INR,AR001,CREDIT,Payment receipt for INV0416 via PayU,REC-INV0416-PAY0416,PENDING,57622.43,2026-02-18
LEDG0417,2026-02-12,INV0417,CUST0316,3467.2,INR,AR001,CREDIT,Payment receipt for INV0417 via PayU,REC-INV0417-PAY0417,POSTED,3467.2,2026-02-12
LEDG0418,2026-01-06,INV0418,CUST0308,7216.73,INR,AR001,CREDIT,Payment receipt for INV0418 via Cashfree,REC-INV0418-PAY0418,POSTED,7216.73,2026-01-06
LEDG0419,2026-02-09,INV0419,CUST0056,13552.57,INR,AR001,CREDIT,Payment receipt for INV0419 via PayU,REC-INV0419-PAY0419,POSTED,13552.57,2026-02-09
LEDG0420,2026-05-27,INV0420,CUST0447,6957.41,INR,AR001,CREDIT,Payment receipt for INV0420 via Cashfree,REC-INV0420-PAY0420,POSTED,6957.41,2026-05-27
LEDG0421,2026-02-17,INV0421,CUST0493,6444.26,INR,AR001,CREDIT,Payment receipt for INV0421 via Razorpay,REC-INV0421-PAY0421,POSTED,6444.26,2026-02-17
LEDG0422,2026-01-17,INV0422,CUST0182,17634.39,INR,AR001,CREDIT,Payment receipt for INV0422 via Cashfree,REC-INV0422-PAY0422,POSTED,17634.39,2026-01-17
LEDG0423,2026-06-16,INV0423,CUST0458,3094.97,INR,AR001,CREDIT,Payment receipt for INV0423 via Razorpay,REC-INV0423-PAY0423,POSTED,3094.97,2026-06-16
LEDG0424,2026-06-03,INV0424,CUST0344,864.94,INR,AR001,CREDIT,Payment receipt for INV0424 via PayU,REC-INV0424-PAY0424,POSTED,864.94,2026-06-03
LEDG0425,2026-06-16,INV0425,CUST0130,114215.14,INR,AR001,CREDIT,Payment receipt for INV0425 via PayU,REC-INV0425-PAY0425,POSTED,114215.14,2026-06-16
LEDG0426,2026-02-09,INV0426,CUST0009,20156.36,INR,AR001,CREDIT,Payment receipt for INV0426 via Stripe,REC-INV0426-PAY0426,POSTED,20156.36,2026-02-09
LEDG0427,2026-05-09,INV0427,CUST0338,4966.44,INR,AR001,CREDIT,Payment receipt for INV0427 via Razorpay,REC-INV0427-PAY0427,POSTED,4966.44,2026-05-09
LEDG0428,2026-03-11,INV0428,CUST0481,2718.19,INR,AR001,CREDIT,Payment receipt for INV0428 via Cashfree,REC-INV0428-PAY0428,POSTED,2718.19,2026-03-11
LEDG0429,2026-02-14,INV0429,CUST0011,82232.94,INR,AR001,CREDIT,Payment receipt for INV0429 via Cashfree,REC-INV0429-PAY0429,POSTED,82232.94,2026-02-14
LEDG0430,2026-03-16,INV0430,CUST0370,141927.43,INR,AR001,CREDIT,Payment receipt for INV0430 via Cashfree,REC-INV0430-PAY0430,POSTED,141927.43,2026-03-16
LEDG0431,2026-01-18,INV0431,CUST0475,81701.35,INR,AR001,CREDIT,Payment receipt for INV0431 via Stripe,REC-INV0431-PAY0431,POSTED,81701.35,2026-01-18
LEDG0432,2026-02-19,INV0432,CUST0140,53552.09,INR,AR001,CREDIT,Payment receipt for INV0432 via Cashfree,REC-INV0432-PAY0432,POSTED,53552.09,2026-02-19
LEDG0433,2026-02-06,INV0433,CUST0309,1777.5,INR,AR001,CREDIT,Payment receipt for INV0433 via Razorpay,REC-INV0433-PAY0433,POSTED,1777.5,2026-02-06
LEDG0434,2026-04-19,INV0434,CUST0019,3711.22,INR,AR001,CREDIT,Payment receipt for INV0434 via Razorpay,REC-INV0434-PAY0434,POSTED,3711.22,2026-04-19
LEDG0435,2026-01-20,INV0435,CUST0064,159820.15,INR,AR001,CREDIT,Payment receipt for INV0435 via Razorpay,REC-INV0435-PAY0435,POSTED,159820.15,2026-01-20
LEDG0436,2026-06-01,INV0436,CUST0194,108637.06,INR,AR001,CREDIT,Payment receipt for INV0436 via Stripe,REC-INV0436-PAY0436,POSTED,108637.06,2026-06-01
LEDG0437,2026-03-18,INV0437,CUST0436,18140.27,INR,AR001,CREDIT,Payment receipt for INV0437 via Cashfree,REC-INV0437-PAY0437,POSTED,18140.27,2026-03-18
LEDG0438,2026-06-22,INV0438,CUST0442,29968.76,INR,AR001,CREDIT,Payment receipt for INV0438 via Razorpay,REC-INV0438-PAY0438,POSTED,29968.76,2026-06-22
LEDG0439,2026-06-24,INV0439,CUST0426,18884.56,INR,AR001,CREDIT,Payment receipt for INV0439 via Cashfree,REC-INV0439-PAY0439,POSTED,18884.56,2026-06-24
LEDG0440,2026-02-01,INV0440,CUST0288,148860.81,INR,AR001,CREDIT,Payment receipt for INV0440 via Razorpay,REC-INV0440-PAY0440,POSTED,148860.81,2026-02-01
LEDG0441,2026-02-08,INV0441,CUST0371,7248.76,INR,AR001,CREDIT,Payment receipt for INV0441 via Razorpay,REC-INV0441-PAY0441,POSTED,7248.76,2026-02-08
LEDG0442,2026-05-12,INV0442,CUST0418,190318.94,INR,AR001,CREDIT,Payment receipt for INV0442 via Stripe,REC-INV0442-PAY0442,POSTED,190318.94,2026-05-12
LEDG0443,2026-04-18,INV0443,CUST0197,61230.65,INR,AR001,CREDIT,Payment receipt for INV0443 via Stripe,REC-INV0443-PAY0443,POSTED,61230.65,2026-04-18
LEDG0444,2026-06-04,INV0444,CUST0163,21943.33,INR,AR001,CREDIT,Payment receipt for INV0444 via Razorpay,REC-INV0444-PAY0444,POSTED,21943.33,2026-06-04
LEDG0445,2026-02-19,INV0445,CUST0491,2952.37,INR,AR001,CREDIT,Payment receipt for INV0445 via Stripe,REC-INV0445-PAY0445,POSTED,2952.37,2026-02-19
LEDG0446,2026-04-03,INV0446,CUST0445,143699.79,INR,AR001,CREDIT,Payment receipt for INV0446 via Razorpay,REC-INV0446-PAY0446,POSTED,143699.79,2026-04-03
LEDG0447,2026-05-29,INV0447,CUST0017,10993.7,INR,AR001,CREDIT,Payment receipt for INV0447 via PayU,REC-INV0447-PAY0447,POSTED,10993.7,2026-05-29
LEDG0448,2026-02-09,INV0448,CUST0329,123024.7,INR,AR001,CREDIT,Payment receipt for INV0448 via Stripe,REC-INV0448-PAY0448,POSTED,123024.7,2026-02-09
LEDG0449,2026-01-15,INV0449,CUST0421,196882.81,INR,AR001,CREDIT,Payment receipt for INV0449 via Cashfree,REC-INV0449-PAY0449,POSTED,196882.81,2026-01-15
LEDG0450,2026-01-26,INV0450,CUST0108,159043.96,INR,AR001,CREDIT,Payment receipt for INV0450 via Stripe,REC-INV0450-PAY0450,POSTED,159043.96,2026-01-26
LEDG0451,2026-01-24,INV0451,CUST0446,88034.04,INR,AR001,CREDIT,Payment receipt for INV0451 via PayU,REC-INV0451-PAY0451,POSTED,88034.04,2026-01-24
LEDG0452,2026-04-24,INV0452,CUST0145,26880.78,INR,AR001,CREDIT,Payment receipt for INV0452 via Stripe,REC-INV0452-PAY0452,POSTED,26880.78,2026-04-24
LEDG0453,2026-02-26,INV0453,CUST0125,29018.7,INR,AR001,CREDIT,Payment receipt for INV0453 via PayU,REC-INV0453-PAY0453,POSTED,29018.7,2026-02-26
LEDG0454,2026-01-20,INV0454,CUST0012,50113.92,INR,AR001,CREDIT,Payment receipt for INV0454 via Cashfree,REC-INV0454-PAY0454,POSTED,50113.92,2026-01-20
LEDG0455,2026-02-14,INV0455,CUST0425,72296.93,INR,AR001,CREDIT,Payment receipt for INV0455 via Cashfree,REC-INV0455-PAY0455,POSTED,72296.93,2026-02-14
LEDG0456,2026-01-29,INV0456,CUST0340,59872.73,INR,AR001,CREDIT,Payment receipt for INV0456 via Cashfree,REC-INV0456-PAY0456,POSTED,59872.73,2026-01-29
LEDG0457,2026-05-04,INV0457,CUST0163,3623.7,INR,AR001,CREDIT,Payment receipt for INV0457 via Stripe,REC-INV0457-PAY0457,POSTED,3623.7,2026-05-04
LEDG0458,2026-04-03,INV0458,CUST0437,54190.88,INR,AR001,CREDIT,Payment receipt for INV0458 via PayU,REC-INV0458-PAY0458,POSTED,54190.88,2026-04-03
LEDG0459,2026-05-13,INV0459,CUST0131,129220.59,INR,AR001,CREDIT,Payment receipt for INV0459 via Stripe,REC-INV0459-PAY0459,PENDING,129220.59,2026-05-13
LEDG0460,2026-06-26,INV0460,CUST0040,37711.97,INR,AR001,CREDIT,Payment receipt for INV0460 via Cashfree,REC-INV0460-PAY0460,POSTED,37711.97,2026-06-26
LEDG0461,2026-02-10,INV0461,CUST0144,10363.81,INR,AR001,CREDIT,Payment receipt for INV0461 via Razorpay,REC-INV0461-PAY0461,POSTED,10363.81,2026-02-10
LEDG0462,2026-06-23,INV0462,CUST0054,2394.0,INR,AR001,CREDIT,Payment receipt for INV0462 via Razorpay,REC-INV0462-PAY0462,POSTED,2394.0,2026-06-23
LEDG0463,2026-03-01,INV0463,CUST0152,45717.34,INR,AR001,CREDIT,Payment receipt for INV0463 via Cashfree,REC-INV0463-PAY0463,POSTED,45717.34,2026-03-01
LEDG0464,2026-05-30,INV0464,CUST0358,1644.39,INR,AR001,CREDIT,Payment receipt for INV0464 via Stripe,REC-INV0464-PAY0464,POSTED,1644.39,2026-05-30
LEDG0465,2026-02-07,INV0465,CUST0017,105198.62,INR,AR001,CREDIT,Payment receipt for INV0465 via PayU,REC-INV0465-PAY0465,POSTED,105198.62,2026-02-07
LEDG0466,2026-03-12,INV0466,CUST0251,10358.1,INR,AR001,CREDIT,Payment receipt for INV0466 via Cashfree,REC-INV0466-PAY0466,POSTED,10358.1,2026-03-12
LEDG0467,2026-04-06,INV0467,CUST0395,41566.52,INR,AR001,CREDIT,Payment receipt for INV0467 via Stripe,REC-INV0467-PAY0467,POSTED,41566.52,2026-04-06
LEDG0468,2026-06-21,INV0468,CUST0357,19841.83,INR,AR001,CREDIT,Payment receipt for INV0468 via Razorpay,REC-INV0468-PAY0468,POSTED,19841.83,2026-06-21
LEDG0469,2026-04-27,INV0469,CUST0426,195177.09,INR,AR001,CREDIT,Payment receipt for INV0469 via Razorpay,REC-INV0469-PAY0469,POSTED,195177.09,2026-04-27
LEDG0470,2026-04-13,INV0470,CUST0179,3049.58,INR,AR001,CREDIT,Payment receipt for INV0470 via Stripe,REC-INV0470-PAY0470,POSTED,3049.58,2026-04-13
LEDG0471,2026-06-20,INV0471,CUST0144,168530.95,INR,AR001,CREDIT,Payment receipt for INV0471 via PayU,REC-INV0471-PAY0471,POSTED,168530.95,2026-06-20
LEDG0472,2026-04-11,INV0472,CUST0100,67066.02,INR,AR001,CREDIT,Payment receipt for INV0472 via Cashfree,REC-INV0472-PAY0472,POSTED,67066.02,2026-04-11
LEDG0473,2026-05-04,INV0473,CUST0228,2661.61,INR,AR001,CREDIT,Payment receipt for INV0473 via PayU,REC-INV0473-PAY0473,POSTED,2661.61,2026-05-04
LEDG0474,2026-03-06,INV0474,CUST0489,2832.45,INR,AR001,CREDIT,Payment receipt for INV0474 via PayU,REC-INV0474-PAY0474,POSTED,2832.45,2026-03-06
LEDG0475,2026-06-30,INV0475,CUST0299,13146.41,INR,AR001,CREDIT,Payment receipt for INV0475 via Stripe,REC-INV0475-PAY0475,POSTED,13146.41,2026-06-30
LEDG0476,2026-05-17,INV0476,CUST0025,5410.64,INR,AR001,CREDIT,Payment receipt for INV0476 via Razorpay,REC-INV0476-PAY0476,POSTED,5410.64,2026-05-17
LEDG0477,2026-04-25,INV0477,CUST0227,13898.66,INR,AR001,CREDIT,Payment receipt for INV0477 via Cashfree,REC-INV0477-PAY0477,POSTED,13898.66,2026-04-25
LEDG0478,2026-01-19,INV0478,CUST0076,38226.09,INR,AR001,CREDIT,Payment receipt for INV0478 via Cashfree,REC-INV0478-PAY0478,POSTED,38226.09,2026-01-19
LEDG0479,2026-04-28,INV0479,CUST0155,22798.81,INR,AR001,CREDIT,Payment receipt for INV0479 via Stripe,REC-INV0479-PAY0479,POSTED,22798.81,2026-04-28
LEDG0480,2026-06-07,INV0480,CUST0352,55946.25,INR,AR001,CREDIT,Payment receipt for INV0480 via PayU,REC-INV0480-PAY0480,POSTED,55946.25,2026-06-07
LEDG0481,2026-03-17,INV0481,CUST0030,50878.84,INR,AR001,CREDIT,Payment receipt for INV0481 via Stripe,REC-INV0481-PAY0481,POSTED,50878.84,2026-03-17
LEDG0482,2026-06-26,INV0482,CUST0447,90431.67,INR,AR001,CREDIT,Payment receipt for INV0482 via Stripe,REC-INV0482-PAY0482,POSTED,90431.67,2026-06-26
LEDG0483,2026-03-13,INV0483,CUST0278,4494.48,INR,AR001,CREDIT,Payment receipt for INV0483 via PayU,REC-INV0483-PAY0483,POSTED,4494.48,2026-03-13
LEDG0484,2026-01-19,INV0484,CUST0205,38147.49,INR,AR001,CREDIT,Payment receipt for INV0484 via PayU,REC-INV0484-PAY0484,POSTED,38147.49,2026-01-19
LEDG0485,2026-03-29,INV0485,CUST0207,20810.73,INR,AR001,CREDIT,Payment receipt for INV0485 via Cashfree,REC-INV0485-PAY0485,POSTED,20810.73,2026-03-29
LEDG0486,2026-05-26,INV0486,CUST0128,8914.65,INR,AR001,CREDIT,Payment receipt for INV0486 via PayU,REC-INV0486-PAY0486,POSTED,8914.65,2026-05-26
LEDG0487,2026-03-31,INV0487,CUST0140,193974.68,INR,AR001,CREDIT,Payment receipt for INV0487 via Razorpay,REC-INV0487-PAY0487,POSTED,193974.68,2026-03-31
LEDG0488,2026-01-26,INV0488,CUST0310,1947.81,INR,AR001,CREDIT,Payment receipt for INV0488 via PayU,REC-INV0488-PAY0488,POSTED,1947.81,2026-01-26
LEDG0489,2026-01-27,INV0489,CUST0430,7362.42,INR,AR001,CREDIT,Payment receipt for INV0489 via Razorpay,REC-INV0489-PAY0489,POSTED,7362.42,2026-01-27
LEDG0490,2026-01-10,INV0490,CUST0415,1028.66,INR,AR001,CREDIT,Payment receipt for INV0490 via PayU,REC-INV0490-PAY0490,POSTED,1028.66,2026-01-10
LEDG0491,2026-03-05,INV0491,CUST0330,132116.9,INR,AR001,CREDIT,Payment receipt for INV0491 via PayU,REC-INV0491-PAY0491,POSTED,132116.9,2026-03-05
LEDG0492,2026-06-14,INV0492,CUST0190,49323.27,INR,AR001,CREDIT,Payment receipt for INV0492 via PayU,REC-INV0492-PAY0492,POSTED,49323.27,2026-06-14
LEDG0493,2026-01-12,INV0493,CUST0308,24159.14,INR,AR001,CREDIT,Payment receipt for INV0493 via Stripe,REC-INV0493-PAY0493,POSTED,24159.14,2026-01-12
LEDG0494,2026-04-13,INV0494,CUST0345,1936.73,INR,AR001,CREDIT,Payment receipt for INV0494 via Razorpay,REC-INV0494-PAY0494,POSTED,1936.73,2026-04-13
LEDG0495,2026-05-16,INV0495,CUST0088,109427.81,INR,AR001,CREDIT,Payment receipt for INV0495 via Razorpay,REC-INV0495-PAY0495,POSTED,109427.81,2026-05-16
LEDG0496,2026-02-18,INV0496,CUST0369,130076.6,INR,AR001,CREDIT,Payment receipt for INV0496 via Cashfree,REC-INV0496-PAY0496,POSTED,130076.6,2026-02-18
LEDG0497,2026-01-27,INV0497,CUST0237,12311.83,INR,AR001,CREDIT,Payment receipt for INV0497 via Cashfree,REC-INV0497-PAY0497,POSTED,12311.83,2026-01-27
LEDG0498,2026-04-07,INV0498,CUST0371,7091.53,INR,AR001,CREDIT,Payment receipt for INV0498 via Cashfree,REC-INV0498-PAY0498,POSTED,7091.53,2026-04-07
LEDG0499,2026-01-17,INV0499,CUST0145,2997.41,INR,AR001,CREDIT,Payment receipt for INV0499 via PayU,REC-INV0499-PAY0499,POSTED,2997.41,2026-01-17
LEDG0500,2026-05-01,INV0500,CUST0307,60358.77,INR,AR001,CREDIT,Payment receipt for INV0500 via Cashfree,REC-INV0500-PAY0500,POSTED,60358.77,2026-05-01
