payment_id,invoice_id,customer_id,payment_date,amount,currency,gateway,gateway_reference,payment_method,payment_status,normalized_reference,normalized_amount,normalized_payment_date
PAY0001,INV0001,CUST0322,2026-04-16,194659.82,INR,Stripe,GW-188297,Card,SUCCESS,GW-188297,194659.82,2026-04-16
PAY0002,INV0002,CUST0274,2026-03-01,16452.59,INR,Razorpay,GW-189691,NetBanking,SUCCESS,GW-189691,16452.59,2026-03-01
PAY0003,INV0003,CUST0022,2026-06-02,41110.22,INR,Cashfree,GW-297863,UPI,SUCCESS,GW-297863,41110.22,2026-06-02
PAY0004,INV0004,CUST0416,2026-05-18,3748.91,INR,Razorpay,GW-DUP-0001,Card,SUCCESS,GW-DUP-0001,3748.91,2026-05-18
PAY0005,INV0005,CUST0079,2026-06-06,1616.7,INR,PayU,GW-746923,Card,SUCCESS,GW-746923,1616.7,2026-06-06
PAY0006,INV0006,CUST0062,2026-05-23,69840.43,INR,Razorpay,GW-916889,UPI,SUCCESS,GW-916889,69840.43,2026-05-23
PAY0007,INV0007,CUST0116,2026-02-16,187773.26,INR,PayU,GW-285328,NetBanking,SUCCESS,GW-285328,187773.26,2026-02-16
PAY0008,INV0008,CUST0210,2026-06-03,168333.25,INR,PayU,GW-976238,UPI,REFUNDED,GW-976238,168333.25,2026-06-03
PAY0009,INV0009,CUST0075,2026-05-22,32890.57,INR,Cashfree,GW-763949,Wallet,SUCCESS,GW-763949,32890.57,2026-05-22
PAY0010,INV0010,CUST0049,2026-06-26,21947.13,INR,PayU,GW-779713,Card,SUCCESS,GW-779713,21947.13,2026-06-26
PAY0011,INV0011,CUST0287,2026-07-02,179950.63,INR,PayU,GW-112324,UPI,SUCCESS,GW-112324,179950.63,2026-07-02
PAY0012,INV0012,CUST0010,2026-02-27,17456.51,INR,Razorpay,GW-200236,NetBanking,SUCCESS,GW-200236,17456.51,2026-02-27
PAY0013,INV0013,CUST0311,2026-06-22,6685.64,INR,Razorpay,GW-384032,Wallet,SUCCESS,GW-384032,6685.64,2026-06-22
PAY0014,INV0014,CUST0340,2026-03-29,39044.23,INR,Cashfree,GW-239706,UPI,SUCCESS,GW-239706,39044.23,2026-03-29
PAY0015,INV0015,CUST0189,2026-03-12,86502.52,INR,PayU,GW-606039,UPI,SUCCESS,GW-606039,86502.52,2026-03-12
PAY0016,INV0016,CUST0174,2026-04-08,171118.82,INR,Razorpay,GW-738955,NetBanking,SUCCESS,GW-738955,171118.82,2026-04-08
PAY0017,INV0017,CUST0220,2026-05-12,173094.18,INR,PayU,GW-481415,Wallet,SUCCESS,GW-481415,173094.18,2026-05-12
PAY0018,INV0018,CUST0283,2026-07-05,3779.34,INR,Razorpay,GW-393986,Card,SUCCESS,GW-393986,3779.34,2026-07-05
PAY0019,INV0019,CUST0235,2026-02-17,129670.07,INR,Razorpay,GW-DUP-0013,NetBanking,SUCCESS,GW-DUP-0013,129670.07,2026-02-17
PAY0020,INV0020,CUST0383,2026-04-15,4550.59,INR,PayU,GW-714475,Card,SUCCESS,GW-714475,4550.59,2026-04-15
PAY0021,INV0021,CUST0217,2026-06-20,159394.71,INR,PayU,GW-266213,Wallet,SUCCESS,GW-266213,159394.71,2026-06-20
PAY0022,INV0022,CUST0323,2026-04-23,3229.74,INR,PayU,GW-849528,NetBanking,SUCCESS,GW-849528,3229.74,2026-04-23
PAY0023,INV0023,CUST0222,2026-02-20,60650.6,INR,PayU,GW-517649,UPI,SUCCESS,GW-517649,60650.6,2026-02-20
PAY0024,INV0024,CUST0250,2026-02-10,4069.99,INR,PayU,GW-891576,Card,SUCCESS,GW-891576,4069.99,2026-02-10
PAY0025,INV0025,CUST0280,2026-05-15,4758.83,INR,Cashfree,GW-691793,UPI,SUCCESS,GW-691793,4758.83,2026-05-15
PAY0026,INV0026,CUST0012,2026-02-09,30052.23,INR,Razorpay,GW-885310,UPI,SUCCESS,GW-885310,30052.23,2026-02-09
PAY0027,INV0027,CUST0079,2026-03-24,19339.28,INR,PayU,GW-539214,UPI,SUCCESS,GW-539214,19339.28,2026-03-24
PAY0028,INV0028,CUST0394,2026-02-02,12632.38,INR,Razorpay,GW-655260,Wallet,SUCCESS,GW-655260,12632.38,2026-02-02
PAY0029,INV0029,CUST0393,2026-04-25,3111.55,INR,PayU,GW-944984,NetBanking,SUCCESS,GW-944984,3111.55,2026-04-25
PAY0030,INV0030,CUST0414,2026-01-31,4123.39,INR,Stripe,GW-650210,Card,SUCCESS,GW-650210,4123.39,2026-01-31
PAY0031,INV0031,CUST0112,2026-07-02,4113.83,INR,Cashfree,GW-981743,UPI,SUCCESS,GW-981743,4113.83,2026-07-02
PAY0032,INV0032,CUST0087,2026-06-16,58976.08,INR,Stripe,GW-674046,NetBanking,SUCCESS,GW-674046,58976.08,2026-06-16
PAY0033,INV0033,CUST0275,2026-04-16,146705.82,INR,Stripe,GW-279907,NetBanking,SUCCESS,GW-279907,146705.82,2026-04-16
PAY0034,INV0034,CUST0143,2026-06-19,6848.31,INR,Stripe,GW-962732,Wallet,SUCCESS,GW-962732,6848.31,2026-06-19
PAY0035,INV0035,CUST0282,2026-02-04,139762.26,INR,PayU,GW-637197,Card,SUCCESS,GW-637197,139762.26,2026-02-04
PAY0036,INV0036,CUST0060,2026-04-09,16893.21,INR,Razorpay,GW-129939,Card,SUCCESS,GW-129939,16893.21,2026-04-09
PAY0037,INV0037,CUST0242,2026-02-14,4795.26,INR,PayU,GW-254804,Wallet,SUCCESS,GW-254804,4795.26,2026-02-14
PAY0038,INV0038,CUST0196,2026-06-12,179833.65,INR,Cashfree,GW-387007,Wallet,SUCCESS,GW-387007,179833.65,2026-06-12
PAY0039,INV0039,CUST0379,2026-06-10,2612.75,INR,Stripe,GW-833011,Card,SUCCESS,GW-833011,2612.75,2026-06-10
PAY0040,INV0040,CUST0410,2026-01-30,60449.68,INR,Cashfree,GW-827299,Card,SUCCESS,GW-827299,60449.68,2026-01-30
PAY0041,INV0041,CUST0261,2026-03-22,21495.63,INR,Cashfree,GW-767277,Wallet,SUCCESS,GW-767277,21495.63,2026-03-22
PAY0042,INV0042,CUST0264,2026-04-02,79121.27,INR,PayU,GW-972078,Card,SUCCESS,GW-972078,79121.27,2026-04-02
PAY0043,INV0043,CUST0270,2026-04-22,176041.58,INR,Razorpay,GW-212187,NetBanking,SUCCESS,GW-212187,176041.58,2026-04-22
PAY0044,INV0044,CUST0202,2026-05-02,2459.51,INR,Stripe,GW-516855,UPI,SUCCESS,GW-516855,2459.51,2026-05-02
PAY0045,INV0045,CUST0121,2026-03-27,6934.26,INR,Cashfree,GW-204379,UPI,SUCCESS,GW-204379,6934.26,2026-03-27
PAY0046,INV0046,CUST0093,2026-02-05,2058.94,INR,Cashfree,GW-890193,NetBanking,SUCCESS,GW-890193,2058.94,2026-02-05
PAY0047,INV0047,CUST0449,2026-01-20,2740.43,INR,Stripe,GW-548947,UPI,SUCCESS,GW-548947,2740.43,2026-01-20
PAY0048,INV0048,CUST0180,2026-02-13,110975.23,INR,Stripe,GW-482619,UPI,SUCCESS,GW-482619,110975.23,2026-02-13
PAY0049,INV0049,CUST0440,2026-06-09,101753.71,INR,Razorpay,GW-682503,Card,SUCCESS,GW-682503,101753.71,2026-06-09
PAY0050,INV0050,CUST0437,2026-03-10,57481.25,INR,PayU,GW-215681,NetBanking,REFUNDED,GW-215681,57481.25,2026-03-10
PAY0051,INV0051,CUST0163,2026-06-18,135412.14,INR,Razorpay,GW-490729,Wallet,SUCCESS,GW-490729,135412.14,2026-06-18
PAY0052,INV0052,CUST0008,2026-04-05,81202.44,INR,Razorpay,GW-732490,UPI,SUCCESS,GW-732490,81202.44,2026-04-05
PAY0053,INV0053,CUST0222,2026-03-08,22295.29,INR,Razorpay,GW-339996,NetBanking,SUCCESS,GW-339996,22295.29,2026-03-08
PAY0054,INV0054,CUST0347,2026-06-07,92971.23,INR,Razorpay,GW-828496,UPI,SUCCESS,GW-828496,92971.23,2026-06-07
PAY0055,INV0055,CUST0226,2026-05-25,190671.09,INR,Razorpay,GW-534795,Card,SUCCESS,GW-534795,190671.09,2026-05-25
PAY0056,INV0056,CUST0025,2026-01-18,13251.73,INR,PayU,GW-916072,UPI,SUCCESS,GW-916072,13251.73,2026-01-18
PAY0057,INV0057,CUST0494,2026-04-29,33757.57,INR,Razorpay,GW-302713,Wallet,SUCCESS,GW-302713,33757.57,2026-04-29
PAY0058,INV0058,CUST0496,2026-01-22,40204.74,INR,Razorpay,GW-418384,UPI,SUCCESS,GW-418384,40204.74,2026-01-22
PAY0059,INV0059,CUST0179,2026-02-07,126841.45,INR,Stripe,GW-296780,NetBanking,SUCCESS,GW-296780,126841.45,2026-02-07
PAY0060,INV0060,CUST0305,2026-02-05,68899.66,INR,PayU,GW-596758,UPI,SUCCESS,GW-596758,68899.66,2026-02-05
PAY0061,INV0061,CUST0202,2026-01-29,129725.17,INR,PayU,GW-413148,NetBanking,SUCCESS,GW-413148,129725.17,2026-01-29
PAY0062,INV0062,CUST0047,2026-02-26,1411.56,INR,PayU,GW-198335,Card,SUCCESS,GW-198335,1411.56,2026-02-26
PAY0063,INV0063,CUST0382,2026-06-12,139076.6,INR,Cashfree,GW-165317,Card,SUCCESS,GW-165317,139076.6,2026-06-12
PAY0064,INV0064,CUST0276,2026-01-26,3414.54,INR,Razorpay,GW-595360,NetBanking,SUCCESS,GW-595360,3414.54,2026-01-26
PAY0065,INV0065,CUST0136,2026-01-31,2402.03,INR,Razorpay,GW-875951,Wallet,SUCCESS,GW-875951,2402.03,2026-01-31
PAY0066,INV0066,CUST0360,2026-06-05,178538.03,INR,Razorpay,GW-515803,Wallet,SUCCESS,GW-515803,178538.03,2026-06-05
PAY0067,INV0067,CUST0366,2026-03-08,19807.39,INR,PayU,GW-295695,UPI,SUCCESS,GW-295695,19807.39,2026-03-08
PAY0068,INV0068,CUST0397,2026-03-04,50006.63,INR,Razorpay,GW-761440,UPI,SUCCESS,GW-761440,50006.63,2026-03-04
PAY0069,INV0069,CUST0456,2026-05-15,30032.98,INR,Razorpay,GW-646912,NetBanking,FAILED,GW-646912,30032.98,2026-05-15
PAY0070,INV0070,CUST0136,2026-06-10,75070.87,INR,PayU,GW-582140,UPI,SUCCESS,GW-582140,75070.87,2026-06-10
PAY0071,INV0071,CUST0005,2026-02-20,4834.33,INR,Razorpay,GW-172888,UPI,SUCCESS,GW-172888,4834.33,2026-02-20
PAY0072,INV0072,CUST0068,2026-01-06,2702.94,INR,Stripe,GW-616686,NetBanking,SUCCESS,GW-616686,2702.94,2026-01-06
PAY0073,INV0073,CUST0017,2026-02-24,1903.02,INR,Cashfree,GW-995013,UPI,SUCCESS,GW-995013,1903.02,2026-02-24
PAY0074,INV0074,CUST0043,2026-01-21,38215.48,INR,Stripe,GW-103613,UPI,SUCCESS,GW-103613,38215.48,2026-01-21
PAY0075,INV0075,CUST0387,2026-04-24,14850.9,INR,Razorpay,GW-245017,Wallet,SUCCESS,GW-245017,14850.9,2026-04-24
PAY0076,INV0076,CUST0398,2026-06-08,22310.14,INR,Stripe,GW-313679,UPI,SUCCESS,GW-313679,22310.14,2026-06-08
PAY0077,INV0077,CUST0250,2026-06-27,2804.91,INR,Cashfree,GW-124276,Wallet,SUCCESS,GW-124276,2804.91,2026-06-27
PAY0078,INV0078,CUST0279,2026-03-25,119573.13,INR,Cashfree,GW-DUP-0068,NetBanking,SUCCESS,GW-DUP-0068,119573.13,2026-03-25
PAY0079,INV0079,CUST0281,2026-01-27,14103.78,INR,PayU,GW-335075,Wallet,SUCCESS,GW-335075,14103.78,2026-01-27
PAY0080,INV0080,CUST0440,2026-06-07,64327.38,INR,Stripe,GW-128322,Card,SUCCESS,GW-128322,64327.38,2026-06-07
PAY0081,INV0081,CUST0115,2026-04-30,62548.67,INR,Cashfree,GW-163143,UPI,SUCCESS,GW-163143,62548.67,2026-04-30
PAY0082,INV0082,CUST0063,2026-03-24,15719.35,INR,Stripe,GW-502758,Card,SUCCESS,GW-502758,15719.35,2026-03-24
PAY0083,INV0083,CUST0203,2026-06-28,3393.32,INR,Razorpay,GW-299636,Card,SUCCESS,GW-299636,3393.32,2026-06-28
PAY0084,INV0084,CUST0086,2026-02-03,62932.36,INR,PayU,GW-332215,NetBanking,SUCCESS,GW-332215,62932.36,2026-02-03
PAY0085,INV0085,CUST0441,2026-03-27,795.78,INR,Stripe,GW-854214,Wallet,SUCCESS,GW-854214,795.78,2026-03-27
PAY0086,INV0086,CUST0391,2026-03-15,1559.55,INR,Cashfree,GW-671857,UPI,SUCCESS,GW-671857,1559.55,2026-03-15
PAY0087,INV0087,CUST0199,2026-01-21,1375.02,INR,Razorpay,GW-471707,NetBanking,SUCCESS,GW-471707,1375.02,2026-01-21
PAY0088,INV0088,CUST0140,2026-05-19,10012.54,INR,Razorpay,GW-694962,UPI,SUCCESS,GW-694962,10012.54,2026-05-19
PAY0089,INV0089,CUST0326,2026-01-18,7641.58,INR,Stripe,GW-DUP-0081,Wallet,SUCCESS,GW-DUP-0081,7641.58,2026-01-18
PAY0090,INV0090,CUST0024,2026-03-18,34425.9,INR,Stripe,GW-368393,NetBanking,SUCCESS,GW-368393,34425.9,2026-03-18
PAY0091,INV0091,CUST0362,2026-02-13,117251.06,INR,Cashfree,GW-141422,Card,SUCCESS,GW-141422,117251.06,2026-02-13
PAY0092,INV0092,CUST0371,2026-01-14,123740.45,INR,Cashfree,GW-150416,Card,SUCCESS,GW-150416,123740.45,2026-01-14
PAY0093,INV0093,CUST0261,2026-05-04,3207.22,INR,Cashfree,GW-394994,Card,SUCCESS,GW-394994,3207.22,2026-05-04
PAY0094,INV0094,CUST0236,2026-02-18,190182.21,INR,Razorpay,GW-DUP-0085,Card,SUCCESS,GW-DUP-0085,190182.21,2026-02-18
PAY0095,INV0095,CUST0210,2026-03-23,16244.75,INR,Cashfree,GW-279225,NetBanking,SUCCESS,GW-279225,16244.75,2026-03-23
PAY0096,INV0096,CUST0372,2026-06-10,142115.1,INR,Razorpay,GW-130880,NetBanking,SUCCESS,GW-130880,142115.1,2026-06-10
PAY0097,INV0097,CUST0437,2026-05-11,17569.24,INR,PayU,GW-427666,NetBanking,SUCCESS,GW-427666,17569.24,2026-05-11
PAY0098,INV0098,CUST0195,2026-02-12,71617.48,INR,Cashfree,GW-DUP-0094,NetBanking,SUCCESS,GW-DUP-0094,71617.48,2026-02-12
PAY0099,INV0099,CUST0243,2026-04-25,6693.63,INR,PayU,GW-563546,Wallet,SUCCESS,GW-563546,6693.63,2026-04-25
PAY0100,INV0100,CUST0273,2026-06-06,95268.72,INR,Cashfree,GW-634893,Wallet,SUCCESS,GW-634893,95268.72,2026-06-06
PAY0101,INV0101,CUST0113,2026-05-15,112773.91,INR,PayU,GW-797095,UPI,SUCCESS,GW-797095,112773.91,2026-05-15
PAY0102,INV0102,CUST0093,2026-01-18,11725.04,INR,Razorpay,GW-611207,Wallet,SUCCESS,GW-611207,11725.04,2026-01-18
PAY0103,INV0103,CUST0441,2026-01-09,2422.4,INR,PayU,GW-493009,Card,SUCCESS,GW-493009,2422.4,2026-01-09
PAY0104,INV0104,CUST0430,2026-06-17,75463.93,INR,PayU,GW-220842,Card,SUCCESS,GW-220842,75463.93,2026-06-17
PAY0105,INV0105,CUST0411,2026-03-06,4098.29,INR,Stripe,GW-586817,UPI,SUCCESS,GW-586817,4098.29,2026-03-06
PAY0106,INV0106,CUST0037,2026-01-18,70744.74,INR,PayU,GW-497248,UPI,SUCCESS,GW-497248,70744.74,2026-01-18
PAY0107,INV0107,CUST0381,2026-06-23,17700.81,INR,PayU,GW-699314,UPI,SUCCESS,GW-699314,17700.81,2026-06-23
PAY0108,INV0108,CUST0329,2026-05-10,19753.16,INR,PayU,GW-287614,NetBanking,FAILED,GW-287614,19753.16,2026-05-10
PAY0109,INV0109,CUST0196,2026-06-17,71978.75,INR,Stripe,GW-381693,Wallet,SUCCESS,GW-381693,71978.75,2026-06-17
PAY0110,INV0110,CUST0137,2026-06-10,182011.76,INR,Stripe,GW-DUP-0101,Card,SUCCESS,GW-DUP-0101,182011.76,2026-06-10
PAY0111,INV0111,CUST0039,2026-05-16,10234.06,INR,Cashfree,GW-930441,Card,SUCCESS,GW-930441,10234.06,2026-05-16
PAY0112,INV0112,CUST0333,2026-04-09,18158.5,INR,Cashfree,GW-741777,UPI,SUCCESS,GW-741777,18158.5,2026-04-09
PAY0113,INV0113,CUST0236,2026-05-01,142304.98,INR,Razorpay,GW-663719,UPI,SUCCESS,GW-663719,142304.98,2026-05-01
PAY0114,INV0114,CUST0465,2026-03-04,78881.25,INR,Stripe,GW-209793,Card,SUCCESS,GW-209793,78881.25,2026-03-04
PAY0115,INV0115,CUST0207,2026-02-01,772.26,INR,Stripe,GW-823405,Card,SUCCESS,GW-823405,772.26,2026-02-01
PAY0116,INV0116,CUST0088,2026-02-11,55135.07,INR,Razorpay,GW-947919,NetBanking,SUCCESS,GW-947919,55135.07,2026-02-11
PAY0117,INV0117,CUST0033,2026-05-10,148988.17,INR,Razorpay,GW-613757,Wallet,SUCCESS,GW-613757,148988.17,2026-05-10
PAY0118,INV0118,CUST0211,2026-04-25,12188.78,INR,Cashfree,GW-612032,UPI,SUCCESS,GW-612032,12188.78,2026-04-25
PAY0119,INV0119,CUST0201,2026-02-21,50045.43,INR,Stripe,GW-526949,Card,SUCCESS,GW-526949,50045.43,2026-02-21
PAY0120,INV0120,CUST0291,2026-01-25,172033.46,INR,Razorpay,GW-428003,UPI,SUCCESS,GW-428003,172033.46,2026-01-25
PAY0121,INV0121,CUST0409,2026-04-01,93334.99,INR,Stripe,GW-740991,NetBanking,SUCCESS,GW-740991,93334.99,2026-04-01
PAY0122,INV0122,CUST0046,2026-05-04,1914.57,INR,PayU,GW-702987,NetBanking,SUCCESS,GW-702987,1914.57,2026-05-04
PAY0123,INV0123,CUST0208,2026-05-05,14659.58,INR,Razorpay,GW-273348,Card,SUCCESS,GW-273348,14659.58,2026-05-05
PAY0124,INV0124,CUST0059,2026-02-28,73099.46,INR,Razorpay,GW-699116,Wallet,SUCCESS,GW-699116,73099.46,2026-02-28
PAY0125,INV0125,CUST0425,2026-02-05,8937.17,INR,Razorpay,GW-768402,Card,SUCCESS,GW-768402,8937.17,2026-02-05
PAY0126,INV0126,CUST0038,2026-03-27,8386.34,INR,Stripe,GW-124935,Card,SUCCESS,GW-124935,8386.34,2026-03-27
PAY0127,INV0127,CUST0041,2026-06-27,34895.47,INR,Stripe,GW-475946,UPI,SUCCESS,GW-475946,34895.47,2026-06-27
PAY0128,INV0128,CUST0365,2026-04-03,149642.71,INR,PayU,GW-462580,UPI,SUCCESS,GW-462580,149642.71,2026-04-03
PAY0129,INV0129,CUST0019,2026-04-27,195580.93,INR,Stripe,GW-315514,Card,SUCCESS,GW-315514,195580.93,2026-04-27
PAY0130,INV0130,CUST0077,2026-04-14,17264.29,INR,Stripe,GW-627021,Card,SUCCESS,GW-627021,17264.29,2026-04-14
PAY0131,INV0131,CUST0218,2026-02-01,45331.57,INR,Stripe,GW-932655,Card,SUCCESS,GW-932655,45331.57,2026-02-01
PAY0132,INV0132,CUST0180,2026-01-25,74508.78,INR,Stripe,GW-871554,NetBanking,SUCCESS,GW-871554,74508.78,2026-01-25
PAY0133,INV0133,CUST0389,2026-02-24,2330.85,INR,Stripe,GW-569414,Card,FAILED,GW-569414,2330.85,2026-02-24
PAY0134,INV0134,CUST0253,2026-05-19,19680.69,INR,Cashfree,GW-525707,UPI,SUCCESS,GW-525707,19680.69,2026-05-19
PAY0135,INV0135,CUST0413,2026-05-28,1330.94,INR,Cashfree,GW-301529,UPI,SUCCESS,GW-301529,1330.94,2026-05-28
PAY0136,INV0136,CUST0229,2026-05-01,40275.69,INR,Cashfree,GW-765974,UPI,SUCCESS,GW-765974,40275.69,2026-05-01
PAY0137,INV0137,CUST0356,2026-06-29,13105.94,INR,Razorpay,GW-436881,NetBanking,REFUNDED,GW-436881,13105.94,2026-06-29
PAY0138,INV0138,CUST0205,2026-04-27,4070.98,INR,Razorpay,GW-650363,Card,SUCCESS,GW-650363,4070.98,2026-04-27
PAY0139,INV0139,CUST0301,2026-06-02,23890.0,INR,Cashfree,GW-459296,Wallet,SUCCESS,GW-459296,23890.0,2026-06-02
PAY0140,INV0140,CUST0203,2026-06-06,112179.58,INR,Cashfree,GW-636064,NetBanking,SUCCESS,GW-636064,112179.58,2026-06-06
PAY0141,INV0141,CUST0377,2026-04-30,6249.41,INR,PayU,GW-840238,Wallet,SUCCESS,GW-840238,6249.41,2026-04-30
PAY0142,INV0142,CUST0281,2026-03-08,40283.94,INR,Cashfree,GW-797911,NetBanking,SUCCESS,GW-797911,40283.94,2026-03-08
PAY0143,INV0143,CUST0391,2026-06-22,62722.09,INR,Cashfree,GW-199424,UPI,SUCCESS,GW-199424,62722.09,2026-06-22
PAY0144,INV0144,CUST0275,2026-02-19,1935.15,INR,Stripe,GW-289240,UPI,SUCCESS,GW-289240,1935.15,2026-02-19
PAY0145,INV0145,CUST0258,2026-03-18,3625.31,INR,Stripe,GW-540189,Wallet,SUCCESS,GW-540189,3625.31,2026-03-18
PAY0146,INV0146,CUST0351,2026-02-13,2074.17,INR,PayU,GW-889126,Wallet,SUCCESS,GW-889126,2074.17,2026-02-13
PAY0147,INV0147,CUST0484,2026-01-26,193785.39,INR,Cashfree,GW-318354,Wallet,SUCCESS,GW-318354,193785.39,2026-01-26
PAY0148,INV0148,CUST0313,2026-05-06,103616.63,INR,Razorpay,GW-694716,Card,SUCCESS,GW-694716,103616.63,2026-05-06
PAY0149,INV0149,CUST0313,2026-04-10,60298.58,INR,Razorpay,GW-918348,Card,SUCCESS,GW-918348,60298.58,2026-04-10
PAY0150,INV0150,CUST0083,2026-04-18,105903.09,INR,PayU,GW-DUP-0147,NetBanking,SUCCESS,GW-DUP-0147,105903.09,2026-04-18
PAY0151,INV0151,CUST0245,2026-04-24,2907.19,INR,Cashfree,GW-149812,Wallet,SUCCESS,GW-149812,2907.19,2026-04-24
PAY0152,INV0152,CUST0173,2026-01-15,4813.18,INR,Stripe,GW-DUP-0149,NetBanking,SUCCESS,GW-DUP-0149,4813.18,2026-01-15
PAY0153,INV0153,CUST0339,2026-04-30,52788.93,INR,PayU,GW-700831,NetBanking,SUCCESS,GW-700831,52788.93,2026-04-30
PAY0154,INV0154,CUST0069,2026-02-12,39134.36,INR,Cashfree,GW-543210,UPI,SUCCESS,GW-543210,39134.36,2026-02-12
PAY0155,INV0155,CUST0284,2026-01-26,74391.65,INR,Razorpay,GW-887917,Wallet,SUCCESS,GW-887917,74391.65,2026-01-26
PAY0156,INV0156,CUST0260,2026-01-31,137417.47,INR,Stripe,GW-139068,UPI,SUCCESS,GW-139068,137417.47,2026-01-31
PAY0157,INV0157,CUST0313,2026-05-10,75686.84,INR,Cashfree,GW-668977,UPI,SUCCESS,GW-668977,75686.84,2026-05-10
PAY0158,INV0158,CUST0069,2026-02-24,36290.79,INR,Cashfree,GW-185489,NetBanking,SUCCESS,GW-185489,36290.79,2026-02-24
PAY0159,INV0159,CUST0451,2026-05-19,68245.1,INR,Stripe,GW-311301,UPI,SUCCESS,GW-311301,68245.1,2026-05-19
PAY0160,INV0160,CUST0399,2026-03-22,1349.9,INR,Razorpay,GW-291938,UPI,SUCCESS,GW-291938,1349.9,2026-03-22
PAY0161,INV0161,CUST0076,2026-01-08,11705.07,INR,Stripe,GW-673758,NetBanking,SUCCESS,GW-673758,11705.07,2026-01-08
PAY0162,INV0162,CUST0129,2026-04-17,6279.41,INR,Razorpay,GW-312226,UPI,SUCCESS,GW-312226,6279.41,2026-04-17
PAY0163,INV0163,CUST0460,2026-02-19,20792.11,INR,Stripe,GW-598033,UPI,SUCCESS,GW-598033,20792.11,2026-02-19
PAY0164,INV0164,CUST0072,2026-05-20,24306.85,INR,PayU,GW-267759,UPI,SUCCESS,GW-267759,24306.85,2026-05-20
PAY0165,INV0165,CUST0482,2026-05-06,7076.17,INR,PayU,GW-572319,Wallet,SUCCESS,GW-572319,7076.17,2026-05-06
PAY0166,INV0166,CUST0307,2026-03-31,1145.19,INR,Cashfree,GW-826680,NetBanking,SUCCESS,GW-826680,1145.19,2026-03-31
PAY0167,INV0167,CUST0362,2026-03-25,2574.76,INR,Razorpay,GW-919502,UPI,SUCCESS,GW-919502,2574.76,2026-03-25
PAY0168,INV0168,CUST0283,2026-06-12,17674.02,INR,Razorpay,GW-748216,NetBanking,SUCCESS,GW-748216,17674.02,2026-06-12
PAY0169,INV0169,CUST0303,2026-03-20,788.78,INR,PayU,GW-602049,Card,SUCCESS,GW-602049,788.78,2026-03-20
PAY0170,INV0170,CUST0435,2026-01-10,16814.69,INR,Razorpay,GW-167971,UPI,SUCCESS,GW-167971,16814.69,2026-01-10
PAY0171,INV0171,CUST0031,2026-01-13,12994.79,INR,Razorpay,GW-886455,Wallet,SUCCESS,GW-886455,12994.79,2026-01-13
PAY0172,INV0172,CUST0154,2026-05-30,125990.66,INR,Razorpay,GW-162676,UPI,SUCCESS,GW-162676,125990.66,2026-05-30
PAY0173,INV0173,CUST0492,2026-03-01,2744.0,INR,Stripe,GW-621272,UPI,SUCCESS,GW-621272,2744.0,2026-03-01
PAY0174,INV0174,CUST0460,2026-05-07,41642.41,INR,Razorpay,GW-391236,Card,SUCCESS,GW-391236,41642.41,2026-05-07
PAY0175,INV0175,CUST0047,2026-02-25,60453.13,INR,PayU,GW-139330,UPI,SUCCESS,GW-139330,60453.13,2026-02-25
PAY0176,INV0176,CUST0106,2026-04-13,22173.63,INR,Cashfree,GW-760793,Card,SUCCESS,GW-760793,22173.63,2026-04-13
PAY0177,INV0177,CUST0051,2026-05-01,1735.42,INR,Cashfree,GW-234525,Card,SUCCESS,GW-234525,1735.42,2026-05-01
PAY0178,INV0178,CUST0024,2026-06-05,38623.54,INR,PayU,GW-703041,NetBanking,SUCCESS,GW-703041,38623.54,2026-06-05
PAY0179,INV0179,CUST0252,2026-05-02,1381.14,INR,Stripe,GW-637692,UPI,SUCCESS,GW-637692,1381.14,2026-05-02
PAY0180,INV0180,CUST0097,2026-03-15,660.2,INR,PayU,GW-552189,UPI,SUCCESS,GW-552189,660.2,2026-03-15
PAY0181,INV0181,CUST0427,2026-04-10,47661.41,INR,Cashfree,GW-234119,UPI,SUCCESS,GW-234119,47661.41,2026-04-10
PAY0182,INV0182,CUST0220,2026-06-18,12567.33,INR,PayU,GW-193420,Wallet,SUCCESS,GW-193420,12567.33,2026-06-18
PAY0183,INV0183,CUST0325,2026-04-24,44622.91,INR,Stripe,GW-300482,Wallet,SUCCESS,GW-300482,44622.91,2026-04-24
PAY0184,INV0184,CUST0434,2026-02-06,21743.62,INR,Cashfree,GW-836903,UPI,SUCCESS,GW-836903,21743.62,2026-02-06
PAY0185,INV0185,CUST0374,2026-07-04,37960.34,INR,Cashfree,GW-180266,UPI,SUCCESS,GW-180266,37960.34,2026-07-04
PAY0186,INV0186,CUST0061,2026-05-24,15581.54,INR,PayU,GW-297042,Card,SUCCESS,GW-297042,15581.54,2026-05-24
PAY0187,INV0187,CUST0449,2026-04-10,3878.1,INR,Razorpay,GW-853660,NetBanking,SUCCESS,GW-853660,3878.1,2026-04-10
PAY0188,INV0188,CUST0466,2026-04-17,64829.8,INR,PayU,GW-840872,Wallet,SUCCESS,GW-840872,64829.8,2026-04-17
PAY0189,INV0189,CUST0473,2026-01-11,182788.89,INR,Stripe,GW-239044,NetBanking,SUCCESS,GW-239044,182788.89,2026-01-11
PAY0190,INV0190,CUST0416,2026-02-16,45985.31,INR,Cashfree,GW-903308,UPI,SUCCESS,GW-903308,45985.31,2026-02-16
PAY0191,INV0191,CUST0159,2026-05-30,169328.02,INR,Razorpay,GW-153153,Wallet,SUCCESS,GW-153153,169328.02,2026-05-30
PAY0192,INV0192,CUST0330,2026-04-06,2436.35,INR,Razorpay,GW-244051,UPI,SUCCESS,GW-244051,2436.35,2026-04-06
PAY0193,INV0193,CUST0398,2026-01-27,557.48,INR,Cashfree,GW-441739,UPI,SUCCESS,GW-441739,557.48,2026-01-27
PAY0194,INV0194,CUST0335,2026-05-28,55920.8,INR,PayU,GW-409569,Card,SUCCESS,GW-409569,55920.8,2026-05-28
PAY0195,INV0195,CUST0484,2026-01-21,12951.73,INR,PayU,GW-477447,NetBanking,SUCCESS,GW-477447,12951.73,2026-01-21
PAY0196,INV0196,CUST0479,2026-01-05,2031.72,INR,PayU,GW-112612,Card,SUCCESS,GW-112612,2031.72,2026-01-05
PAY0197,INV0197,CUST0145,2026-02-12,676.86,INR,Razorpay,GW-239292,Card,SUCCESS,GW-239292,676.86,2026-02-12
PAY0198,INV0198,CUST0319,2026-04-29,39193.26,INR,Stripe,GW-944212,Wallet,SUCCESS,GW-944212,39193.26,2026-04-29
PAY0199,INV0199,CUST0133,2026-01-24,2415.41,INR,Razorpay,GW-588820,Card,SUCCESS,GW-588820,2415.41,2026-01-24
PAY0200,INV0200,CUST0175,2026-01-26,152141.57,INR,PayU,GW-806142,Wallet,SUCCESS,GW-806142,152141.57,2026-01-26
PAY0201,INV0201,CUST0409,2026-03-07,975.62,INR,Cashfree,GW-352523,Card,SUCCESS,GW-352523,975.62,2026-03-07
PAY0202,INV0202,CUST0139,2026-01-21,176912.83,INR,Razorpay,GW-820465,NetBanking,SUCCESS,GW-820465,176912.83,2026-01-21
PAY0203,INV0203,CUST0139,2026-03-04,105512.1,INR,Cashfree,GW-748334,NetBanking,SUCCESS,GW-748334,105512.1,2026-03-04
PAY0204,INV0204,CUST0379,2026-02-15,51121.34,INR,Stripe,GW-743470,Wallet,SUCCESS,GW-743470,51121.34,2026-02-15
PAY0205,INV0205,CUST0336,2026-04-12,45149.32,INR,Razorpay,GW-659150,UPI,SUCCESS,GW-659150,45149.32,2026-04-12
PAY0206,INV0206,CUST0318,2026-02-17,4159.68,INR,Razorpay,GW-895467,UPI,SUCCESS,GW-895467,4159.68,2026-02-17
PAY0207,INV0207,CUST0249,2026-01-27,35907.96,INR,Stripe,GW-DUP-0206,NetBanking,SUCCESS,GW-DUP-0206,35907.96,2026-01-27
PAY0208,INV0208,CUST0155,2026-01-20,44752.65,INR,Stripe,GW-184288,NetBanking,SUCCESS,GW-184288,44752.65,2026-01-20
PAY0209,INV0209,CUST0091,2026-04-21,52001.56,INR,Cashfree,GW-911703,Card,SUCCESS,GW-911703,52001.56,2026-04-21
PAY0210,INV0210,CUST0081,2026-04-07,107037.54,INR,Razorpay,GW-624831,Card,SUCCESS,GW-624831,107037.54,2026-04-07
PAY0211,INV0211,CUST0355,2026-04-25,5587.29,INR,Stripe,GW-921042,NetBanking,SUCCESS,GW-921042,5587.29,2026-04-25
PAY0212,INV0212,CUST0167,2026-01-02,1667.35,INR,Razorpay,GW-219938,Card,SUCCESS,GW-219938,1667.35,2026-01-02
PAY0213,INV0213,CUST0353,2026-01-29,20671.38,INR,Stripe,GW-316552,NetBanking,SUCCESS,GW-316552,20671.38,2026-01-29
PAY0214,INV0214,CUST0154,2026-05-13,6641.4,INR,PayU,GW-715958,UPI,SUCCESS,GW-715958,6641.4,2026-05-13
PAY0215,INV0215,CUST0450,2026-04-26,1955.29,INR,PayU,GW-443399,Card,SUCCESS,GW-443399,1955.29,2026-04-26
PAY0216,INV0216,CUST0129,2026-03-04,57042.08,INR,Cashfree,GW-427672,Card,SUCCESS,GW-427672,57042.08,2026-03-04
PAY0217,INV0217,CUST0228,2026-04-20,115503.4,INR,Cashfree,GW-980338,Card,SUCCESS,GW-980338,115503.4,2026-04-20
PAY0218,INV0218,CUST0027,2026-04-17,29654.74,INR,Razorpay,GW-926796,Wallet,SUCCESS,GW-926796,29654.74,2026-04-17
PAY0219,INV0219,CUST0479,2026-03-28,13609.14,INR,Razorpay,GW-213234,Card,SUCCESS,GW-213234,13609.14,2026-03-28
PAY0220,INV0220,CUST0296,2026-06-04,15777.92,INR,Razorpay,GW-942647,Wallet,SUCCESS,GW-942647,15777.92,2026-06-04
PAY0221,INV0221,CUST0304,2026-06-29,199589.19,INR,PayU,GW-111336,UPI,SUCCESS,GW-111336,199589.19,2026-06-29
PAY0222,INV0222,CUST0106,2026-05-25,32235.72,INR,Razorpay,GW-877455,Wallet,SUCCESS,GW-877455,32235.72,2026-05-25
PAY0223,INV0223,CUST0330,2026-03-10,146872.62,INR,Cashfree,GW-884242,Card,SUCCESS,GW-884242,146872.62,2026-03-10
PAY0224,INV0224,CUST0462,2026-01-20,52401.19,INR,Cashfree,GW-467536,Card,SUCCESS,GW-467536,52401.19,2026-01-20
PAY0225,INV0225,CUST0245,2026-04-15,45896.26,INR,Razorpay,GW-128414,NetBanking,SUCCESS,GW-128414,45896.26,2026-04-15
PAY0226,INV0226,CUST0369,2026-01-22,37762.63,INR,Cashfree,GW-367016,Card,SUCCESS,GW-367016,37762.63,2026-01-22
PAY0227,INV0227,CUST0114,2026-01-09,182548.34,INR,PayU,GW-610193,NetBanking,SUCCESS,GW-610193,182548.34,2026-01-09
PAY0228,INV0228,CUST0334,2026-03-02,4879.34,INR,PayU,GW-498252,UPI,SUCCESS,GW-498252,4879.34,2026-03-02
PAY0229,INV0229,CUST0161,2026-04-02,20254.4,INR,PayU,GW-718034,NetBanking,SUCCESS,GW-718034,20254.4,2026-04-02
PAY0230,INV0230,CUST0273,2026-04-19,116058.08,INR,Razorpay,GW-887623,NetBanking,SUCCESS,GW-887623,116058.08,2026-04-19
PAY0231,INV0231,CUST0074,2026-02-03,58488.81,INR,PayU,GW-191283,UPI,SUCCESS,GW-191283,58488.81,2026-02-03
PAY0232,INV0232,CUST0404,2026-05-29,59317.15,INR,Razorpay,GW-416984,Wallet,SUCCESS,GW-416984,59317.15,2026-05-29
PAY0233,INV0233,CUST0129,2026-03-05,170213.38,INR,PayU,GW-273028,Card,SUCCESS,GW-273028,170213.38,2026-03-05
PAY0234,INV0234,CUST0287,2026-01-17,161533.75,INR,Razorpay,GW-586453,NetBanking,SUCCESS,GW-586453,161533.75,2026-01-17
PAY0235,INV0235,CUST0199,2026-03-07,124445.06,INR,Razorpay,GW-900307,Wallet,SUCCESS,GW-900307,124445.06,2026-03-07
PAY0236,INV0236,CUST0164,2026-06-08,6106.33,INR,Stripe,GW-671979,Card,SUCCESS,GW-671979,6106.33,2026-06-08
PAY0237,INV0237,CUST0454,2026-05-22,13512.68,INR,PayU,GW-292384,Wallet,SUCCESS,GW-292384,13512.68,2026-05-22
PAY0238,INV0238,CUST0217,2026-02-13,4824.05,INR,Stripe,GW-738748,Wallet,SUCCESS,GW-738748,4824.05,2026-02-13
PAY0239,INV0239,CUST0269,2026-04-09,8326.88,INR,Cashfree,GW-624635,Card,SUCCESS,GW-624635,8326.88,2026-04-09
PAY0240,INV0240,CUST0355,2026-02-11,4407.37,INR,Razorpay,GW-789485,Wallet,SUCCESS,GW-789485,4407.37,2026-02-11
PAY0241,INV0241,CUST0366,2026-02-23,3474.03,INR,Cashfree,GW-251626,Card,SUCCESS,GW-251626,3474.03,2026-02-23
PAY0242,INV0242,CUST0277,2026-04-19,41156.39,INR,Razorpay,GW-113122,Card,SUCCESS,GW-113122,41156.39,2026-04-19
PAY0243,INV0243,CUST0040,2026-05-10,48028.94,INR,Stripe,GW-245435,Wallet,SUCCESS,GW-245435,48028.94,2026-05-10
PAY0244,INV0244,CUST0287,2026-06-26,12051.05,INR,Cashfree,GW-485285,Card,SUCCESS,GW-485285,12051.05,2026-06-26
PAY0245,INV0245,CUST0279,2026-03-26,29743.06,INR,Stripe,GW-961913,Card,SUCCESS,GW-961913,29743.06,2026-03-26
PAY0246,INV0246,CUST0478,2026-02-07,185650.17,INR,Stripe,GW-486017,Card,SUCCESS,GW-486017,185650.17,2026-02-07
PAY0247,INV0247,CUST0227,2026-02-24,23747.55,INR,Razorpay,GW-986781,Card,SUCCESS,GW-986781,23747.55,2026-02-24
PAY0248,INV0248,CUST0050,2026-01-24,28855.4,INR,Razorpay,GW-623308,UPI,SUCCESS,GW-623308,28855.4,2026-01-24
PAY0249,INV0249,CUST0361,2026-06-22,30103.71,INR,PayU,GW-474474,NetBanking,SUCCESS,GW-474474,30103.71,2026-06-22
PAY0250,INV0250,CUST0278,2026-02-27,150144.42,INR,Stripe,GW-670372,Card,SUCCESS,GW-670372,150144.42,2026-02-27
PAY0251,INV0251,CUST0348,2026-01-17,41724.73,INR,Razorpay,GW-488654,Card,SUCCESS,GW-488654,41724.73,2026-01-17
PAY0252,INV0252,CUST0309,2026-04-13,138627.89,INR,PayU,GW-226703,Card,SUCCESS,GW-226703,138627.89,2026-04-13
PAY0253,INV0253,CUST0091,2026-05-02,18641.32,INR,Stripe,GW-982245,Wallet,SUCCESS,GW-982245,18641.32,2026-05-02
PAY0254,INV0254,CUST0357,2026-05-23,15489.47,INR,Cashfree,GW-352253,NetBanking,SUCCESS,GW-352253,15489.47,2026-05-23
PAY0255,INV0255,CUST0112,2026-02-02,3695.83,INR,Stripe,GW-235427,Wallet,SUCCESS,GW-235427,3695.83,2026-02-02
PAY0256,INV0256,CUST0176,2026-04-17,63575.63,INR,Cashfree,GW-240101,UPI,SUCCESS,GW-240101,63575.63,2026-04-17
PAY0257,INV0257,CUST0035,2026-02-05,23889.55,INR,Razorpay,GW-563019,Wallet,SUCCESS,GW-563019,23889.55,2026-02-05
PAY0258,INV0258,CUST0357,2026-04-13,20116.5,INR,Cashfree,GW-493557,UPI,SUCCESS,GW-493557,20116.5,2026-04-13
PAY0259,INV0259,CUST0092,2026-05-01,3150.05,INR,Razorpay,GW-492806,Wallet,SUCCESS,GW-492806,3150.05,2026-05-01
PAY0260,INV0260,CUST0373,2026-04-13,24387.94,INR,PayU,GW-429397,Card,SUCCESS,GW-429397,24387.94,2026-04-13
PAY0261,INV0261,CUST0024,2026-02-21,137122.77,INR,Razorpay,GW-594350,Card,SUCCESS,GW-594350,137122.77,2026-02-21
PAY0262,INV0262,CUST0264,2026-02-03,21919.58,INR,Razorpay,GW-256606,UPI,SUCCESS,GW-256606,21919.58,2026-02-03
PAY0263,INV0263,CUST0139,2026-01-06,47329.15,INR,Cashfree,GW-161726,Wallet,SUCCESS,GW-161726,47329.15,2026-01-06
PAY0264,INV0264,CUST0235,2026-04-17,27486.24,INR,Cashfree,GW-551335,NetBanking,SUCCESS,GW-551335,27486.24,2026-04-17
PAY0265,INV0265,CUST0242,2026-03-25,24771.31,INR,Stripe,GW-883075,Wallet,SUCCESS,GW-883075,24771.31,2026-03-25
PAY0266,INV0266,CUST0105,2026-05-05,34558.83,INR,Stripe,GW-642377,UPI,SUCCESS,GW-642377,34558.83,2026-05-05
PAY0267,INV0267,CUST0007,2026-02-25,98275.53,INR,Cashfree,GW-970806,Wallet,SUCCESS,GW-970806,98275.53,2026-02-25
PAY0268,INV0268,CUST0489,2026-05-17,194180.18,INR,Stripe,GW-145871,NetBanking,SUCCESS,GW-145871,194180.18,2026-05-17
PAY0269,INV0269,CUST0100,2026-06-27,122261.01,INR,Stripe,GW-639293,NetBanking,SUCCESS,GW-639293,122261.01,2026-06-27
PAY0270,INV0270,CUST0480,2026-06-20,72199.66,INR,Razorpay,GW-688090,NetBanking,SUCCESS,GW-688090,72199.66,2026-06-20
PAY0271,INV0271,CUST0064,2026-01-26,38099.72,INR,Stripe,GW-212015,UPI,SUCCESS,GW-212015,38099.72,2026-01-26
PAY0272,INV0272,CUST0119,2026-05-09,49091.55,INR,PayU,GW-690649,UPI,SUCCESS,GW-690649,49091.55,2026-05-09
PAY0273,INV0273,CUST0377,2026-01-19,4008.44,INR,PayU,GW-469270,UPI,SUCCESS,GW-469270,4008.44,2026-01-19
PAY0274,INV0274,CUST0312,2026-03-09,54760.9,INR,Stripe,GW-700145,UPI,SUCCESS,GW-700145,54760.9,2026-03-09
PAY0275,INV0275,CUST0242,2026-02-04,8051.17,INR,PayU,GW-998673,Card,SUCCESS,GW-998673,8051.17,2026-02-04
PAY0276,INV0276,CUST0038,2026-02-15,9781.68,INR,PayU,GW-977621,NetBanking,SUCCESS,GW-977621,9781.68,2026-02-15
PAY0277,INV0277,CUST0435,2026-05-25,87502.05,INR,Razorpay,GW-592537,Card,SUCCESS,GW-592537,87502.05,2026-05-25
PAY0278,INV0278,CUST0496,2026-03-23,70645.64,INR,Razorpay,GW-781570,Card,SUCCESS,GW-781570,70645.64,2026-03-23
PAY0279,INV0279,CUST0282,2026-06-11,14317.3,INR,Razorpay,GW-553405,UPI,SUCCESS,GW-553405,14317.3,2026-06-11
PAY0280,INV0280,CUST0462,2026-05-01,4017.37,INR,Stripe,GW-439293,Wallet,SUCCESS,GW-439293,4017.37,2026-05-01
PAY0281,INV0281,CUST0189,2026-02-10,67793.09,INR,Cashfree,GW-374761,UPI,SUCCESS,GW-374761,67793.09,2026-02-10
PAY0282,INV0282,CUST0491,2026-01-09,1597.25,INR,Cashfree,GW-510979,Card,SUCCESS,GW-510979,1597.25,2026-01-09
PAY0283,INV0283,CUST0222,2026-01-10,3201.68,INR,Razorpay,GW-756391,NetBanking,SUCCESS,GW-756391,3201.68,2026-01-10
PAY0284,INV0284,CUST0385,2026-05-14,65102.69,INR,PayU,GW-989404,Wallet,SUCCESS,GW-989404,65102.69,2026-05-14
PAY0285,INV0285,CUST0190,2026-06-09,18449.01,INR,Razorpay,GW-999555,Wallet,SUCCESS,GW-999555,18449.01,2026-06-09
PAY0286,INV0286,CUST0403,2026-02-01,12295.3,INR,Stripe,GW-DUP-0285,UPI,SUCCESS,GW-DUP-0285,12295.3,2026-02-01
PAY0287,INV0287,CUST0364,2026-06-21,4195.37,INR,PayU,GW-105812,Card,SUCCESS,GW-105812,4195.37,2026-06-21
PAY0288,INV0288,CUST0099,2026-01-08,8897.32,INR,Cashfree,GW-856303,Wallet,SUCCESS,GW-856303,8897.32,2026-01-08
PAY0289,INV0289,CUST0256,2026-06-11,31429.69,INR,Razorpay,GW-609954,UPI,SUCCESS,GW-609954,31429.69,2026-06-11
PAY0290,INV0290,CUST0327,2026-06-02,186879.35,INR,Razorpay,GW-433130,NetBanking,SUCCESS,GW-433130,186879.35,2026-06-02
PAY0291,INV0291,CUST0281,2026-02-14,113526.36,INR,Razorpay,GW-192260,UPI,SUCCESS,GW-192260,113526.36,2026-02-14
PAY0292,INV0292,CUST0146,2026-06-23,161561.97,INR,Cashfree,GW-833225,Card,SUCCESS,GW-833225,161561.97,2026-06-23
PAY0293,INV0293,CUST0096,2026-03-06,116355.12,INR,Cashfree,GW-825708,UPI,SUCCESS,GW-825708,116355.12,2026-03-06
PAY0294,INV0294,CUST0307,2026-04-30,197650.65,INR,PayU,GW-147284,Wallet,SUCCESS,GW-147284,197650.65,2026-04-30
PAY0295,INV0295,CUST0333,2026-05-29,12266.03,INR,Razorpay,GW-953354,NetBanking,SUCCESS,GW-953354,12266.03,2026-05-29
PAY0296,INV0296,CUST0317,2026-01-16,24427.77,INR,PayU,GW-168450,UPI,SUCCESS,GW-168450,24427.77,2026-01-16
PAY0297,INV0297,CUST0320,2026-04-06,2726.7,INR,Stripe,GW-994913,UPI,SUCCESS,GW-994913,2726.7,2026-04-06
PAY0298,INV0298,CUST0369,2026-04-22,44467.95,INR,PayU,GW-785803,UPI,SUCCESS,GW-785803,44467.95,2026-04-22
PAY0299,INV0299,CUST0213,2026-05-29,3659.99,INR,Cashfree,GW-457386,Card,SUCCESS,GW-457386,3659.99,2026-05-29
PAY0300,INV0300,CUST0459,2026-06-05,15214.19,INR,Razorpay,GW-547562,UPI,SUCCESS,GW-547562,15214.19,2026-06-05
PAY0301,INV0301,CUST0276,2026-04-16,3567.2,INR,Cashfree,GW-767571,Card,SUCCESS,GW-767571,3567.2,2026-04-16
PAY0302,INV0302,CUST0216,2026-06-11,43252.86,INR,Stripe,GW-438762,NetBanking,SUCCESS,GW-438762,43252.86,2026-06-11
PAY0303,INV0303,CUST0351,2026-03-26,18828.92,INR,PayU,GW-657714,NetBanking,SUCCESS,GW-657714,18828.92,2026-03-26
PAY0304,INV0304,CUST0167,2026-05-04,95623.01,INR,Razorpay,GW-975553,UPI,SUCCESS,GW-975553,95623.01,2026-05-04
PAY0305,INV0305,CUST0013,2026-04-05,75946.55,INR,Cashfree,GW-206571,Card,SUCCESS,GW-206571,75946.55,2026-04-05
PAY0306,INV0306,CUST0305,2026-05-06,3512.43,INR,PayU,GW-234896,Wallet,SUCCESS,GW-234896,3512.43,2026-05-06
PAY0307,INV0307,CUST0283,2026-01-14,51345.63,INR,Stripe,GW-373440,Card,SUCCESS,GW-373440,51345.63,2026-01-14
PAY0308,INV0308,CUST0415,2026-02-12,10587.51,INR,PayU,GW-978560,UPI,SUCCESS,GW-978560,10587.51,2026-02-12
PAY0309,INV0309,CUST0134,2026-06-16,3361.44,INR,Cashfree,GW-359449,Wallet,SUCCESS,GW-359449,3361.44,2026-06-16
PAY0310,INV0310,CUST0111,2026-03-13,4570.29,INR,Stripe,GW-491533,UPI,SUCCESS,GW-491533,4570.29,2026-03-13
PAY0311,INV0311,CUST0010,2026-04-19,34629.97,INR,Stripe,GW-DUP-0305,NetBanking,SUCCESS,GW-DUP-0305,34629.97,2026-04-19
PAY0312,INV0312,CUST0423,2026-02-01,173161.51,INR,Razorpay,GW-DUP-0306,Wallet,SUCCESS,GW-DUP-0306,173161.51,2026-02-01
PAY0313,INV0313,CUST0470,2026-01-18,91204.73,INR,Stripe,GW-250500,Wallet,SUCCESS,GW-250500,91204.73,2026-01-18
PAY0314,INV0314,CUST0392,2026-01-19,61403.4,INR,Cashfree,GW-746657,Card,SUCCESS,GW-746657,61403.4,2026-01-19
PAY0315,INV0315,CUST0319,2026-06-05,9384.65,INR,Cashfree,GW-307221,Wallet,SUCCESS,GW-307221,9384.65,2026-06-05
PAY0316,INV0316,CUST0017,2026-05-29,2505.09,INR,PayU,GW-716176,Card,SUCCESS,GW-716176,2505.09,2026-05-29
PAY0317,INV0317,CUST0007,2026-03-15,2922.25,INR,Stripe,GW-454831,NetBanking,SUCCESS,GW-454831,2922.25,2026-03-15
PAY0318,INV0318,CUST0347,2026-04-09,86065.84,INR,Razorpay,GW-692136,Card,SUCCESS,GW-692136,86065.84,2026-04-09
PAY0319,INV0319,CUST0075,2026-03-30,199489.06,INR,Razorpay,GW-933393,Card,SUCCESS,GW-933393,199489.06,2026-03-30
PAY0320,INV0320,CUST0133,2026-07-01,108467.95,INR,Stripe,GW-104159,NetBanking,SUCCESS,GW-104159,108467.95,2026-07-01
PAY0321,INV0321,CUST0398,2026-06-19,140726.92,INR,Cashfree,GW-348352,Card,SUCCESS,GW-348352,140726.92,2026-06-19
PAY0322,INV0322,CUST0266,2026-05-16,176303.9,INR,Stripe,GW-191681,Card,SUCCESS,GW-191681,176303.9,2026-05-16
PAY0323,INV0323,CUST0256,2026-04-19,79090.86,INR,Razorpay,GW-369406,Card,SUCCESS,GW-369406,79090.86,2026-04-19
PAY0324,INV0324,CUST0147,2026-06-21,3497.7,INR,Cashfree,GW-256127,UPI,SUCCESS,GW-256127,3497.7,2026-06-21
PAY0325,INV0325,CUST0395,2026-03-10,4822.63,INR,Stripe,GW-453985,Wallet,SUCCESS,GW-453985,4822.63,2026-03-10
PAY0326,INV0326,CUST0482,2026-05-02,889.27,INR,PayU,GW-320165,UPI,SUCCESS,GW-320165,889.27,2026-05-02
PAY0327,INV0327,CUST0335,2026-02-27,1871.84,INR,Stripe,GW-820595,NetBanking,SUCCESS,GW-820595,1871.84,2026-02-27
PAY0328,INV0328,CUST0415,2026-05-06,125593.84,INR,Cashfree,GW-540812,Wallet,SUCCESS,GW-540812,125593.84,2026-05-06
PAY0329,INV0329,CUST0066,2026-01-24,163172.97,INR,PayU,GW-426236,NetBanking,SUCCESS,GW-426236,163172.97,2026-01-24
PAY0330,INV0330,CUST0292,2026-04-06,154690.62,INR,Stripe,GW-491805,UPI,SUCCESS,GW-491805,154690.62,2026-04-06
PAY0331,INV0331,CUST0126,2026-06-13,72935.41,INR,Stripe,GW-995284,NetBanking,SUCCESS,GW-995284,72935.41,2026-06-13
PAY0332,INV0332,CUST0412,2026-04-24,4994.74,INR,Stripe,GW-362258,Wallet,SUCCESS,GW-362258,4994.74,2026-04-24
PAY0333,INV0333,CUST0321,2026-01-15,3536.78,INR,Razorpay,GW-126000,NetBanking,SUCCESS,GW-126000,3536.78,2026-01-15
PAY0334,INV0334,CUST0162,2026-04-06,2411.19,INR,Cashfree,GW-163644,Card,SUCCESS,GW-163644,2411.19,2026-04-06
PAY0335,INV0335,CUST0205,2026-04-25,112630.02,INR,Razorpay,GW-277360,UPI,SUCCESS,GW-277360,112630.02,2026-04-25
PAY0336,INV0336,CUST0177,2026-02-07,24764.81,INR,Stripe,GW-DUP-0332,UPI,SUCCESS,GW-DUP-0332,24764.81,2026-02-07
PAY0337,INV0337,CUST0076,2026-02-02,14243.4,INR,Cashfree,GW-982444,NetBanking,SUCCESS,GW-982444,14243.4,2026-02-02
PAY0338,INV0338,CUST0219,2026-03-04,3587.13,INR,Razorpay,GW-852843,Wallet,SUCCESS,GW-852843,3587.13,2026-03-04
PAY0339,INV0339,CUST0387,2026-03-11,2851.95,INR,Razorpay,GW-609142,Card,SUCCESS,GW-609142,2851.95,2026-03-11
PAY0340,INV0340,CUST0441,2026-03-02,40391.78,INR,Razorpay,GW-612452,Card,SUCCESS,GW-612452,40391.78,2026-03-02
PAY0341,INV0341,CUST0075,2026-04-24,69497.81,INR,Cashfree,GW-514560,NetBanking,SUCCESS,GW-514560,69497.81,2026-04-24
PAY0342,INV0342,CUST0059,2026-01-22,124401.11,INR,Cashfree,GW-984478,Wallet,SUCCESS,GW-984478,124401.11,2026-01-22
PAY0343,INV0343,CUST0375,2026-01-11,86750.03,INR,Razorpay,GW-570352,NetBanking,SUCCESS,GW-570352,86750.03,2026-01-11
PAY0344,INV0344,CUST0401,2026-04-16,76470.17,INR,PayU,GW-288438,NetBanking,SUCCESS,GW-288438,76470.17,2026-04-16
PAY0345,INV0345,CUST0278,2026-02-19,176273.22,INR,Cashfree,GW-337943,Wallet,SUCCESS,GW-337943,176273.22,2026-02-19
PAY0346,INV0346,CUST0019,2026-03-21,23098.14,INR,Razorpay,GW-641365,UPI,SUCCESS,GW-641365,23098.14,2026-03-21
PAY0347,INV0347,CUST0213,2026-02-10,171371.15,INR,PayU,GW-957545,UPI,SUCCESS,GW-957545,171371.15,2026-02-10
PAY0348,INV0348,CUST0025,2026-06-05,58914.36,INR,PayU,GW-650318,Card,SUCCESS,GW-650318,58914.36,2026-06-05
PAY0349,INV0349,CUST0061,2026-03-28,1336.5,INR,Razorpay,GW-DUP-0343,Wallet,SUCCESS,GW-DUP-0343,1336.5,2026-03-28
PAY0350,INV0350,CUST0011,2026-03-17,19074.74,INR,PayU,GW-988946,UPI,SUCCESS,GW-988946,19074.74,2026-03-17
PAY0351,INV0351,CUST0500,2026-04-29,70124.9,INR,Cashfree,GW-274477,Card,SUCCESS,GW-274477,70124.9,2026-04-29
PAY0352,INV0352,CUST0348,2026-01-04,1115.07,INR,Cashfree,GW-699552,NetBanking,SUCCESS,GW-699552,1115.07,2026-01-04
PAY0353,INV0353,CUST0130,2026-02-01,61443.3,INR,Razorpay,GW-327582,Card,SUCCESS,GW-327582,61443.3,2026-02-01
PAY0354,INV0354,CUST0275,2026-06-12,105372.26,INR,Stripe,GW-661921,NetBanking,SUCCESS,GW-661921,105372.26,2026-06-12
PAY0355,INV0355,CUST0045,2026-05-06,14579.87,INR,PayU,GW-569040,NetBanking,SUCCESS,GW-569040,14579.87,2026-05-06
PAY0356,INV0356,CUST0050,2026-06-17,120103.35,INR,Stripe,GW-341794,UPI,SUCCESS,GW-341794,120103.35,2026-06-17
PAY0357,INV0357,CUST0137,2026-02-13,106877.3,INR,PayU,GW-947585,UPI,SUCCESS,GW-947585,106877.3,2026-02-13
PAY0358,INV0358,CUST0032,2026-04-25,11445.87,INR,PayU,GW-811789,Wallet,SUCCESS,GW-811789,11445.87,2026-04-25
PAY0359,INV0359,CUST0196,2026-04-09,174890.36,INR,PayU,GW-787573,Card,SUCCESS,GW-787573,174890.36,2026-04-09
PAY0360,INV0360,CUST0224,2026-03-17,23134.81,INR,Razorpay,GW-DUP-0359,Card,SUCCESS,GW-DUP-0359,23134.81,2026-03-17
PAY0361,INV0361,CUST0198,2026-06-13,45524.93,INR,PayU,GW-673901,Wallet,SUCCESS,GW-673901,45524.93,2026-06-13
PAY0362,INV0362,CUST0105,2026-06-19,4429.92,INR,Razorpay,GW-309139,NetBanking,SUCCESS,GW-309139,4429.92,2026-06-19
PAY0363,INV0363,CUST0370,2026-01-29,4321.17,INR,PayU,GW-928453,NetBanking,SUCCESS,GW-928453,4321.17,2026-01-29
PAY0364,INV0364,CUST0262,2026-03-26,123477.61,INR,Cashfree,GW-817784,Card,SUCCESS,GW-817784,123477.61,2026-03-26
PAY0365,INV0365,CUST0459,2026-02-13,18880.38,INR,Stripe,GW-278529,NetBanking,SUCCESS,GW-278529,18880.38,2026-02-13
PAY0366,INV0366,CUST0016,2026-04-23,8836.65,INR,Cashfree,GW-348981,Wallet,SUCCESS,GW-348981,8836.65,2026-04-23
PAY0367,INV0367,CUST0464,2026-03-29,37324.67,INR,Stripe,GW-342244,UPI,SUCCESS,GW-342244,37324.67,2026-03-29
PAY0368,INV0368,CUST0485,2026-03-25,106043.51,INR,Razorpay,GW-531058,Wallet,SUCCESS,GW-531058,106043.51,2026-03-25
PAY0369,INV0369,CUST0170,2026-04-15,2411.31,INR,Stripe,GW-903837,UPI,SUCCESS,GW-903837,2411.31,2026-04-15
PAY0370,INV0370,CUST0050,2026-01-12,77794.24,INR,Razorpay,GW-684780,Card,SUCCESS,GW-684780,77794.24,2026-01-12
PAY0371,INV0371,CUST0231,2026-05-28,2035.99,INR,PayU,GW-897451,UPI,SUCCESS,GW-897451,2035.99,2026-05-28
PAY0372,INV0372,CUST0217,2026-04-08,65174.03,INR,PayU,GW-432056,Wallet,SUCCESS,GW-432056,65174.03,2026-04-08
PAY0373,INV0373,CUST0383,2026-04-24,31884.5,INR,Razorpay,GW-937533,Wallet,SUCCESS,GW-937533,31884.5,2026-04-24
PAY0374,INV0374,CUST0387,2026-01-08,14186.74,INR,PayU,GW-352436,Card,FAILED,GW-352436,14186.74,2026-01-08
PAY0375,INV0375,CUST0306,2026-04-02,1388.32,INR,Cashfree,GW-802146,Card,SUCCESS,GW-802146,1388.32,2026-04-02
PAY0376,INV0376,CUST0007,2026-03-30,2403.51,INR,Razorpay,GW-465528,Card,SUCCESS,GW-465528,2403.51,2026-03-30
PAY0377,INV0377,CUST0110,2026-04-04,133266.2,INR,Razorpay,GW-996416,NetBanking,SUCCESS,GW-996416,133266.2,2026-04-04
PAY0378,INV0378,CUST0404,2026-06-07,3166.92,INR,Stripe,GW-465618,Card,SUCCESS,GW-465618,3166.92,2026-06-07
PAY0379,INV0379,CUST0410,2026-04-19,21415.38,INR,Razorpay,GW-385914,Wallet,SUCCESS,GW-385914,21415.38,2026-04-19
PAY0380,INV0380,CUST0247,2026-07-01,40949.69,INR,Stripe,GW-DUP-0374,Card,SUCCESS,GW-DUP-0374,40949.69,2026-07-01
PAY0381,INV0381,CUST0175,2026-02-25,105148.2,INR,Stripe,GW-450518,Card,SUCCESS,GW-450518,105148.2,2026-02-25
PAY0382,INV0382,CUST0493,2026-06-30,6971.68,INR,Stripe,GW-988347,Wallet,SUCCESS,GW-988347,6971.68,2026-06-30
PAY0383,INV0383,CUST0328,2026-01-28,7183.05,INR,Cashfree,GW-714026,UPI,SUCCESS,GW-714026,7183.05,2026-01-28
PAY0384,INV0384,CUST0375,2026-06-03,156092.11,INR,Razorpay,GW-980878,UPI,SUCCESS,GW-980878,156092.11,2026-06-03
PAY0385,INV0385,CUST0115,2026-06-28,67699.65,INR,Cashfree,GW-353625,Wallet,SUCCESS,GW-353625,67699.65,2026-06-28
PAY0386,INV0386,CUST0123,2026-01-25,1688.98,INR,PayU,GW-467975,NetBanking,SUCCESS,GW-467975,1688.98,2026-01-25
PAY0387,INV0387,CUST0435,2026-05-03,3399.06,INR,Razorpay,GW-766613,Wallet,SUCCESS,GW-766613,3399.06,2026-05-03
PAY0388,INV0388,CUST0403,2026-06-17,54692.14,INR,Cashfree,GW-543422,UPI,SUCCESS,GW-543422,54692.14,2026-06-17
PAY0389,INV0389,CUST0051,2026-02-26,104212.33,INR,PayU,GW-618268,UPI,SUCCESS,GW-618268,104212.33,2026-02-26
PAY0390,INV0390,CUST0266,2026-06-30,74971.18,INR,Stripe,GW-791160,Card,SUCCESS,GW-791160,74971.18,2026-06-30
PAY0391,INV0391,CUST0072,2026-04-25,1032.54,INR,Stripe,GW-DUP-0387,Wallet,SUCCESS,GW-DUP-0387,1032.54,2026-04-25
PAY0392,INV0392,CUST0341,2026-04-05,15955.75,INR,Razorpay,GW-498795,NetBanking,SUCCESS,GW-498795,15955.75,2026-04-05
PAY0393,INV0393,CUST0282,2026-05-16,6584.57,INR,PayU,GW-711616,Card,SUCCESS,GW-711616,6584.57,2026-05-16
PAY0394,INV0394,CUST0378,2026-03-07,2708.86,INR,Razorpay,GW-233636,Card,FAILED,GW-233636,2708.86,2026-03-07
PAY0395,INV0395,CUST0371,2026-02-21,9152.57,INR,Cashfree,GW-386422,NetBanking,SUCCESS,GW-386422,9152.57,2026-02-21
PAY0396,INV0396,CUST0328,2026-06-07,42334.68,INR,Cashfree,GW-536522,Wallet,FAILED,GW-536522,42334.68,2026-06-07
PAY0397,INV0397,CUST0048,2026-04-05,64079.94,INR,Cashfree,GW-317159,Card,SUCCESS,GW-317159,64079.94,2026-04-05
PAY0398,INV0398,CUST0208,2026-03-13,3602.53,INR,PayU,GW-118855,UPI,SUCCESS,GW-118855,3602.53,2026-03-13
PAY0399,INV0399,CUST0157,2026-01-27,77581.54,INR,PayU,GW-DUP-0392,UPI,SUCCESS,GW-DUP-0392,77581.54,2026-01-27
PAY0400,INV0400,CUST0459,2026-06-29,182256.25,INR,Cashfree,GW-432236,Card,SUCCESS,GW-432236,182256.25,2026-06-29
PAY0401,INV0401,CUST0425,2026-05-31,180857.34,INR,Stripe,GW-533054,NetBanking,SUCCESS,GW-533054,180857.34,2026-05-31
PAY0402,INV0402,CUST0187,2026-02-15,66644.44,INR,Stripe,GW-931346,NetBanking,SUCCESS,GW-931346,66644.44,2026-02-15
PAY0403,INV0403,CUST0448,2026-03-21,119814.69,INR,Stripe,GW-516884,Wallet,FAILED,GW-516884,119814.69,2026-03-21
PAY0404,INV0404,CUST0061,2026-05-23,46730.9,INR,Stripe,GW-934213,Card,SUCCESS,GW-934213,46730.9,2026-05-23
PAY0405,INV0405,CUST0072,2026-01-05,126867.81,INR,Stripe,GW-DUP-0396,UPI,SUCCESS,GW-DUP-0396,126867.81,2026-01-05
PAY0406,INV0406,CUST0185,2026-06-05,87008.44,INR,PayU,GW-581071,NetBanking,SUCCESS,GW-581071,87008.44,2026-06-05
PAY0407,INV0407,CUST0237,2026-01-27,4101.3,INR,Razorpay,GW-DUP-0406,UPI,SUCCESS,GW-DUP-0406,4101.3,2026-01-27
PAY0408,INV0408,CUST0495,2026-02-12,3050.81,INR,Cashfree,GW-649293,Card,SUCCESS,GW-649293,3050.81,2026-02-12
PAY0409,INV0409,CUST0398,2026-02-06,52723.37,INR,PayU,GW-244995,NetBanking,SUCCESS,GW-244995,52723.37,2026-02-06
PAY0410,INV0410,CUST0230,2026-02-17,17208.7,INR,Cashfree,GW-170128,Card,SUCCESS,GW-170128,17208.7,2026-02-17
PAY0411,INV0411,CUST0179,2026-03-14,43749.76,INR,Cashfree,GW-286339,NetBanking,SUCCESS,GW-286339,43749.76,2026-03-14
PAY0412,INV0412,CUST0168,2026-02-14,3477.75,INR,PayU,GW-848654,Wallet,SUCCESS,GW-848654,3477.75,2026-02-14
PAY0413,INV0413,CUST0229,2026-05-22,164256.73,INR,PayU,GW-DUP-0405,UPI,SUCCESS,GW-DUP-0405,164256.73,2026-05-22
PAY0414,INV0414,CUST0248,2026-02-16,125864.49,INR,PayU,GW-751473,Card,FAILED,GW-751473,125864.49,2026-02-16
PAY0415,INV0415,CUST0245,2026-01-18,19979.36,INR,Cashfree,GW-982782,Card,FAILED,GW-982782,19979.36,2026-01-18
PAY0416,INV0416,CUST0277,2026-02-18,57622.43,INR,PayU,GW-770323,Wallet,SUCCESS,GW-770323,57622.43,2026-02-18
PAY0417,INV0417,CUST0316,2026-02-12,3467.2,INR,PayU,GW-987587,NetBanking,SUCCESS,GW-987587,3467.2,2026-02-12
PAY0418,INV0418,CUST0308,2026-01-06,7216.73,INR,Cashfree,GW-408123,Wallet,SUCCESS,GW-408123,7216.73,2026-01-06
PAY0419,INV0419,CUST0056,2026-02-08,13552.57,INR,PayU,GW-570769,UPI,SUCCESS,GW-570769,13552.57,2026-02-08
PAY0420,INV0420,CUST0447,2026-05-27,6957.41,INR,Cashfree,GW-287284,UPI,SUCCESS,GW-287284,6957.41,2026-05-27
PAY0421,INV0421,CUST0493,2026-02-16,6444.26,INR,Razorpay,GW-489645,Card,SUCCESS,GW-489645,6444.26,2026-02-16
PAY0422,INV0422,CUST0182,2026-01-16,17634.39,INR,Cashfree,GW-820247,Wallet,SUCCESS,GW-820247,17634.39,2026-01-16
PAY0423,INV0423,CUST0458,2026-06-15,3094.97,INR,Razorpay,GW-378169,UPI,SUCCESS,GW-378169,3094.97,2026-06-15
PAY0424,INV0424,CUST0344,2026-06-03,864.94,INR,PayU,GW-659431,Wallet,SUCCESS,GW-659431,864.94,2026-06-03
PAY0425,INV0425,CUST0130,2026-06-16,114215.14,INR,PayU,GW-326813,UPI,SUCCESS,GW-326813,114215.14,2026-06-16
PAY0426,INV0426,CUST0009,2026-02-09,20156.36,INR,Stripe,GW-408604,Card,SUCCESS,GW-408604,20156.36,2026-02-09
PAY0427,INV0427,CUST0338,2026-05-09,4966.44,INR,Razorpay,GW-152148,NetBanking,SUCCESS,GW-152148,4966.44,2026-05-09
PAY0428,INV0428,CUST0481,2026-03-11,2718.19,INR,Cashfree,GW-248228,UPI,SUCCESS,GW-248228,2718.19,2026-03-11
PAY0429,INV0429,CUST0011,2026-02-14,82232.94,INR,Cashfree,GW-514339,NetBanking,SUCCESS,GW-514339,82232.94,2026-02-14
PAY0430,INV0430,CUST0370,2026-03-16,141927.43,INR,Cashfree,GW-689457,Card,SUCCESS,GW-689457,141927.43,2026-03-16
PAY0431,INV0431,CUST0475,2026-01-18,81701.35,INR,Stripe,GW-436807,Card,SUCCESS,GW-436807,81701.35,2026-01-18
PAY0432,INV0432,CUST0140,2026-02-18,53552.09,INR,Cashfree,GW-809270,Card,SUCCESS,GW-809270,53552.09,2026-02-18
PAY0433,INV0433,CUST0309,2026-02-06,1777.5,INR,Razorpay,GW-298945,Card,SUCCESS,GW-298945,1777.5,2026-02-06
PAY0434,INV0434,CUST0019,2026-04-18,3711.22,INR,Razorpay,GW-499749,UPI,SUCCESS,GW-499749,3711.22,2026-04-18
PAY0435,INV0435,CUST0064,2026-01-19,159820.15,INR,Razorpay,GW-803479,Card,SUCCESS,GW-803479,159820.15,2026-01-19
PAY0436,INV0436,CUST0194,2026-06-01,108637.06,INR,Stripe,GW-567792,Wallet,SUCCESS,GW-567792,108637.06,2026-06-01
PAY0437,INV0437,CUST0436,2026-03-17,18140.27,INR,Cashfree,GW-727873,NetBanking,SUCCESS,GW-727873,18140.27,2026-03-17
PAY0438,INV0438,CUST0442,2026-06-22,29968.76,INR,Razorpay,GW-270138,Card,SUCCESS,GW-270138,29968.76,2026-06-22
PAY0439,INV0439,CUST0426,2026-06-23,18884.56,INR,Cashfree,GW-631215,NetBanking,SUCCESS,GW-631215,18884.56,2026-06-23
PAY0440,INV0440,CUST0288,2026-01-31,148860.81,INR,Razorpay,GW-921864,Wallet,SUCCESS,GW-921864,148860.81,2026-01-31
PAY0441,INV0441,CUST0371,2026-02-07,7248.76,INR,Razorpay,GW-189525,Wallet,SUCCESS,GW-189525,7248.76,2026-02-07
PAY0442,INV0442,CUST0418,2026-05-11,190318.94,INR,Stripe,GW-978785,Wallet,SUCCESS,GW-978785,190318.94,2026-05-11
PAY0443,INV0443,CUST0197,2026-04-18,61230.65,INR,Stripe,GW-224973,Card,SUCCESS,GW-224973,61230.65,2026-04-18
PAY0444,INV0444,CUST0163,2026-06-04,21943.33,INR,Razorpay,GW-389577,UPI,SUCCESS,GW-389577,21943.33,2026-06-04
PAY0445,INV0445,CUST0491,2026-02-19,2952.37,INR,Stripe,GW-359454,Wallet,SUCCESS,GW-359454,2952.37,2026-02-19
PAY0446,INV0446,CUST0445,2026-04-02,143699.79,INR,Razorpay,GW-931374,UPI,SUCCESS,GW-931374,143699.79,2026-04-02
PAY0447,INV0447,CUST0017,2026-05-29,10993.7,INR,PayU,GW-623736,Wallet,SUCCESS,GW-623736,10993.7,2026-05-29
PAY0448,INV0448,CUST0329,2026-02-08,123024.7,INR,Stripe,GW-622189,UPI,REFUNDED,GW-622189,123024.7,2026-02-08
PAY0449,INV0449,CUST0421,2026-01-14,196882.81,INR,Cashfree,GW-112220,NetBanking,SUCCESS,GW-112220,196882.81,2026-01-14
PAY0450,INV0450,CUST0108,2026-01-26,159043.96,INR,Stripe,GW-971270,Card,SUCCESS,GW-971270,159043.96,2026-01-26
PAY0451,INV0451,CUST0446,2026-01-24,88034.04,INR,PayU,GW-444489,Card,SUCCESS,GW-444489,88034.04,2026-01-24
PAY0452,INV0452,CUST0145,2026-04-24,26880.78,INR,Stripe,GW-572524,Card,SUCCESS,GW-572524,26880.78,2026-04-24
PAY0453,INV0453,CUST0125,2026-02-25,29018.7,INR,PayU,GW-755268,NetBanking,SUCCESS,GW-755268,29018.7,2026-02-25
PAY0454,INV0454,CUST0012,2026-01-19,50113.92,INR,Cashfree,GW-655618,Wallet,SUCCESS,GW-655618,50113.92,2026-01-19
PAY0455,INV0455,CUST0425,2026-02-13,72296.93,INR,Cashfree,GW-230313,Wallet,SUCCESS,GW-230313,72296.93,2026-02-13
PAY0456,INV0456,CUST0340,2026-01-28,59872.73,INR,Cashfree,GW-796415,UPI,SUCCESS,GW-796415,59872.73,2026-01-28
PAY0457,INV0457,CUST0163,2026-05-04,3623.7,INR,Stripe,GW-273912,Wallet,SUCCESS,GW-273912,3623.7,2026-05-04
PAY0458,INV0458,CUST0437,2026-04-02,54190.88,INR,PayU,GW-139786,UPI,SUCCESS,GW-139786,54190.88,2026-04-02
PAY0459,INV0459,CUST0131,2026-05-12,129220.59,INR,Stripe,GW-640981,Card,SUCCESS,GW-640981,129220.59,2026-05-12
PAY0460,INV0460,CUST0040,2026-06-25,37711.97,INR,Cashfree,GW-218640,UPI,SUCCESS,GW-218640,37711.97,2026-06-25
PAY0461,INV0461,CUST0144,2026-02-10,10363.81,INR,Razorpay,GW-598829,Wallet,SUCCESS,GW-598829,10363.81,2026-02-10
PAY0462,INV0462,CUST0054,2026-06-22,2394.0,INR,Razorpay,GW-905015,Wallet,SUCCESS,GW-905015,2394.0,2026-06-22
PAY0463,INV0463,CUST0152,2026-03-01,45717.34,INR,Cashfree,GW-213554,NetBanking,SUCCESS,GW-213554,45717.34,2026-03-01
PAY0464,INV0464,CUST0358,2026-05-29,1644.39,INR,Stripe,GW-913572,Wallet,SUCCESS,GW-913572,1644.39,2026-05-29
PAY0465,INV0465,CUST0017,2026-02-07,105198.62,INR,PayU,GW-207138,NetBanking,SUCCESS,GW-207138,105198.62,2026-02-07
PAY0466,INV0466,CUST0251,2026-03-12,10358.1,INR,Cashfree,GW-233864,UPI,SUCCESS,GW-233864,10358.1,2026-03-12
PAY0467,INV0467,CUST0395,2026-04-05,41566.52,INR,Stripe,GW-529094,Wallet,SUCCESS,GW-529094,41566.52,2026-04-05
PAY0468,INV0468,CUST0357,2026-06-20,19841.83,INR,Razorpay,GW-201916,Card,SUCCESS,GW-201916,19841.83,2026-06-20
PAY0469,INV0469,CUST0426,2026-04-26,195177.09,INR,Razorpay,GW-947668,Wallet,SUCCESS,GW-947668,195177.09,2026-04-26
PAY0470,INV0470,CUST0179,2026-04-13,3049.58,INR,Stripe,GW-669441,NetBanking,SUCCESS,GW-669441,3049.58,2026-04-13
PAY0471,INV0471,CUST0144,2026-06-20,168530.95,INR,PayU,GW-185845,Card,SUCCESS,GW-185845,168530.95,2026-06-20
PAY0472,INV0472,CUST0100,2026-04-10,67066.02,INR,Cashfree,GW-535814,UPI,SUCCESS,GW-535814,67066.02,2026-04-10
PAY0473,INV0473,CUST0228,2026-05-03,2661.61,INR,PayU,GW-862663,Wallet,SUCCESS,GW-862663,2661.61,2026-05-03
PAY0474,INV0474,CUST0489,2026-03-06,2832.45,INR,PayU,GW-986287,Card,SUCCESS,GW-986287,2832.45,2026-03-06
PAY0475,INV0475,CUST0299,2026-06-29,13146.41,INR,Stripe,GW-314881,UPI,SUCCESS,GW-314881,13146.41,2026-06-29
PAY0476,INV0476,CUST0025,2026-05-17,5410.64,INR,Razorpay,GW-963390,NetBanking,SUCCESS,GW-963390,5410.64,2026-05-17
PAY0477,INV0477,CUST0227,2026-04-24,13898.66,INR,Cashfree,GW-258226,NetBanking,SUCCESS,GW-258226,13898.66,2026-04-24
PAY0478,INV0478,CUST0076,2026-01-19,38226.09,INR,Cashfree,GW-849946,Card,SUCCESS,GW-849946,38226.09,2026-01-19
PAY0479,INV0479,CUST0155,2026-04-28,22798.81,INR,Stripe,GW-989816,NetBanking,SUCCESS,GW-989816,22798.81,2026-04-28
PAY0480,INV0480,CUST0352,2026-06-07,55946.25,INR,PayU,GW-966787,NetBanking,SUCCESS,GW-966787,55946.25,2026-06-07
PAY0481,INV0481,CUST0030,2026-03-17,50878.84,INR,Stripe,GW-DUP-0477,NetBanking,SUCCESS,GW-DUP-0477,50878.84,2026-03-17
PAY0482,INV0482,CUST0447,2026-06-25,90431.67,INR,Stripe,GW-721794,UPI,SUCCESS,GW-721794,90431.67,2026-06-25
PAY0483,INV0483,CUST0278,2026-03-12,4494.48,INR,PayU,GW-964190,Card,SUCCESS,GW-964190,4494.48,2026-03-12
PAY0484,INV0484,CUST0205,2026-01-18,38147.49,INR,PayU,GW-485026,UPI,SUCCESS,GW-485026,38147.49,2026-01-18
PAY0485,INV0485,CUST0207,2026-03-28,20810.73,INR,Cashfree,GW-390302,Wallet,SUCCESS,GW-390302,20810.73,2026-03-28
PAY0486,INV0486,CUST0128,2026-05-26,8914.65,INR,PayU,GW-786682,Card,SUCCESS,GW-786682,8914.65,2026-05-26
PAY0487,INV0487,CUST0140,2026-03-30,193974.68,INR,Razorpay,GW-568343,UPI,SUCCESS,GW-568343,193974.68,2026-03-30
PAY0488,INV0488,CUST0310,2026-01-25,1947.81,INR,PayU,GW-346646,Card,SUCCESS,GW-346646,1947.81,2026-01-25
PAY0489,INV0489,CUST0430,2026-01-26,7362.42,INR,Razorpay,GW-719475,Card,SUCCESS,GW-719475,7362.42,2026-01-26
PAY0490,INV0490,CUST0415,2026-01-10,1028.66,INR,PayU,GW-238789,NetBanking,SUCCESS,GW-238789,1028.66,2026-01-10
PAY0491,INV0491,CUST0330,2026-03-04,132116.9,INR,PayU,GW-DUP-0481,Wallet,SUCCESS,GW-DUP-0481,132116.9,2026-03-04
PAY0492,INV0492,CUST0190,2026-06-13,49323.27,INR,PayU,GW-939246,NetBanking,SUCCESS,GW-939246,49323.27,2026-06-13
PAY0493,INV0493,CUST0308,2026-01-12,24159.14,INR,Stripe,GW-267939,Card,REFUNDED,GW-267939,24159.14,2026-01-12
PAY0494,INV0494,CUST0345,2026-04-13,1936.73,INR,Razorpay,GW-DUP-0484,Card,SUCCESS,GW-DUP-0484,1936.73,2026-04-13
PAY0495,INV0495,CUST0088,2026-05-16,109427.81,INR,Razorpay,GW-369021,Wallet,SUCCESS,GW-369021,109427.81,2026-05-16
PAY0496,INV0496,CUST0369,2026-02-17,130076.6,INR,Cashfree,GW-916386,Card,SUCCESS,GW-916386,130076.6,2026-02-17
PAY0497,INV0497,CUST0237,2026-01-26,12311.83,INR,Cashfree,GW-163469,Wallet,FAILED,GW-163469,12311.83,2026-01-26
PAY0498,INV0498,CUST0371,2026-04-07,7091.53,INR,Cashfree,GW-352781,Wallet,SUCCESS,GW-352781,7091.53,2026-04-07
PAY0499,INV0499,CUST0145,2026-01-16,2997.41,INR,PayU,GW-649132,UPI,SUCCESS,GW-649132,2997.41,2026-01-16
PAY0500,INV0500,CUST0307,2026-05-01,60358.77,INR,Cashfree,GW-612319,Card,SUCCESS,GW-612319,60358.77,2026-05-01
