transaction_id,payment_id,invoice_id,expected_match_type,expected_exception_type,expected_date_difference,expected_amount_match,expected_ledger_status,expected_payment_status,expected_final_decision
TXN0001,PAY0001,INV0001,FUZZY,SETTLEMENT_DELAY,2,True,POSTED,SUCCESS,SETTLEMENT_DELAY
TXN0002,PAY0002,INV0002,FUZZY,LEDGER_PENDING,0,True,PENDING,SUCCESS,LEDGER_PENDING
TXN0003,PAY0003,INV0003,EXACT,NONE,0,True,POSTED,SUCCESS,CLEAN_MATCH
TXN0004,PAY0004,INV0004,FUZZY,DUPLICATE_PAYMENT,0,True,POSTED,SUCCESS,DUPLICATE_PAYMENT
TXN0005,PAY0005,INV0005,EXACT,NONE,0,True,POSTED,SUCCESS,CLEAN_MATCH
TXN0006,PAY0006,INV0006,EXACT,NONE,0,True,POSTED,SUCCESS,CLEAN_MATCH
TXN0007,PAY0007,INV0007,EXACT,NONE,0,True,POSTED,SUCCESS,CLEAN_MATCH
TXN0008,PAY0008,INV0008,PARTIAL,PAYMENT_REFUNDED,0,True,POSTED,REFUNDED,PAYMENT_REFUNDED
TXN0009,PAY0009,INV0009,FUZZY,SETTLEMENT_DELAY,1,True,POSTED,SUCCESS,SETTLEMENT_DELAY
TXN0010,PAY0010,INV0010,FUZZY,AMOUNT_MISMATCH,0,False,POSTED,SUCCESS,AMOUNT_MISMATCH
TXN0011,PAY0011,INV0011,EXACT,NONE,0,True,POSTED,SUCCESS,CLEAN_MATCH
TXN0012,PAY0012,INV0012,EXACT,NONE,0,True,POSTED,SUCCESS,CLEAN_MATCH
TXN0013,PAY0013,INV0013,FUZZY,SETTLEMENT_DELAY,1,True,POSTED,SUCCESS,SETTLEMENT_DELAY
TXN0014,PAY0014,INV0014,FUZZY,SETTLEMENT_DELAY,5,True,POSTED,SUCCESS,SETTLEMENT_DELAY
TXN0015,PAY0015,INV0015,FUZZY,SETTLEMENT_DELAY,2,True,POSTED,SUCCESS,SETTLEMENT_DELAY
TXN0016,PAY0016,INV0016,EXACT,NONE,0,True,POSTED,SUCCESS,CLEAN_MATCH
TXN0017,PAY0017,INV0017,EXACT,NONE,0,True,POSTED,SUCCESS,CLEAN_MATCH
TXN0018,PAY0018,INV0018,FUZZY,SETTLEMENT_DELAY,1,True,POSTED,SUCCESS,SETTLEMENT_DELAY
TXN0019,PAY0019,INV0019,FUZZY,DUPLICATE_PAYMENT,0,True,POSTED,SUCCESS,DUPLICATE_PAYMENT
TXN0020,PAY0020,INV0020,FUZZY,SETTLEMENT_DELAY,1,True,POSTED,SUCCESS,SETTLEMENT_DELAY
TXN0021,PAY0021,INV0021,FUZZY,SETTLEMENT_DELAY,22,True,POSTED,SUCCESS,SETTLEMENT_DELAY
TXN0022,PAY0022,INV0022,EXACT,NONE,0,True,POSTED,SUCCESS,CLEAN_MATCH
TXN0023,PAY0023,INV0023,EXACT,NONE,0,True,POSTED,SUCCESS,CLEAN_MATCH
TXN0024,PAY0024,INV0024,EXACT,NONE,0,True,POSTED,SUCCESS,CLEAN_MATCH
TXN0025,PAY0025,INV0025,FUZZY,LEDGER_PENDING,0,True,PENDING,SUCCESS,LEDGER_PENDING
TXN0026,PAY0026,INV0026,EXACT,NONE,0,True,POSTED,SUCCESS,CLEAN_MATCH
TXN0027,PAY0027,INV0027,FUZZY,SETTLEMENT_DELAY,1,True,POSTED,SUCCESS,SETTLEMENT_DELAY
TXN0028,PAY0028,INV0028,FUZZY,SETTLEMENT_DELAY,5,True,POSTED,SUCCESS,SETTLEMENT_DELAY
TXN0029,PAY0029,INV0029,FUZZY,SETTLEMENT_DELAY,1,True,POSTED,SUCCESS,SETTLEMENT_DELAY
TXN0030,PAY0030,INV0030,FUZZY,SETTLEMENT_DELAY,96,True,POSTED,SUCCESS,SETTLEMENT_DELAY
TXN0031,PAY0031,INV0031,FUZZY,SETTLEMENT_DELAY,2,True,POSTED,SUCCESS,SETTLEMENT_DELAY
TXN0032,PAY0032,INV0032,EXACT,NONE,0,True,POSTED,SUCCESS,CLEAN_MATCH
TXN0033,PAY0033,INV0033,FUZZY,SETTLEMENT_DELAY,66,True,POSTED,SUCCESS,SETTLEMENT_DELAY
TXN0034,PAY0034,INV0034,EXACT,NONE,0,True,POSTED,SUCCESS,CLEAN_MATCH
TXN0035,PAY0035,INV0035,EXACT,NONE,0,True,POSTED,SUCCESS,CLEAN_MATCH
TXN0036,PAY0036,INV0036,FUZZY,AMOUNT_MISMATCH,0,False,POSTED,SUCCESS,AMOUNT_MISMATCH
TXN0037,PAY0037,INV0037,FUZZY,SETTLEMENT_DELAY,1,True,POSTED,SUCCESS,SETTLEMENT_DELAY
TXN0038,PAY0038,INV0038,EXACT,NONE,0,True,POSTED,SUCCESS,CLEAN_MATCH
TXN0039,PAY0039,INV0039,EXACT,NONE,0,True,POSTED,SUCCESS,CLEAN_MATCH
TXN0040,PAY0040,INV0040,FUZZY,SETTLEMENT_DELAY,86,True,POSTED,SUCCESS,SETTLEMENT_DELAY
TXN0041,PAY0041,INV0041,FUZZY,SETTLEMENT_DELAY,130,True,POSTED,SUCCESS,SETTLEMENT_DELAY
TXN0042,PAY0042,INV0042,FUZZY,SETTLEMENT_DELAY,64,True,POSTED,SUCCESS,SETTLEMENT_DELAY
TXN0043,PAY0043,INV0043,EXACT,NONE,0,True,POSTED,SUCCESS,CLEAN_MATCH
TXN0044,PAY0044,INV0044,EXACT,NONE,0,True,POSTED,SUCCESS,CLEAN_MATCH
TXN0045,PAY0045,INV0045,EXACT,NONE,0,True,POSTED,SUCCESS,CLEAN_MATCH
TXN0046,PAY0046,INV0046,EXACT,NONE,0,True,POSTED,SUCCESS,CLEAN_MATCH
TXN0047,PAY0047,INV0047,FUZZY,LEDGER_PENDING,0,True,PENDING,SUCCESS,LEDGER_PENDING
TXN0048,PAY0048,INV0048,FUZZY,SETTLEMENT_DELAY,1,True,POSTED,SUCCESS,SETTLEMENT_DELAY
TXN0049,PAY0049,INV0049,FUZZY,SETTLEMENT_DELAY,2,True,POSTED,SUCCESS,SETTLEMENT_DELAY
TXN0050,PAY0050,INV0050,PARTIAL,PAYMENT_REFUNDED,0,True,POSTED,REFUNDED,PAYMENT_REFUNDED
TXN0051,PAY0051,INV0051,EXACT,NONE,0,True,POSTED,SUCCESS,CLEAN_MATCH
TXN0052,PAY0052,INV0052,EXACT,NONE,0,True,POSTED,SUCCESS,CLEAN_MATCH
TXN0053,PAY0053,INV0053,EXACT,NONE,0,True,POSTED,SUCCESS,CLEAN_MATCH
TXN0054,PAY0054,INV0054,FUZZY,SETTLEMENT_DELAY,10,True,POSTED,SUCCESS,SETTLEMENT_DELAY
TXN0055,PAY0055,INV0055,FUZZY,SETTLEMENT_DELAY,5,True,POSTED,SUCCESS,SETTLEMENT_DELAY
TXN0056,PAY0056,INV0056,EXACT,NONE,0,True,POSTED,SUCCESS,CLEAN_MATCH
TXN0057,PAY0057,INV0057,EXACT,NONE,0,True,POSTED,SUCCESS,CLEAN_MATCH
TXN0058,PAY0058,INV0058,FUZZY,SETTLEMENT_DELAY,1,True,POSTED,SUCCESS,SETTLEMENT_DELAY
TXN0059,PAY0059,INV0059,FUZZY,LEDGER_PENDING,0,True,PENDING,SUCCESS,LEDGER_PENDING
TXN0060,PAY0060,INV0060,EXACT,NONE,0,True,POSTED,SUCCESS,CLEAN_MATCH
TXN0061,PAY0061,INV0061,FUZZY,LEDGER_PENDING,0,True,PENDING,SUCCESS,LEDGER_PENDING
TXN0062,PAY0062,INV0062,FUZZY,SETTLEMENT_DELAY,24,True,POSTED,SUCCESS,SETTLEMENT_DELAY
TXN0063,PAY0063,INV0063,FUZZY,SETTLEMENT_DELAY,4,True,POSTED,SUCCESS,SETTLEMENT_DELAY
TXN0064,PAY0064,INV0064,FUZZY,SETTLEMENT_DELAY,2,True,POSTED,SUCCESS,SETTLEMENT_DELAY
TXN0065,PAY0065,INV0065,FUZZY,SETTLEMENT_DELAY,13,True,POSTED,SUCCESS,SETTLEMENT_DELAY
TXN0066,PAY0066,INV0066,FUZZY,SETTLEMENT_DELAY,1,True,POSTED,SUCCESS,SETTLEMENT_DELAY
TXN0067,PAY0067,INV0067,EXACT,NONE,0,True,POSTED,SUCCESS,CLEAN_MATCH
TXN0068,PAY0068,INV0068,FUZZY,SETTLEMENT_DELAY,2,True,POSTED,SUCCESS,SETTLEMENT_DELAY
TXN0069,PAY0069,INV0069,NONE,PAYMENT_FAILED,0,True,POSTED,FAILED,PAYMENT_FAILED
TXN0070,PAY0070,INV0070,FUZZY,SETTLEMENT_DELAY,1,True,POSTED,SUCCESS,SETTLEMENT_DELAY
TXN0071,PAY0071,INV0071,EXACT,NONE,0,True,POSTED,SUCCESS,CLEAN_MATCH
TXN0072,PAY0072,INV0072,EXACT,NONE,0,True,POSTED,SUCCESS,CLEAN_MATCH
TXN0073,PAY0073,INV0073,FUZZY,SETTLEMENT_DELAY,2,True,POSTED,SUCCESS,SETTLEMENT_DELAY
TXN0074,PAY0074,INV0074,EXACT,NONE,0,True,POSTED,SUCCESS,CLEAN_MATCH
TXN0075,PAY0075,INV0075,EXACT,NONE,0,True,POSTED,SUCCESS,CLEAN_MATCH
TXN0076,PAY0076,INV0076,FUZZY,SETTLEMENT_DELAY,1,True,POSTED,SUCCESS,SETTLEMENT_DELAY
TXN0077,PAY0077,INV0077,EXACT,NONE,0,True,POSTED,SUCCESS,CLEAN_MATCH
TXN0078,PAY0078,INV0078,FUZZY,DUPLICATE_PAYMENT,0,True,POSTED,SUCCESS,DUPLICATE_PAYMENT
TXN0079,PAY0079,INV0079,FUZZY,SETTLEMENT_DELAY,1,True,POSTED,SUCCESS,SETTLEMENT_DELAY
TXN0080,PAY0080,INV0080,EXACT,NONE,0,True,POSTED,SUCCESS,CLEAN_MATCH
TXN0081,PAY0081,INV0081,EXACT,NONE,0,True,POSTED,SUCCESS,CLEAN_MATCH
TXN0082,PAY0082,INV0082,FUZZY,SETTLEMENT_DELAY,4,True,POSTED,SUCCESS,SETTLEMENT_DELAY
TXN0083,PAY0083,INV0083,FUZZY,SETTLEMENT_DELAY,3,True,POSTED,SUCCESS,SETTLEMENT_DELAY
TXN0084,PAY0084,INV0084,EXACT,NONE,0,True,POSTED,SUCCESS,CLEAN_MATCH
TXN0085,PAY0085,INV0085,FUZZY,SETTLEMENT_DELAY,2,True,POSTED,SUCCESS,SETTLEMENT_DELAY
TXN0086,PAY0086,INV0086,FUZZY,SETTLEMENT_DELAY,2,True,POSTED,SUCCESS,SETTLEMENT_DELAY
TXN0087,PAY0087,INV0087,EXACT,NONE,0,True,POSTED,SUCCESS,CLEAN_MATCH
TXN0088,PAY0088,INV0088,FUZZY,AMOUNT_MISMATCH,0,False,POSTED,SUCCESS,AMOUNT_MISMATCH
TXN0089,PAY0089,INV0089,FUZZY,DUPLICATE_PAYMENT,0,True,POSTED,SUCCESS,DUPLICATE_PAYMENT
TXN0090,PAY0090,INV0090,FUZZY,SETTLEMENT_DELAY,6,True,POSTED,SUCCESS,SETTLEMENT_DELAY
TXN0091,PAY0091,INV0091,FUZZY,SETTLEMENT_DELAY,36,True,POSTED,SUCCESS,SETTLEMENT_DELAY
TXN0092,PAY0092,INV0092,FUZZY,SETTLEMENT_DELAY,16,True,POSTED,SUCCESS,SETTLEMENT_DELAY
TXN0093,PAY0093,INV0093,FUZZY,SETTLEMENT_DELAY,2,True,POSTED,SUCCESS,SETTLEMENT_DELAY
TXN0094,PAY0094,INV0094,FUZZY,DUPLICATE_PAYMENT,0,True,POSTED,SUCCESS,DUPLICATE_PAYMENT
TXN0095,PAY0095,INV0095,FUZZY,SETTLEMENT_DELAY,2,True,POSTED,SUCCESS,SETTLEMENT_DELAY
TXN0096,PAY0096,INV0096,EXACT,NONE,0,True,POSTED,SUCCESS,CLEAN_MATCH
TXN0097,PAY0097,INV0097,EXACT,NONE,0,True,POSTED,SUCCESS,CLEAN_MATCH
TXN0098,PAY0098,INV0098,FUZZY,DUPLICATE_PAYMENT,0,True,POSTED,SUCCESS,DUPLICATE_PAYMENT
TXN0099,PAY0099,INV0099,FUZZY,SETTLEMENT_DELAY,4,True,POSTED,SUCCESS,SETTLEMENT_DELAY
TXN0100,PAY0100,INV0100,FUZZY,SETTLEMENT_DELAY,4,True,POSTED,SUCCESS,SETTLEMENT_DELAY
TXN0101,PAY0101,INV0101,FUZZY,LEDGER_PENDING,0,True,PENDING,SUCCESS,LEDGER_PENDING
TXN0102,PAY0102,INV0102,FUZZY,SETTLEMENT_DELAY,2,True,POSTED,SUCCESS,SETTLEMENT_DELAY
TXN0103,PAY0103,INV0103,EXACT,NONE,0,True,POSTED,SUCCESS,CLEAN_MATCH
TXN0104,PAY0104,INV0104,FUZZY,SETTLEMENT_DELAY,98,True,POSTED,SUCCESS,SETTLEMENT_DELAY
TXN0105,PAY0105,INV0105,FUZZY,SETTLEMENT_DELAY,2,True,POSTED,SUCCESS,SETTLEMENT_DELAY
TXN0106,PAY0106,INV0106,FUZZY,SETTLEMENT_DELAY,3,True,POSTED,SUCCESS,SETTLEMENT_DELAY
TXN0107,PAY0107,INV0107,EXACT,NONE,0,True,POSTED,SUCCESS,CLEAN_MATCH
TXN0108,PAY0108,INV0108,NONE,PAYMENT_FAILED,0,True,POSTED,FAILED,PAYMENT_FAILED
TXN0109,PAY0109,INV0109,FUZZY,SETTLEMENT_DELAY,2,True,POSTED,SUCCESS,SETTLEMENT_DELAY
TXN0110,PAY0110,INV0110,FUZZY,DUPLICATE_PAYMENT,0,True,POSTED,SUCCESS,DUPLICATE_PAYMENT
TXN0111,PAY0111,INV0111,FUZZY,SETTLEMENT_DELAY,2,True,POSTED,SUCCESS,SETTLEMENT_DELAY
TXN0112,PAY0112,INV0112,FUZZY,SETTLEMENT_DELAY,4,True,POSTED,SUCCESS,SETTLEMENT_DELAY
TXN0113,PAY0113,INV0113,FUZZY,SETTLEMENT_DELAY,5,True,POSTED,SUCCESS,SETTLEMENT_DELAY
TXN0114,PAY0114,INV0114,FUZZY,SETTLEMENT_DELAY,26,True,POSTED,SUCCESS,SETTLEMENT_DELAY
TXN0115,PAY0115,INV0115,EXACT,NONE,0,True,POSTED,SUCCESS,CLEAN_MATCH
TXN0116,PAY0116,INV0116,EXACT,NONE,0,True,POSTED,SUCCESS,CLEAN_MATCH
TXN0117,PAY0117,INV0117,FUZZY,SETTLEMENT_DELAY,2,True,POSTED,SUCCESS,SETTLEMENT_DELAY
TXN0118,PAY0118,INV0118,FUZZY,SETTLEMENT_DELAY,2,True,POSTED,SUCCESS,SETTLEMENT_DELAY
TXN0119,PAY0119,INV0119,FUZZY,SETTLEMENT_DELAY,1,True,POSTED,SUCCESS,SETTLEMENT_DELAY
TXN0120,PAY0120,INV0120,EXACT,NONE,0,True,POSTED,SUCCESS,CLEAN_MATCH
TXN0121,PAY0121,INV0121,EXACT,NONE,0,True,POSTED,SUCCESS,CLEAN_MATCH
TXN0122,PAY0122,INV0122,EXACT,NONE,0,True,POSTED,SUCCESS,CLEAN_MATCH
TXN0123,PAY0123,INV0123,EXACT,NONE,0,True,POSTED,SUCCESS,CLEAN_MATCH
TXN0124,PAY0124,INV0124,FUZZY,SETTLEMENT_DELAY,42,True,POSTED,SUCCESS,SETTLEMENT_DELAY
TXN0125,PAY0125,INV0125,FUZZY,SETTLEMENT_DELAY,2,True,POSTED,SUCCESS,SETTLEMENT_DELAY
TXN0126,PAY0126,INV0126,EXACT,NONE,0,True,POSTED,SUCCESS,CLEAN_MATCH
TXN0127,PAY0127,INV0127,EXACT,NONE,0,True,POSTED,SUCCESS,CLEAN_MATCH
TXN0128,PAY0128,INV0128,FUZZY,SETTLEMENT_DELAY,15,True,POSTED,SUCCESS,SETTLEMENT_DELAY
TXN0129,PAY0129,INV0129,EXACT,NONE,0,True,POSTED,SUCCESS,CLEAN_MATCH
TXN0130,PAY0130,INV0130,FUZZY,SETTLEMENT_DELAY,3,True,POSTED,SUCCESS,SETTLEMENT_DELAY
TXN0131,PAY0131,INV0131,FUZZY,SETTLEMENT_DELAY,23,True,POSTED,SUCCESS,SETTLEMENT_DELAY
TXN0132,PAY0132,INV0132,EXACT,NONE,0,True,POSTED,SUCCESS,CLEAN_MATCH
TXN0133,PAY0133,INV0133,NONE,PAYMENT_FAILED,0,True,POSTED,FAILED,PAYMENT_FAILED
TXN0134,PAY0134,INV0134,EXACT,NONE,0,True,POSTED,SUCCESS,CLEAN_MATCH
TXN0135,PAY0135,INV0135,FUZZY,SETTLEMENT_DELAY,1,True,POSTED,SUCCESS,SETTLEMENT_DELAY
TXN0136,PAY0136,INV0136,FUZZY,SETTLEMENT_DELAY,1,True,POSTED,SUCCESS,SETTLEMENT_DELAY
TXN0137,PAY0137,INV0137,PARTIAL,PAYMENT_REFUNDED,0,True,POSTED,REFUNDED,PAYMENT_REFUNDED
TXN0138,PAY0138,INV0138,FUZZY,SETTLEMENT_DELAY,7,True,POSTED,SUCCESS,SETTLEMENT_DELAY
TXN0139,PAY0139,INV0139,EXACT,NONE,0,True,POSTED,SUCCESS,CLEAN_MATCH
TXN0140,PAY0140,INV0140,EXACT,NONE,0,True,POSTED,SUCCESS,CLEAN_MATCH
TXN0141,PAY0141,INV0141,FUZZY,SETTLEMENT_DELAY,1,True,POSTED,SUCCESS,SETTLEMENT_DELAY
TXN0142,PAY0142,INV0142,EXACT,NONE,0,True,POSTED,SUCCESS,CLEAN_MATCH
TXN0143,PAY0143,INV0143,FUZZY,SETTLEMENT_DELAY,1,True,POSTED,SUCCESS,SETTLEMENT_DELAY
TXN0144,PAY0144,INV0144,EXACT,NONE,0,True,POSTED,SUCCESS,CLEAN_MATCH
TXN0145,PAY0145,INV0145,EXACT,NONE,0,True,POSTED,SUCCESS,CLEAN_MATCH
TXN0146,PAY0146,INV0146,EXACT,NONE,0,True,POSTED,SUCCESS,CLEAN_MATCH
TXN0147,PAY0147,INV0147,FUZZY,SETTLEMENT_DELAY,29,True,POSTED,SUCCESS,SETTLEMENT_DELAY
TXN0148,PAY0148,INV0148,FUZZY,SETTLEMENT_DELAY,1,True,POSTED,SUCCESS,SETTLEMENT_DELAY
TXN0149,PAY0149,INV0149,EXACT,NONE,0,True,POSTED,SUCCESS,CLEAN_MATCH
TXN0150,PAY0150,INV0150,FUZZY,DUPLICATE_PAYMENT,0,True,POSTED,SUCCESS,DUPLICATE_PAYMENT
TXN0151,PAY0151,INV0151,FUZZY,SETTLEMENT_DELAY,143,True,POSTED,SUCCESS,SETTLEMENT_DELAY
TXN0152,PAY0152,INV0152,FUZZY,DUPLICATE_PAYMENT,0,True,POSTED,SUCCESS,DUPLICATE_PAYMENT
TXN0153,PAY0153,INV0153,EXACT,NONE,0,True,POSTED,SUCCESS,CLEAN_MATCH
TXN0154,PAY0154,INV0154,EXACT,NONE,0,True,POSTED,SUCCESS,CLEAN_MATCH
TXN0155,PAY0155,INV0155,EXACT,NONE,0,True,POSTED,SUCCESS,CLEAN_MATCH
TXN0156,PAY0156,INV0156,EXACT,NONE,0,True,POSTED,SUCCESS,CLEAN_MATCH
TXN0157,PAY0157,INV0157,FUZZY,SETTLEMENT_DELAY,3,True,POSTED,SUCCESS,SETTLEMENT_DELAY
TXN0158,PAY0158,INV0158,EXACT,NONE,0,True,POSTED,SUCCESS,CLEAN_MATCH
TXN0159,PAY0159,INV0159,EXACT,NONE,0,True,POSTED,SUCCESS,CLEAN_MATCH
TXN0160,PAY0160,INV0160,EXACT,NONE,0,True,POSTED,SUCCESS,CLEAN_MATCH
TXN0161,PAY0161,INV0161,FUZZY,SETTLEMENT_DELAY,1,True,POSTED,SUCCESS,SETTLEMENT_DELAY
TXN0162,PAY0162,INV0162,EXACT,NONE,0,True,POSTED,SUCCESS,CLEAN_MATCH
TXN0163,PAY0163,INV0163,EXACT,NONE,0,True,POSTED,SUCCESS,CLEAN_MATCH
TXN0164,PAY0164,INV0164,FUZZY,SETTLEMENT_DELAY,4,True,POSTED,SUCCESS,SETTLEMENT_DELAY
TXN0165,PAY0165,INV0165,FUZZY,SETTLEMENT_DELAY,27,True,POSTED,SUCCESS,SETTLEMENT_DELAY
TXN0166,PAY0166,INV0166,FUZZY,SETTLEMENT_DELAY,2,True,POSTED,SUCCESS,SETTLEMENT_DELAY
TXN0167,PAY0167,INV0167,FUZZY,SETTLEMENT_DELAY,2,True,POSTED,SUCCESS,SETTLEMENT_DELAY
TXN0168,PAY0168,INV0168,EXACT,NONE,0,True,POSTED,SUCCESS,CLEAN_MATCH
TXN0169,PAY0169,INV0169,EXACT,NONE,0,True,POSTED,SUCCESS,CLEAN_MATCH
TXN0170,PAY0170,INV0170,EXACT,NONE,0,True,POSTED,SUCCESS,CLEAN_MATCH
TXN0171,PAY0171,INV0171,FUZZY,SETTLEMENT_DELAY,17,True,POSTED,SUCCESS,SETTLEMENT_DELAY
TXN0172,PAY0172,INV0172,EXACT,NONE,0,True,POSTED,SUCCESS,CLEAN_MATCH
TXN0173,PAY0173,INV0173,EXACT,NONE,0,True,POSTED,SUCCESS,CLEAN_MATCH
TXN0174,PAY0174,INV0174,EXACT,NONE,0,True,POSTED,SUCCESS,CLEAN_MATCH
TXN0175,PAY0175,INV0175,EXACT,NONE,0,True,POSTED,SUCCESS,CLEAN_MATCH
TXN0176,PAY0176,INV0176,FUZZY,LEDGER_PENDING,0,True,PENDING,SUCCESS,LEDGER_PENDING
TXN0177,PAY0177,INV0177,EXACT,NONE,0,True,POSTED,SUCCESS,CLEAN_MATCH
TXN0178,PAY0178,INV0178,FUZZY,SETTLEMENT_DELAY,1,True,POSTED,SUCCESS,SETTLEMENT_DELAY
TXN0179,PAY0179,INV0179,FUZZY,SETTLEMENT_DELAY,2,True,POSTED,SUCCESS,SETTLEMENT_DELAY
TXN0180,PAY0180,INV0180,EXACT,NONE,0,True,POSTED,SUCCESS,CLEAN_MATCH
TXN0181,PAY0181,INV0181,EXACT,NONE,0,True,POSTED,SUCCESS,CLEAN_MATCH
TXN0182,PAY0182,INV0182,EXACT,NONE,0,True,POSTED,SUCCESS,CLEAN_MATCH
TXN0183,PAY0183,INV0183,FUZZY,SETTLEMENT_DELAY,7,True,POSTED,SUCCESS,SETTLEMENT_DELAY
TXN0184,PAY0184,INV0184,EXACT,NONE,0,True,POSTED,SUCCESS,CLEAN_MATCH
TXN0185,PAY0185,INV0185,EXACT,NONE,0,True,POSTED,SUCCESS,CLEAN_MATCH
TXN0186,PAY0186,INV0186,EXACT,NONE,0,True,POSTED,SUCCESS,CLEAN_MATCH
TXN0187,PAY0187,INV0187,FUZZY,SETTLEMENT_DELAY,122,True,POSTED,SUCCESS,SETTLEMENT_DELAY
TXN0188,PAY0188,INV0188,EXACT,NONE,0,True,POSTED,SUCCESS,CLEAN_MATCH
TXN0189,PAY0189,INV0189,FUZZY,SETTLEMENT_DELAY,2,True,POSTED,SUCCESS,SETTLEMENT_DELAY
TXN0190,PAY0190,INV0190,EXACT,NONE,0,True,POSTED,SUCCESS,CLEAN_MATCH
TXN0191,PAY0191,INV0191,EXACT,NONE,0,True,POSTED,SUCCESS,CLEAN_MATCH
TXN0192,PAY0192,INV0192,FUZZY,SETTLEMENT_DELAY,2,True,POSTED,SUCCESS,SETTLEMENT_DELAY
TXN0193,PAY0193,INV0193,EXACT,NONE,0,True,POSTED,SUCCESS,CLEAN_MATCH
TXN0194,PAY0194,INV0194,EXACT,NONE,0,True,POSTED,SUCCESS,CLEAN_MATCH
TXN0195,PAY0195,INV0195,FUZZY,LEDGER_PENDING,0,True,PENDING,SUCCESS,LEDGER_PENDING
TXN0196,PAY0196,INV0196,FUZZY,SETTLEMENT_DELAY,48,True,POSTED,SUCCESS,SETTLEMENT_DELAY
TXN0197,PAY0197,INV0197,FUZZY,SETTLEMENT_DELAY,74,True,POSTED,SUCCESS,SETTLEMENT_DELAY
TXN0198,PAY0198,INV0198,EXACT,NONE,0,True,POSTED,SUCCESS,CLEAN_MATCH
TXN0199,PAY0199,INV0199,EXACT,NONE,0,True,POSTED,SUCCESS,CLEAN_MATCH
TXN0200,PAY0200,INV0200,EXACT,NONE,0,True,POSTED,SUCCESS,CLEAN_MATCH
TXN0201,PAY0201,INV0201,EXACT,NONE,0,True,POSTED,SUCCESS,CLEAN_MATCH
TXN0202,PAY0202,INV0202,EXACT,NONE,0,True,POSTED,SUCCESS,CLEAN_MATCH
TXN0203,PAY0203,INV0203,EXACT,NONE,0,True,POSTED,SUCCESS,CLEAN_MATCH
TXN0204,PAY0204,INV0204,FUZZY,SETTLEMENT_DELAY,2,True,POSTED,SUCCESS,SETTLEMENT_DELAY
TXN0205,PAY0205,INV0205,FUZZY,SETTLEMENT_DELAY,2,True,POSTED,SUCCESS,SETTLEMENT_DELAY
TXN0206,PAY0206,INV0206,EXACT,NONE,0,True,POSTED,SUCCESS,CLEAN_MATCH
TXN0207,PAY0207,INV0207,FUZZY,DUPLICATE_PAYMENT,0,True,POSTED,SUCCESS,DUPLICATE_PAYMENT
TXN0208,PAY0208,INV0208,FUZZY,SETTLEMENT_DELAY,1,True,POSTED,SUCCESS,SETTLEMENT_DELAY
TXN0209,PAY0209,INV0209,EXACT,NONE,0,True,POSTED,SUCCESS,CLEAN_MATCH
TXN0210,PAY0210,INV0210,FUZZY,SETTLEMENT_DELAY,5,True,POSTED,SUCCESS,SETTLEMENT_DELAY
TXN0211,PAY0211,INV0211,FUZZY,SETTLEMENT_DELAY,1,True,POSTED,SUCCESS,SETTLEMENT_DELAY
TXN0212,PAY0212,INV0212,FUZZY,SETTLEMENT_DELAY,1,True,POSTED,SUCCESS,SETTLEMENT_DELAY
TXN0213,PAY0213,INV0213,EXACT,NONE,0,True,POSTED,SUCCESS,CLEAN_MATCH
TXN0214,PAY0214,INV0214,EXACT,NONE,0,True,POSTED,SUCCESS,CLEAN_MATCH
TXN0215,PAY0215,INV0215,FUZZY,SETTLEMENT_DELAY,128,True,POSTED,SUCCESS,SETTLEMENT_DELAY
TXN0216,PAY0216,INV0216,EXACT,NONE,0,True,POSTED,SUCCESS,CLEAN_MATCH
TXN0217,PAY0217,INV0217,FUZZY,SETTLEMENT_DELAY,5,True,POSTED,SUCCESS,SETTLEMENT_DELAY
TXN0218,PAY0218,INV0218,FUZZY,SETTLEMENT_DELAY,2,True,POSTED,SUCCESS,SETTLEMENT_DELAY
TXN0219,PAY0219,INV0219,FUZZY,SETTLEMENT_DELAY,16,True,POSTED,SUCCESS,SETTLEMENT_DELAY
TXN0220,PAY0220,INV0220,EXACT,NONE,0,True,POSTED,SUCCESS,CLEAN_MATCH
TXN0221,PAY0221,INV0221,EXACT,NONE,0,True,POSTED,SUCCESS,CLEAN_MATCH
TXN0222,PAY0222,INV0222,EXACT,NONE,0,True,POSTED,SUCCESS,CLEAN_MATCH
TXN0223,PAY0223,INV0223,FUZZY,SETTLEMENT_DELAY,3,True,POSTED,SUCCESS,SETTLEMENT_DELAY
TXN0224,PAY0224,INV0224,EXACT,NONE,0,True,POSTED,SUCCESS,CLEAN_MATCH
TXN0225,PAY0225,INV0225,FUZZY,LEDGER_PENDING,0,True,PENDING,SUCCESS,LEDGER_PENDING
TXN0226,PAY0226,INV0226,FUZZY,SETTLEMENT_DELAY,4,True,POSTED,SUCCESS,SETTLEMENT_DELAY
TXN0227,PAY0227,INV0227,FUZZY,SETTLEMENT_DELAY,2,True,POSTED,SUCCESS,SETTLEMENT_DELAY
TXN0228,PAY0228,INV0228,FUZZY,SETTLEMENT_DELAY,118,True,POSTED,SUCCESS,SETTLEMENT_DELAY
TXN0229,PAY0229,INV0229,EXACT,NONE,0,True,POSTED,SUCCESS,CLEAN_MATCH
TXN0230,PAY0230,INV0230,FUZZY,AMOUNT_MISMATCH,0,False,POSTED,SUCCESS,AMOUNT_MISMATCH
TXN0231,PAY0231,INV0231,FUZZY,SETTLEMENT_DELAY,1,True,POSTED,SUCCESS,SETTLEMENT_DELAY
TXN0232,PAY0232,INV0232,FUZZY,SETTLEMENT_DELAY,1,True,POSTED,SUCCESS,SETTLEMENT_DELAY
TXN0233,PAY0233,INV0233,FUZZY,AMOUNT_MISMATCH,0,False,POSTED,SUCCESS,AMOUNT_MISMATCH
TXN0234,PAY0234,INV0234,FUZZY,LEDGER_PENDING,0,True,PENDING,SUCCESS,LEDGER_PENDING
TXN0235,PAY0235,INV0235,EXACT,NONE,0,True,POSTED,SUCCESS,CLEAN_MATCH
TXN0236,PAY0236,INV0236,EXACT,NONE,0,True,POSTED,SUCCESS,CLEAN_MATCH
TXN0237,PAY0237,INV0237,EXACT,NONE,0,True,POSTED,SUCCESS,CLEAN_MATCH
TXN0238,PAY0238,INV0238,FUZZY,SETTLEMENT_DELAY,1,True,POSTED,SUCCESS,SETTLEMENT_DELAY
TXN0239,PAY0239,INV0239,EXACT,NONE,0,True,POSTED,SUCCESS,CLEAN_MATCH
TXN0240,PAY0240,INV0240,FUZZY,AMOUNT_MISMATCH,0,False,POSTED,SUCCESS,AMOUNT_MISMATCH
TXN0241,PAY0241,INV0241,FUZZY,SETTLEMENT_DELAY,5,True,POSTED,SUCCESS,SETTLEMENT_DELAY
TXN0242,PAY0242,INV0242,EXACT,NONE,0,True,POSTED,SUCCESS,CLEAN_MATCH
TXN0243,PAY0243,INV0243,FUZZY,SETTLEMENT_DELAY,2,True,POSTED,SUCCESS,SETTLEMENT_DELAY
TXN0244,PAY0244,INV0244,EXACT,NONE,0,True,POSTED,SUCCESS,CLEAN_MATCH
TXN0245,PAY0245,INV0245,EXACT,NONE,0,True,POSTED,SUCCESS,CLEAN_MATCH
TXN0246,PAY0246,INV0246,EXACT,NONE,0,True,POSTED,SUCCESS,CLEAN_MATCH
TXN0247,PAY0247,INV0247,EXACT,NONE,0,True,POSTED,SUCCESS,CLEAN_MATCH
TXN0248,PAY0248,INV0248,FUZZY,SETTLEMENT_DELAY,3,True,POSTED,SUCCESS,SETTLEMENT_DELAY
TXN0249,PAY0249,INV0249,EXACT,NONE,0,True,POSTED,SUCCESS,CLEAN_MATCH
TXN0250,PAY0250,INV0250,FUZZY,SETTLEMENT_DELAY,13,True,POSTED,SUCCESS,SETTLEMENT_DELAY
TXN0251,PAY0251,INV0251,FUZZY,SETTLEMENT_DELAY,2,True,POSTED,SUCCESS,SETTLEMENT_DELAY
TXN0252,PAY0252,INV0252,FUZZY,SETTLEMENT_DELAY,26,True,POSTED,SUCCESS,SETTLEMENT_DELAY
TXN0253,PAY0253,INV0253,EXACT,NONE,0,True,POSTED,SUCCESS,CLEAN_MATCH
TXN0254,PAY0254,INV0254,EXACT,NONE,0,True,POSTED,SUCCESS,CLEAN_MATCH
TXN0255,PAY0255,INV0255,EXACT,NONE,0,True,POSTED,SUCCESS,CLEAN_MATCH
TXN0256,PAY0256,INV0256,EXACT,NONE,0,True,POSTED,SUCCESS,CLEAN_MATCH
TXN0257,PAY0257,INV0257,FUZZY,SETTLEMENT_DELAY,25,True,POSTED,SUCCESS,SETTLEMENT_DELAY
TXN0258,PAY0258,INV0258,FUZZY,SETTLEMENT_DELAY,7,True,POSTED,SUCCESS,SETTLEMENT_DELAY
TXN0259,PAY0259,INV0259,FUZZY,SETTLEMENT_DELAY,121,True,POSTED,SUCCESS,SETTLEMENT_DELAY
TXN0260,PAY0260,INV0260,EXACT,NONE,0,True,POSTED,SUCCESS,CLEAN_MATCH
TXN0261,PAY0261,INV0261,EXACT,NONE,0,True,POSTED,SUCCESS,CLEAN_MATCH
TXN0262,PAY0262,INV0262,FUZZY,SETTLEMENT_DELAY,20,True,POSTED,SUCCESS,SETTLEMENT_DELAY
TXN0263,PAY0263,INV0263,EXACT,NONE,0,True,POSTED,SUCCESS,CLEAN_MATCH
TXN0264,PAY0264,INV0264,FUZZY,SETTLEMENT_DELAY,6,True,POSTED,SUCCESS,SETTLEMENT_DELAY
TXN0265,PAY0265,INV0265,EXACT,NONE,0,True,POSTED,SUCCESS,CLEAN_MATCH
TXN0266,PAY0266,INV0266,EXACT,NONE,0,True,POSTED,SUCCESS,CLEAN_MATCH
TXN0267,PAY0267,INV0267,EXACT,NONE,0,True,POSTED,SUCCESS,CLEAN_MATCH
TXN0268,PAY0268,INV0268,FUZZY,SETTLEMENT_DELAY,6,True,POSTED,SUCCESS,SETTLEMENT_DELAY
TXN0269,PAY0269,INV0269,FUZZY,AMOUNT_MISMATCH,0,False,POSTED,SUCCESS,AMOUNT_MISMATCH
TXN0270,PAY0270,INV0270,FUZZY,SETTLEMENT_DELAY,8,True,POSTED,SUCCESS,SETTLEMENT_DELAY
TXN0271,PAY0271,INV0271,EXACT,NONE,0,True,POSTED,SUCCESS,CLEAN_MATCH
TXN0272,PAY0272,INV0272,FUZZY,SETTLEMENT_DELAY,1,True,POSTED,SUCCESS,SETTLEMENT_DELAY
TXN0273,PAY0273,INV0273,EXACT,NONE,0,True,POSTED,SUCCESS,CLEAN_MATCH
TXN0274,PAY0274,INV0274,EXACT,NONE,0,True,POSTED,SUCCESS,CLEAN_MATCH
TXN0275,PAY0275,INV0275,FUZZY,SETTLEMENT_DELAY,1,True,POSTED,SUCCESS,SETTLEMENT_DELAY
TXN0276,PAY0276,INV0276,FUZZY,SETTLEMENT_DELAY,4,True,POSTED,SUCCESS,SETTLEMENT_DELAY
TXN0277,PAY0277,INV0277,FUZZY,SETTLEMENT_DELAY,1,True,POSTED,SUCCESS,SETTLEMENT_DELAY
TXN0278,PAY0278,INV0278,EXACT,NONE,0,True,POSTED,SUCCESS,CLEAN_MATCH
TXN0279,PAY0279,INV0279,EXACT,NONE,0,True,POSTED,SUCCESS,CLEAN_MATCH
TXN0280,PAY0280,INV0280,EXACT,NONE,0,True,POSTED,SUCCESS,CLEAN_MATCH
TXN0281,PAY0281,INV0281,EXACT,NONE,0,True,POSTED,SUCCESS,CLEAN_MATCH
TXN0282,PAY0282,INV0282,EXACT,NONE,0,True,POSTED,SUCCESS,CLEAN_MATCH
TXN0283,PAY0283,INV0283,FUZZY,SETTLEMENT_DELAY,2,True,POSTED,SUCCESS,SETTLEMENT_DELAY
TXN0284,PAY0284,INV0284,EXACT,NONE,0,True,POSTED,SUCCESS,CLEAN_MATCH
TXN0285,PAY0285,INV0285,FUZZY,SETTLEMENT_DELAY,1,True,POSTED,SUCCESS,SETTLEMENT_DELAY
TXN0286,PAY0286,INV0286,FUZZY,DUPLICATE_PAYMENT,0,True,POSTED,SUCCESS,DUPLICATE_PAYMENT
TXN0287,PAY0287,INV0287,EXACT,NONE,0,True,POSTED,SUCCESS,CLEAN_MATCH
TXN0288,PAY0288,INV0288,FUZZY,SETTLEMENT_DELAY,2,True,POSTED,SUCCESS,SETTLEMENT_DELAY
TXN0289,PAY0289,INV0289,FUZZY,SETTLEMENT_DELAY,5,True,POSTED,SUCCESS,SETTLEMENT_DELAY
TXN0290,PAY0290,INV0290,EXACT,NONE,0,True,POSTED,SUCCESS,CLEAN_MATCH
TXN0291,PAY0291,INV0291,FUZZY,SETTLEMENT_DELAY,3,True,POSTED,SUCCESS,SETTLEMENT_DELAY
TXN0292,PAY0292,INV0292,FUZZY,AMOUNT_MISMATCH,0,False,POSTED,SUCCESS,AMOUNT_MISMATCH
TXN0293,PAY0293,INV0293,EXACT,NONE,0,True,POSTED,SUCCESS,CLEAN_MATCH
TXN0294,PAY0294,INV0294,FUZZY,SETTLEMENT_DELAY,2,True,POSTED,SUCCESS,SETTLEMENT_DELAY
TXN0295,PAY0295,INV0295,EXACT,NONE,0,True,POSTED,SUCCESS,CLEAN_MATCH
TXN0296,PAY0296,INV0296,FUZZY,SETTLEMENT_DELAY,2,True,POSTED,SUCCESS,SETTLEMENT_DELAY
TXN0297,PAY0297,INV0297,EXACT,NONE,0,True,POSTED,SUCCESS,CLEAN_MATCH
TXN0298,PAY0298,INV0298,FUZZY,SETTLEMENT_DELAY,18,True,POSTED,SUCCESS,SETTLEMENT_DELAY
TXN0299,PAY0299,INV0299,FUZZY,SETTLEMENT_DELAY,1,True,POSTED,SUCCESS,SETTLEMENT_DELAY
TXN0300,PAY0300,INV0300,EXACT,NONE,0,True,POSTED,SUCCESS,CLEAN_MATCH
TXN0301,PAY0301,INV0301,FUZZY,SETTLEMENT_DELAY,2,True,POSTED,SUCCESS,SETTLEMENT_DELAY
TXN0302,PAY0302,INV0302,FUZZY,SETTLEMENT_DELAY,20,True,POSTED,SUCCESS,SETTLEMENT_DELAY
TXN0303,PAY0303,INV0303,FUZZY,SETTLEMENT_DELAY,1,True,POSTED,SUCCESS,SETTLEMENT_DELAY
TXN0304,PAY0304,INV0304,EXACT,NONE,0,True,POSTED,SUCCESS,CLEAN_MATCH
TXN0305,PAY0305,INV0305,FUZZY,SETTLEMENT_DELAY,61,True,POSTED,SUCCESS,SETTLEMENT_DELAY
TXN0306,PAY0306,INV0306,FUZZY,SETTLEMENT_DELAY,20,True,POSTED,SUCCESS,SETTLEMENT_DELAY
TXN0307,PAY0307,INV0307,FUZZY,SETTLEMENT_DELAY,1,True,POSTED,SUCCESS,SETTLEMENT_DELAY
TXN0308,PAY0308,INV0308,FUZZY,AMOUNT_MISMATCH,0,False,POSTED,SUCCESS,AMOUNT_MISMATCH
TXN0309,PAY0309,INV0309,EXACT,NONE,0,True,POSTED,SUCCESS,CLEAN_MATCH
TXN0310,PAY0310,INV0310,EXACT,NONE,0,True,POSTED,SUCCESS,CLEAN_MATCH
TXN0311,PAY0311,INV0311,FUZZY,DUPLICATE_PAYMENT,0,True,POSTED,SUCCESS,DUPLICATE_PAYMENT
TXN0312,PAY0312,INV0312,FUZZY,DUPLICATE_PAYMENT,0,True,POSTED,SUCCESS,DUPLICATE_PAYMENT
TXN0313,PAY0313,INV0313,FUZZY,SETTLEMENT_DELAY,2,True,POSTED,SUCCESS,SETTLEMENT_DELAY
TXN0314,PAY0314,INV0314,EXACT,NONE,0,True,POSTED,SUCCESS,CLEAN_MATCH
TXN0315,PAY0315,INV0315,EXACT,NONE,0,True,POSTED,SUCCESS,CLEAN_MATCH
TXN0316,PAY0316,INV0316,EXACT,NONE,0,True,POSTED,SUCCESS,CLEAN_MATCH
TXN0317,PAY0317,INV0317,EXACT,NONE,0,True,POSTED,SUCCESS,CLEAN_MATCH
TXN0318,PAY0318,INV0318,FUZZY,SETTLEMENT_DELAY,2,True,POSTED,SUCCESS,SETTLEMENT_DELAY
TXN0319,PAY0319,INV0319,EXACT,NONE,0,True,POSTED,SUCCESS,CLEAN_MATCH
TXN0320,PAY0320,INV0320,FUZZY,SETTLEMENT_DELAY,12,True,POSTED,SUCCESS,SETTLEMENT_DELAY
TXN0321,PAY0321,INV0321,FUZZY,SETTLEMENT_DELAY,1,True,POSTED,SUCCESS,SETTLEMENT_DELAY
TXN0322,PAY0322,INV0322,FUZZY,SETTLEMENT_DELAY,4,True,POSTED,SUCCESS,SETTLEMENT_DELAY
TXN0323,PAY0323,INV0323,EXACT,NONE,0,True,POSTED,SUCCESS,CLEAN_MATCH
TXN0324,PAY0324,INV0324,EXACT,NONE,0,True,POSTED,SUCCESS,CLEAN_MATCH
TXN0325,PAY0325,INV0325,EXACT,NONE,0,True,POSTED,SUCCESS,CLEAN_MATCH
TXN0326,PAY0326,INV0326,FUZZY,AMOUNT_MISMATCH,0,False,POSTED,SUCCESS,AMOUNT_MISMATCH
TXN0327,PAY0327,INV0327,EXACT,NONE,0,True,POSTED,SUCCESS,CLEAN_MATCH
TXN0328,PAY0328,INV0328,FUZZY,SETTLEMENT_DELAY,1,True,POSTED,SUCCESS,SETTLEMENT_DELAY
TXN0329,PAY0329,INV0329,EXACT,NONE,0,True,POSTED,SUCCESS,CLEAN_MATCH
TXN0330,PAY0330,INV0330,EXACT,NONE,0,True,POSTED,SUCCESS,CLEAN_MATCH
TXN0331,PAY0331,INV0331,EXACT,NONE,0,True,POSTED,SUCCESS,CLEAN_MATCH
TXN0332,PAY0332,INV0332,FUZZY,SETTLEMENT_DELAY,53,True,POSTED,SUCCESS,SETTLEMENT_DELAY
TXN0333,PAY0333,INV0333,EXACT,NONE,0,True,POSTED,SUCCESS,CLEAN_MATCH
TXN0334,PAY0334,INV0334,FUZZY,SETTLEMENT_DELAY,3,True,POSTED,SUCCESS,SETTLEMENT_DELAY
TXN0335,PAY0335,INV0335,EXACT,NONE,0,True,POSTED,SUCCESS,CLEAN_MATCH
TXN0336,PAY0336,INV0336,FUZZY,DUPLICATE_PAYMENT,0,True,POSTED,SUCCESS,DUPLICATE_PAYMENT
TXN0337,PAY0337,INV0337,FUZZY,AMOUNT_MISMATCH,0,False,POSTED,SUCCESS,AMOUNT_MISMATCH
TXN0338,PAY0338,INV0338,EXACT,NONE,0,True,POSTED,SUCCESS,CLEAN_MATCH
TXN0339,PAY0339,INV0339,FUZZY,SETTLEMENT_DELAY,1,True,POSTED,SUCCESS,SETTLEMENT_DELAY
TXN0340,PAY0340,INV0340,FUZZY,SETTLEMENT_DELAY,37,True,POSTED,SUCCESS,SETTLEMENT_DELAY
TXN0341,PAY0341,INV0341,FUZZY,SETTLEMENT_DELAY,1,True,POSTED,SUCCESS,SETTLEMENT_DELAY
TXN0342,PAY0342,INV0342,FUZZY,SETTLEMENT_DELAY,1,True,POSTED,SUCCESS,SETTLEMENT_DELAY
TXN0343,PAY0343,INV0343,FUZZY,AMOUNT_MISMATCH,0,False,POSTED,SUCCESS,AMOUNT_MISMATCH
TXN0344,PAY0344,INV0344,FUZZY,SETTLEMENT_DELAY,4,True,POSTED,SUCCESS,SETTLEMENT_DELAY
TXN0345,PAY0345,INV0345,EXACT,NONE,0,True,POSTED,SUCCESS,CLEAN_MATCH
TXN0346,PAY0346,INV0346,EXACT,NONE,0,True,POSTED,SUCCESS,CLEAN_MATCH
TXN0347,PAY0347,INV0347,EXACT,NONE,0,True,POSTED,SUCCESS,CLEAN_MATCH
TXN0348,PAY0348,INV0348,FUZZY,SETTLEMENT_DELAY,5,True,POSTED,SUCCESS,SETTLEMENT_DELAY
TXN0349,PAY0349,INV0349,FUZZY,DUPLICATE_PAYMENT,0,True,POSTED,SUCCESS,DUPLICATE_PAYMENT
TXN0350,PAY0350,INV0350,FUZZY,SETTLEMENT_DELAY,2,True,POSTED,SUCCESS,SETTLEMENT_DELAY
TXN0351,PAY0351,INV0351,FUZZY,SETTLEMENT_DELAY,2,True,POSTED,SUCCESS,SETTLEMENT_DELAY
TXN0352,PAY0352,INV0352,FUZZY,SETTLEMENT_DELAY,2,True,POSTED,SUCCESS,SETTLEMENT_DELAY
TXN0353,PAY0353,INV0353,FUZZY,SETTLEMENT_DELAY,1,True,POSTED,SUCCESS,SETTLEMENT_DELAY
TXN0354,PAY0354,INV0354,FUZZY,SETTLEMENT_DELAY,1,True,POSTED,SUCCESS,SETTLEMENT_DELAY
TXN0355,PAY0355,INV0355,EXACT,NONE,0,True,POSTED,SUCCESS,CLEAN_MATCH
TXN0356,PAY0356,INV0356,EXACT,NONE,0,True,POSTED,SUCCESS,CLEAN_MATCH
TXN0357,PAY0357,INV0357,EXACT,NONE,0,True,POSTED,SUCCESS,CLEAN_MATCH
TXN0358,PAY0358,INV0358,FUZZY,SETTLEMENT_DELAY,2,True,POSTED,SUCCESS,SETTLEMENT_DELAY
TXN0359,PAY0359,INV0359,FUZZY,LEDGER_PENDING,0,True,PENDING,SUCCESS,LEDGER_PENDING
TXN0360,PAY0360,INV0360,FUZZY,DUPLICATE_PAYMENT,0,True,POSTED,SUCCESS,DUPLICATE_PAYMENT
TXN0361,PAY0361,INV0361,FUZZY,SETTLEMENT_DELAY,2,True,POSTED,SUCCESS,SETTLEMENT_DELAY
TXN0362,PAY0362,INV0362,FUZZY,SETTLEMENT_DELAY,4,True,POSTED,SUCCESS,SETTLEMENT_DELAY
TXN0363,PAY0363,INV0363,EXACT,NONE,0,True,POSTED,SUCCESS,CLEAN_MATCH
TXN0364,PAY0364,INV0364,EXACT,NONE,0,True,POSTED,SUCCESS,CLEAN_MATCH
TXN0365,PAY0365,INV0365,EXACT,NONE,0,True,POSTED,SUCCESS,CLEAN_MATCH
TXN0366,PAY0366,INV0366,EXACT,NONE,0,True,POSTED,SUCCESS,CLEAN_MATCH
TXN0367,PAY0367,INV0367,EXACT,NONE,0,True,POSTED,SUCCESS,CLEAN_MATCH
TXN0368,PAY0368,INV0368,EXACT,NONE,0,True,POSTED,SUCCESS,CLEAN_MATCH
TXN0369,PAY0369,INV0369,FUZZY,SETTLEMENT_DELAY,1,True,POSTED,SUCCESS,SETTLEMENT_DELAY
TXN0370,PAY0370,INV0370,FUZZY,SETTLEMENT_DELAY,22,True,POSTED,SUCCESS,SETTLEMENT_DELAY
TXN0371,PAY0371,INV0371,FUZZY,SETTLEMENT_DELAY,73,True,POSTED,SUCCESS,SETTLEMENT_DELAY
TXN0372,PAY0372,INV0372,FUZZY,SETTLEMENT_DELAY,6,True,POSTED,SUCCESS,SETTLEMENT_DELAY
TXN0373,PAY0373,INV0373,FUZZY,SETTLEMENT_DELAY,2,True,POSTED,SUCCESS,SETTLEMENT_DELAY
TXN0374,PAY0374,INV0374,NONE,PAYMENT_FAILED,0,True,POSTED,FAILED,PAYMENT_FAILED
TXN0375,PAY0375,INV0375,FUZZY,LEDGER_PENDING,0,True,PENDING,SUCCESS,LEDGER_PENDING
TXN0376,PAY0376,INV0376,EXACT,NONE,0,True,POSTED,SUCCESS,CLEAN_MATCH
TXN0377,PAY0377,INV0377,FUZZY,SETTLEMENT_DELAY,3,True,POSTED,SUCCESS,SETTLEMENT_DELAY
TXN0378,PAY0378,INV0378,FUZZY,SETTLEMENT_DELAY,1,True,POSTED,SUCCESS,SETTLEMENT_DELAY
TXN0379,PAY0379,INV0379,FUZZY,SETTLEMENT_DELAY,1,True,POSTED,SUCCESS,SETTLEMENT_DELAY
TXN0380,PAY0380,INV0380,FUZZY,DUPLICATE_PAYMENT,0,True,POSTED,SUCCESS,DUPLICATE_PAYMENT
TXN0381,PAY0381,INV0381,FUZZY,SETTLEMENT_DELAY,1,True,POSTED,SUCCESS,SETTLEMENT_DELAY
TXN0382,PAY0382,INV0382,FUZZY,SETTLEMENT_DELAY,7,True,POSTED,SUCCESS,SETTLEMENT_DELAY
TXN0383,PAY0383,INV0383,FUZZY,SETTLEMENT_DELAY,19,True,POSTED,SUCCESS,SETTLEMENT_DELAY
TXN0384,PAY0384,INV0384,FUZZY,SETTLEMENT_DELAY,7,True,POSTED,SUCCESS,SETTLEMENT_DELAY
TXN0385,PAY0385,INV0385,FUZZY,SETTLEMENT_DELAY,1,True,POSTED,SUCCESS,SETTLEMENT_DELAY
TXN0386,PAY0386,INV0386,FUZZY,SETTLEMENT_DELAY,4,True,POSTED,SUCCESS,SETTLEMENT_DELAY
TXN0387,PAY0387,INV0387,FUZZY,SETTLEMENT_DELAY,1,True,POSTED,SUCCESS,SETTLEMENT_DELAY
TXN0388,PAY0388,INV0388,EXACT,NONE,0,True,POSTED,SUCCESS,CLEAN_MATCH
TXN0389,PAY0389,INV0389,EXACT,NONE,0,True,POSTED,SUCCESS,CLEAN_MATCH
TXN0390,PAY0390,INV0390,FUZZY,SETTLEMENT_DELAY,2,True,POSTED,SUCCESS,SETTLEMENT_DELAY
TXN0391,PAY0391,INV0391,FUZZY,DUPLICATE_PAYMENT,0,True,POSTED,SUCCESS,DUPLICATE_PAYMENT
TXN0392,PAY0392,INV0392,FUZZY,SETTLEMENT_DELAY,1,True,POSTED,SUCCESS,SETTLEMENT_DELAY
TXN0393,PAY0393,INV0393,FUZZY,SETTLEMENT_DELAY,2,True,POSTED,SUCCESS,SETTLEMENT_DELAY
TXN0394,PAY0394,INV0394,NONE,PAYMENT_FAILED,0,True,POSTED,FAILED,PAYMENT_FAILED
TXN0395,PAY0395,INV0395,FUZZY,SETTLEMENT_DELAY,3,True,POSTED,SUCCESS,SETTLEMENT_DELAY
TXN0396,PAY0396,INV0396,NONE,PAYMENT_FAILED,0,True,POSTED,FAILED,PAYMENT_FAILED
TXN0397,PAY0397,INV0397,FUZZY,SETTLEMENT_DELAY,6,True,POSTED,SUCCESS,SETTLEMENT_DELAY
TXN0398,PAY0398,INV0398,FUZZY,SETTLEMENT_DELAY,1,True,POSTED,SUCCESS,SETTLEMENT_DELAY
TXN0399,PAY0399,INV0399,FUZZY,DUPLICATE_PAYMENT,0,True,POSTED,SUCCESS,DUPLICATE_PAYMENT
TXN0400,PAY0400,INV0400,EXACT,NONE,0,True,POSTED,SUCCESS,CLEAN_MATCH
TXN0401,PAY0401,INV0401,EXACT,NONE,0,True,POSTED,SUCCESS,CLEAN_MATCH
TXN0402,PAY0402,INV0402,FUZZY,SETTLEMENT_DELAY,20,True,POSTED,SUCCESS,SETTLEMENT_DELAY
TXN0403,PAY0403,INV0403,NONE,PAYMENT_FAILED,0,True,POSTED,FAILED,PAYMENT_FAILED
TXN0404,PAY0404,INV0404,FUZZY,SETTLEMENT_DELAY,2,True,POSTED,SUCCESS,SETTLEMENT_DELAY
TXN0405,PAY0405,INV0405,FUZZY,DUPLICATE_PAYMENT,0,True,POSTED,SUCCESS,DUPLICATE_PAYMENT
TXN0406,PAY0406,INV0406,FUZZY,SETTLEMENT_DELAY,1,True,POSTED,SUCCESS,SETTLEMENT_DELAY
TXN0407,PAY0407,INV0407,FUZZY,DUPLICATE_PAYMENT,0,True,POSTED,SUCCESS,DUPLICATE_PAYMENT
TXN0408,PAY0408,INV0408,FUZZY,SETTLEMENT_DELAY,1,True,POSTED,SUCCESS,SETTLEMENT_DELAY
TXN0409,PAY0409,INV0409,FUZZY,SETTLEMENT_DELAY,2,True,POSTED,SUCCESS,SETTLEMENT_DELAY
TXN0410,PAY0410,INV0410,FUZZY,LEDGER_PENDING,0,True,PENDING,SUCCESS,LEDGER_PENDING
TXN0411,PAY0411,INV0411,EXACT,NONE,0,True,POSTED,SUCCESS,CLEAN_MATCH
TXN0412,PAY0412,INV0412,FUZZY,SETTLEMENT_DELAY,2,True,POSTED,SUCCESS,SETTLEMENT_DELAY
TXN0413,PAY0413,INV0413,FUZZY,DUPLICATE_PAYMENT,0,True,POSTED,SUCCESS,DUPLICATE_PAYMENT
TXN0414,PAY0414,INV0414,NONE,PAYMENT_FAILED,0,True,POSTED,FAILED,PAYMENT_FAILED
TXN0415,PAY0415,INV0415,NONE,PAYMENT_FAILED,0,True,POSTED,FAILED,PAYMENT_FAILED
TXN0416,PAY0416,INV0416,FUZZY,LEDGER_PENDING,0,True,PENDING,SUCCESS,LEDGER_PENDING
TXN0417,PAY0417,INV0417,FUZZY,SETTLEMENT_DELAY,47,True,POSTED,SUCCESS,SETTLEMENT_DELAY
TXN0418,PAY0418,INV0418,FUZZY,SETTLEMENT_DELAY,1,True,POSTED,SUCCESS,SETTLEMENT_DELAY
TXN0419,PAY0419,INV0419,FUZZY,SETTLEMENT_DELAY,1,True,POSTED,SUCCESS,SETTLEMENT_DELAY
TXN0420,PAY0420,INV0420,EXACT,NONE,0,True,POSTED,SUCCESS,CLEAN_MATCH
TXN0421,PAY0421,INV0421,FUZZY,SETTLEMENT_DELAY,2,True,POSTED,SUCCESS,SETTLEMENT_DELAY
TXN0422,PAY0422,INV0422,FUZZY,SETTLEMENT_DELAY,2,True,POSTED,SUCCESS,SETTLEMENT_DELAY
TXN0423,PAY0423,INV0423,FUZZY,SETTLEMENT_DELAY,1,True,POSTED,SUCCESS,SETTLEMENT_DELAY
TXN0424,PAY0424,INV0424,FUZZY,SETTLEMENT_DELAY,2,True,POSTED,SUCCESS,SETTLEMENT_DELAY
TXN0425,PAY0425,INV0425,EXACT,NONE,0,True,POSTED,SUCCESS,CLEAN_MATCH
TXN0426,PAY0426,INV0426,FUZZY,SETTLEMENT_DELAY,2,True,POSTED,SUCCESS,SETTLEMENT_DELAY
TXN0427,PAY0427,INV0427,FUZZY,SETTLEMENT_DELAY,1,True,POSTED,SUCCESS,SETTLEMENT_DELAY
TXN0428,PAY0428,INV0428,EXACT,NONE,0,True,POSTED,SUCCESS,CLEAN_MATCH
TXN0429,PAY0429,INV0429,EXACT,NONE,0,True,POSTED,SUCCESS,CLEAN_MATCH
TXN0430,PAY0430,INV0430,FUZZY,SETTLEMENT_DELAY,6,True,POSTED,SUCCESS,SETTLEMENT_DELAY
TXN0431,PAY0431,INV0431,EXACT,NONE,0,True,POSTED,SUCCESS,CLEAN_MATCH
TXN0432,PAY0432,INV0432,EXACT,NONE,0,True,POSTED,SUCCESS,CLEAN_MATCH
TXN0433,PAY0433,INV0433,FUZZY,SETTLEMENT_DELAY,2,True,POSTED,SUCCESS,SETTLEMENT_DELAY
TXN0434,PAY0434,INV0434,FUZZY,SETTLEMENT_DELAY,5,True,POSTED,SUCCESS,SETTLEMENT_DELAY
TXN0435,PAY0435,INV0435,FUZZY,SETTLEMENT_DELAY,5,True,POSTED,SUCCESS,SETTLEMENT_DELAY
TXN0436,PAY0436,INV0436,FUZZY,SETTLEMENT_DELAY,7,True,POSTED,SUCCESS,SETTLEMENT_DELAY
TXN0437,PAY0437,INV0437,EXACT,NONE,0,True,POSTED,SUCCESS,CLEAN_MATCH
TXN0438,PAY0438,INV0438,FUZZY,SETTLEMENT_DELAY,2,True,POSTED,SUCCESS,SETTLEMENT_DELAY
TXN0439,PAY0439,INV0439,FUZZY,AMOUNT_MISMATCH,0,False,POSTED,SUCCESS,AMOUNT_MISMATCH
TXN0440,PAY0440,INV0440,EXACT,NONE,0,True,POSTED,SUCCESS,CLEAN_MATCH
TXN0441,PAY0441,INV0441,FUZZY,SETTLEMENT_DELAY,1,True,POSTED,SUCCESS,SETTLEMENT_DELAY
TXN0442,PAY0442,INV0442,FUZZY,SETTLEMENT_DELAY,2,True,POSTED,SUCCESS,SETTLEMENT_DELAY
TXN0443,PAY0443,INV0443,EXACT,NONE,0,True,POSTED,SUCCESS,CLEAN_MATCH
TXN0444,PAY0444,INV0444,EXACT,NONE,0,True,POSTED,SUCCESS,CLEAN_MATCH
TXN0445,PAY0445,INV0445,FUZZY,SETTLEMENT_DELAY,5,True,POSTED,SUCCESS,SETTLEMENT_DELAY
TXN0446,PAY0446,INV0446,EXACT,NONE,0,True,POSTED,SUCCESS,CLEAN_MATCH
TXN0447,PAY0447,INV0447,FUZZY,SETTLEMENT_DELAY,1,True,POSTED,SUCCESS,SETTLEMENT_DELAY
TXN0448,PAY0448,INV0448,PARTIAL,PAYMENT_REFUNDED,0,True,POSTED,REFUNDED,PAYMENT_REFUNDED
TXN0449,PAY0449,INV0449,FUZZY,SETTLEMENT_DELAY,22,True,POSTED,SUCCESS,SETTLEMENT_DELAY
TXN0450,PAY0450,INV0450,EXACT,NONE,0,True,POSTED,SUCCESS,CLEAN_MATCH
TXN0451,PAY0451,INV0451,FUZZY,SETTLEMENT_DELAY,47,True,POSTED,SUCCESS,SETTLEMENT_DELAY
TXN0452,PAY0452,INV0452,EXACT,NONE,0,True,POSTED,SUCCESS,CLEAN_MATCH
TXN0453,PAY0453,INV0453,EXACT,NONE,0,True,POSTED,SUCCESS,CLEAN_MATCH
TXN0454,PAY0454,INV0454,EXACT,NONE,0,True,POSTED,SUCCESS,CLEAN_MATCH
TXN0455,PAY0455,INV0455,FUZZY,SETTLEMENT_DELAY,2,True,POSTED,SUCCESS,SETTLEMENT_DELAY
TXN0456,PAY0456,INV0456,EXACT,NONE,0,True,POSTED,SUCCESS,CLEAN_MATCH
TXN0457,PAY0457,INV0457,EXACT,NONE,0,True,POSTED,SUCCESS,CLEAN_MATCH
TXN0458,PAY0458,INV0458,FUZZY,SETTLEMENT_DELAY,7,True,POSTED,SUCCESS,SETTLEMENT_DELAY
TXN0459,PAY0459,INV0459,FUZZY,LEDGER_PENDING,0,True,PENDING,SUCCESS,LEDGER_PENDING
TXN0460,PAY0460,INV0460,FUZZY,SETTLEMENT_DELAY,3,True,POSTED,SUCCESS,SETTLEMENT_DELAY
TXN0461,PAY0461,INV0461,FUZZY,AMOUNT_MISMATCH,0,False,POSTED,SUCCESS,AMOUNT_MISMATCH
TXN0462,PAY0462,INV0462,FUZZY,SETTLEMENT_DELAY,52,True,POSTED,SUCCESS,SETTLEMENT_DELAY
TXN0463,PAY0463,INV0463,EXACT,NONE,0,True,POSTED,SUCCESS,CLEAN_MATCH
TXN0464,PAY0464,INV0464,FUZZY,SETTLEMENT_DELAY,2,True,POSTED,SUCCESS,SETTLEMENT_DELAY
TXN0465,PAY0465,INV0465,EXACT,NONE,0,True,POSTED,SUCCESS,CLEAN_MATCH
TXN0466,PAY0466,INV0466,FUZZY,SETTLEMENT_DELAY,57,True,POSTED,SUCCESS,SETTLEMENT_DELAY
TXN0467,PAY0467,INV0467,EXACT,NONE,0,True,POSTED,SUCCESS,CLEAN_MATCH
TXN0468,PAY0468,INV0468,EXACT,NONE,0,True,POSTED,SUCCESS,CLEAN_MATCH
TXN0469,PAY0469,INV0469,EXACT,NONE,0,True,POSTED,SUCCESS,CLEAN_MATCH
TXN0470,PAY0470,INV0470,FUZZY,SETTLEMENT_DELAY,2,True,POSTED,SUCCESS,SETTLEMENT_DELAY
TXN0471,PAY0471,INV0471,EXACT,NONE,0,True,POSTED,SUCCESS,CLEAN_MATCH
TXN0472,PAY0472,INV0472,EXACT,NONE,0,True,POSTED,SUCCESS,CLEAN_MATCH
TXN0473,PAY0473,INV0473,FUZZY,SETTLEMENT_DELAY,2,True,POSTED,SUCCESS,SETTLEMENT_DELAY
TXN0474,PAY0474,INV0474,FUZZY,SETTLEMENT_DELAY,2,True,POSTED,SUCCESS,SETTLEMENT_DELAY
TXN0475,PAY0475,INV0475,FUZZY,SETTLEMENT_DELAY,10,True,POSTED,SUCCESS,SETTLEMENT_DELAY
TXN0476,PAY0476,INV0476,FUZZY,SETTLEMENT_DELAY,10,True,POSTED,SUCCESS,SETTLEMENT_DELAY
TXN0477,PAY0477,INV0477,FUZZY,SETTLEMENT_DELAY,1,True,POSTED,SUCCESS,SETTLEMENT_DELAY
TXN0478,PAY0478,INV0478,FUZZY,SETTLEMENT_DELAY,30,True,POSTED,SUCCESS,SETTLEMENT_DELAY
TXN0479,PAY0479,INV0479,FUZZY,SETTLEMENT_DELAY,10,True,POSTED,SUCCESS,SETTLEMENT_DELAY
TXN0480,PAY0480,INV0480,FUZZY,SETTLEMENT_DELAY,4,True,POSTED,SUCCESS,SETTLEMENT_DELAY
TXN0481,PAY0481,INV0481,FUZZY,DUPLICATE_PAYMENT,0,True,POSTED,SUCCESS,DUPLICATE_PAYMENT
TXN0482,PAY0482,INV0482,FUZZY,SETTLEMENT_DELAY,2,True,POSTED,SUCCESS,SETTLEMENT_DELAY
TXN0483,PAY0483,INV0483,FUZZY,SETTLEMENT_DELAY,1,True,POSTED,SUCCESS,SETTLEMENT_DELAY
TXN0484,PAY0484,INV0484,FUZZY,SETTLEMENT_DELAY,10,True,POSTED,SUCCESS,SETTLEMENT_DELAY
TXN0485,PAY0485,INV0485,FUZZY,SETTLEMENT_DELAY,1,True,POSTED,SUCCESS,SETTLEMENT_DELAY
TXN0486,PAY0486,INV0486,FUZZY,SETTLEMENT_DELAY,1,True,POSTED,SUCCESS,SETTLEMENT_DELAY
TXN0487,PAY0487,INV0487,FUZZY,SETTLEMENT_DELAY,1,True,POSTED,SUCCESS,SETTLEMENT_DELAY
TXN0488,PAY0488,INV0488,FUZZY,SETTLEMENT_DELAY,2,True,POSTED,SUCCESS,SETTLEMENT_DELAY
TXN0489,PAY0489,INV0489,FUZZY,AMOUNT_MISMATCH,0,False,POSTED,SUCCESS,AMOUNT_MISMATCH
TXN0490,PAY0490,INV0490,EXACT,NONE,0,True,POSTED,SUCCESS,CLEAN_MATCH
TXN0491,PAY0491,INV0491,FUZZY,DUPLICATE_PAYMENT,0,True,POSTED,SUCCESS,DUPLICATE_PAYMENT
TXN0492,PAY0492,INV0492,EXACT,NONE,0,True,POSTED,SUCCESS,CLEAN_MATCH
TXN0493,PAY0493,INV0493,PARTIAL,PAYMENT_REFUNDED,0,True,POSTED,REFUNDED,PAYMENT_REFUNDED
TXN0494,PAY0494,INV0494,FUZZY,DUPLICATE_PAYMENT,0,True,POSTED,SUCCESS,DUPLICATE_PAYMENT
TXN0495,PAY0495,INV0495,FUZZY,SETTLEMENT_DELAY,3,True,POSTED,SUCCESS,SETTLEMENT_DELAY
TXN0496,PAY0496,INV0496,FUZZY,SETTLEMENT_DELAY,2,True,POSTED,SUCCESS,SETTLEMENT_DELAY
TXN0497,PAY0497,INV0497,NONE,PAYMENT_FAILED,0,True,POSTED,FAILED,PAYMENT_FAILED
TXN0498,PAY0498,INV0498,FUZZY,SETTLEMENT_DELAY,2,True,POSTED,SUCCESS,SETTLEMENT_DELAY
TXN0499,PAY0499,INV0499,EXACT,NONE,0,True,POSTED,SUCCESS,CLEAN_MATCH
TXN0500,PAY0500,INV0500,EXACT,NONE,0,True,POSTED,SUCCESS,CLEAN_MATCH
